Lookup Key,Duty % only,PAL % only,SSCL % only,Cess % only,Surcharge % only,Dual % and unit,Total Per unit charge,VAT %,,,
0101.21,0.095,0,0.025,0,0,,0,0.18,,,
0101.29,0,0,0.025,0,0,,0,0.18,,,
0101.30,0,0,0.025,0,0,,0,0.18,,,
0101.90,0,0,0.025,0,0,,0,0.18,,,
0102.21,0,0,0,0,0,,0,0.18,,,
0102.29,0,0,0.025,0,0,,0,0.18,,,
0102.31,0,0,0.025,0,0,,0,0.18,,,
0102.39,0,0,0.025,0,0,,0,0.18,,,
0102.90,0,0,0.025,0,0,,0,0.18,,,
0103.10,0,0,0.025,0,0,,0,0.18,,,
0103.91,0.3,0,0.025,0,0,,0,0.18,,,
0103.92,0.2,0,0.025,0,0,,0,0.18,,,
0104.10.10,0,0,0.025,0,0,,0,0.18,,,
0104.10.90,0.25,0,0.025,0,0,,0,0.18,,,
0104.20.10,0,0,0,0,0,,0,0.18,,,
0104.20.90,0,0,0.025,0,0,,0,0.18,,,
0105.11.10,0,0,0.025,0,0,,0,0.18,,,
0105.11.20,0,0,0.025,0,0,,0,0.18,,,
0105.11.90,0,0,0.025,0,0,,0,0.18,,,
0105.12.10,0,0,0.025,0,0,,0,0.18,,,
0105.12.90,0,0,0.025,0,0,,0,0.18,,,
0105.13.10,0,0,0.025,0,0,,0,0.18,,,
0105.13.90,0,0,0.025,0,0,,0,0.18,,,
0105.14.10,0,0,0.025,0,0,,0,0.18,,,
0105.14.90,0,0,0.025,0,0,,0,0.18,,,
0105.15.10,0,0,0.025,0,0,,0,0.18,,,
0105.15.90,0,0,0.025,0,0,,0,0.18,,,
0105.94,0,0,0.025,0,0,,0,0.18,,,
0105.99,0,0,0.025,0,0,,0,0.18,,,
0106.11,0.1,0,0.025,0,0,,0,0.18,,,
0106.12,0.1,0,0.025,0,0,,0,0.18,,,
0106.13,0.1,0,0.025,0,0,,0,0.18,,,
0106.14,0.1,0,0.025,0,0,,0,0.18,,,
0106.19.10,0.1,0,0.025,0,0,,0,0.18,,,
0106.19.20,0.1,0,0.025,0,0,,0,0.18,,,
0106.19.90,0.1,0,0.025,0,0,,0,0.18,,,
0106.20,0.1,0,0.025,0,0,,0,0.18,,,
0106.31,0.1,0,0.025,0,0,,0,0.18,,,
0106.32,0.1,0,0.025,0,0,,0,0.18,,,
0106.33,0.1,0,0.025,0,0,,0,0.18,,,
0106.39,0.1,0,0.025,0,0,,0,0.18,,,
0106.41,0.1,0,0.025,0,0,,0,0.18,,,
0106.49,0.1,0,0.025,0,0,,0,0.18,,,
0106.90,0.1,0,0.025,0,0,,0,0.18,,,
0201.10,0.25,0,0.025,0,0,,0,0.18,,,
0201.20,0.25,0,0.025,0,0,,0,0.18,,,
0201.30,0.25,0,0.025,0,0,,0,0.18,,,
0202.10,0.25,0,0.025,0,0,,0,0.18,,,
0202.20,0.25,0.16,0.025,0,0,,0,0.18,,,
0202.30,0.25,0.16,0.025,0,0,,0,0.18,,,
0203.11,0.2,0,0.025,0,0,,0,0.18,,,
0203.12,0.2,0,0.025,0,0,,0,0.18,,,
0203.19,0.2,0,0.025,0,0,,0,0.18,,,
0203.21,0.2,0,0.025,0,0,,0,0.18,,,
0203.22,0.2,0.16,0.025,0,0,,0,0.18,,,
0203.29,0.2,0,0.025,0,0,,0,0.18,,,
0204.10,0.2,0,0.025,0,0,,0,0.18,,,
0204.21,0.2,0,0.025,0,0,,0,0.18,,,
0204.22,0.2,0,0.025,0,0,,0,0.18,,,
0204.23,0.2,0,0.025,0,0,,0,0.18,,,
0204.30,0.2,0.16,0.025,0,0,,0,0.18,,,
0204.41,0.2,0.16,0.025,0,0,,0,0.18,,,
0204.42,0.2,0.16,0.025,0,0,,0,0.18,,,
0204.43,0.2,0.16,0.025,0,0,,0,0.18,,,
0204.50,0.2,0.16,0.025,0.1,0,,0,0.18,,,
0205.00,0.25,0,0.025,0,0,,0,0.18,,,
0206.10,0.25,0.16,0.025,0,0,,0,0.18,,,
0206.21,0.25,0,0.025,0,0,,0,0.18,,,
0206.22,0.3,0,0.025,0,0,,0,0.18,,,
0206.29,0.25,0,0.025,0,0,,0,0.18,,,
0206.30,0.2,0,0.025,0,0,,0,0.18,,,
0206.41,0.2,0,0.025,0,0,,0,0.18,,,
0206.49,0.2,0,0.025,0,0,,0,0.18,,,
0206.80,0.2,0,0.025,0,0,,0,0.18,,,
0206.90,0.2,0,0.025,0,0,,0,0.18,,,
0207.11,0,0,0.025,0,0,,220,0.18,,,
0207.12,0,0,0.025,0,0,,220,0.18,,,
0207.13,0,0,0.025,0,0,,220,0.18,,,
0207.14,0,0,0.025,0,0,,220,0.18,,,
0207.24,0.2,0,0.025,0.1,0,,0,0.18,,,
0207.25,0.2,0.1,0.025,0.1,0,,0,0.18,,,
0207.26,0.2,0,0.025,0.1,0,,0,0.18,,,
0207.27,0.25,0,0.025,0.1,0,,0,0.18,,,
0207.41,0.2,0,0.025,0.1,0,,0,0.18,,,
0207.42,0.2,0.1,0.025,0.1,0,,0,0.18,,,
0207.43,0.2,0,0.025,0.1,0,,0,0.18,,,
0207.44,0.2,0,0.025,0.1,0,,0,0.18,,,
0207.45,0.2,0,0.025,0.1,0,,0,0.18,,,
0207.51,0.2,0,0.025,0.1,0,,0,0.18,,,
0207.52,0.2,0,0.025,0.1,0,,0,0.18,,,
0207.53,0.2,0,0.025,0.1,0,,0,0.18,,,
0207.54,0.2,0,0.025,0.1,0,,0,0.18,,,
0207.55,0.2,0,0.025,0.1,0,,0,0.18,,,
0207.60,0.2,0,0.025,0.1,0,,0,0.18,,,
0208.10,0.48,0,0.025,0,0,,0,0.18,,,
0208.30,0.3,0,0.025,0,0,,0,0.18,,,
0208.40,0.3,0,0.025,0,0,,0,0.18,,,
0208.50,0.3,0,0.025,0,0,,0,0.18,,,
0208.60,0.3,0,0.025,0,0,,0,0.18,,,
0208.90,0,0,0,0,0,,0,0,,,
0208.90.10,0.3,0,0.025,0,0,,0,0.18,,,
0208.90.90,0.3,0,0.025,0,0,,0,0.18,,,
0209.10,0.25,0,0.025,0,0,,0,0.18,,,
0209.90,0.25,0,0.025,0,0,,0,0.18,,,
0210.11,0.3,0,0.025,0.1,0,,0,0.18,,,
0210.12,0.3,0.1,0.025,0.1,0,,0,0.18,,,
0210.19,0.3,0,0.025,0.1,0,,0,0,,,
0210.20,0.3,0,0.025,0.1,0,,0,0.18,,,
0210.91,0.3,0,0.025,0,0,,0,0.18,,,
0210.92,0.3,0,0.025,0,0,,0,0.18,,,
0210.93,0.3,0,0.025,0,0,,0,0.18,,,
0210.99,0.3,0,0.025,0.1,0,,0,0.18,,,
0301.11.10,0,0,0.025,0,0,,0,0.18,,,
0301.11.90,0,0.16,0.025,0,0,,0,0.18,,,
0301.19.10,0,0,0.025,0,0,,0,0.18,,,
0301.19.90,0,0.16,0.025,0,0,,0,0.18,,,
0301.91,0,0,0.025,0,0,,0,0.18,,,
0301.92,0,0,0.025,0,0,,0,0.18,,,
0301.93,0,0.16,0.025,0,0,,0,0.18,,,
0301.94,0,0,0.025,0,0,,0,0.18,,,
0301.95,0,0,0.025,0,0,,0,0.18,,,
0301.99,0,0.16,0.025,0,0,,0,0.18,,,
0302.11,0.295,0,0.025,0,0,,0,0.18,,,
0302.13,0.295,0,0.025,0,0,,0,0.18,,,
0302.14,0.295,0,0.025,0,0,,0,0.18,,,
0302.19,0.295,0,0.025,0,0,,0,0.18,,,
0302.21,0.295,0,0.025,0,0,,0,0.18,,,
0302.22,0.295,0,0.025,0,0,,0,0.18,,,
0302.23,0.295,0,0.025,0,0,,0,0.18,,,
0302.24,0.295,0,0.025,0,0,,0,0.18,,,
0302.29,0.295,0,0.025,0,0,,0,0.18,,,
0302.31,0.295,0,0.025,0,0,,0,0.18,,,
0302.32,0.295,0,0.025,0,0,,0,0.18,,,
0302.33,0.295,0,0.025,0,0,,0,0.18,,,
0302.34,0.295,0,0.025,0,0,,0,0.18,,,
0302.35,0.295,0,0.025,0,0,,0,0.18,,,
0302.36,0.295,0,0.025,0,0,,0,0.18,,,
0302.39,0.295,0,0.025,0,0,,0,0.18,,,
0302.41,0.295,0,0.025,0,0,,0,0.18,,,
0302.42,0.295,0,0.025,0,0,,0,0.18,,,
0302.43,0.295,0,0.025,0,0,,0,0.18,,,
0302.44,0.295,0,0.025,0,0,,0,0.18,,,
0302.45,0.295,0,0.025,0,0,,0,0.18,,,
0302.46,0.295,0,0.025,0,0,,0,0.18,,,
0302.47,0.295,0,0.025,0,0,,0,0.18,,,
0302.49,0.2,0,0.025,0,0,,0,0.18,,,
0302.51,0.295,0,0.025,0,0,,0,0.18,,,
0302.52,0.295,0,0.025,0,0,,0,0.18,,,
0302.53,0.295,0,0.025,0,0,,0,0.18,,,
0302.54,0.295,0,0.025,0,0,,0,0.18,,,
0302.55,0.295,0,0.025,0,0,,0,0.18,,,
0302.56,0.295,0,0.025,0,0,,0,0.18,,,
0302.59,0.295,0,0.025,0,0,,0,0.18,,,
0302.71,0.295,0,0.025,0,0,,0,0.18,,,
0302.72,0.295,0,0.025,0,0,,0,0.18,,,
0302.73,0.295,0,0.025,0,0,,0,0.18,,,
0302.74,0.295,0,0.025,0,0,,0,0.18,,,
0302.79,0.295,0,0.025,0,0,,0,0.18,,,
0302.81,0.295,0,0.025,0,0,,0,0.18,,,
0302.82,0.295,0,0.025,0,0,,0,0.18,,,
0302.83,0.295,0,0.025,0,0,,0,0.18,,,
0302.84,0.295,0,0.025,0,0,,0,0.18,,,
0302.85,0.295,0,0.025,0,0,,0,0.18,,,
0302.89.10,0.295,0,0.025,0,0,,0,0.18,,,
0302.89.90,0.295,0,0.025,0,0,,0,0.18,,,
0302.91,0.295,0,0.025,0,0,,0,0.18,,,
0302.92,0.2,0,0.025,0,0,,0,0.18,,,
0302.99,0.2,0,0.025,0,0,,0,0.18,,,
0303.11,0.295,0,0.025,0,0,,0,0.18,,,
0303.12,0.295,0,0.025,0,0,,0,0.18,,,
0303.13,0.295,0,0.025,0,0,,0,0.18,,,
0303.14,0.295,0,0.025,0,0,,0,0.18,,,
0303.19,0.295,0,0.025,0,0,,0,0.18,,,
0303.23,0.38,0,0.025,0,0,,0,0.18,,,
0303.24,0.38,0,0.025,0,0,,0,0.18,,,
0303.25,0.38,0,0.025,0,0,,0,0.18,,,
0303.26,0.295,0,0.025,0,0,,0,0.18,,,
0303.29,0.295,0,0.025,0,0,,0,0.18,,,
0303.31,0.295,0,0.025,0,0,,0,0.18,,,
0303.32,0.295,0,0.025,0,0,,0,0.18,,,
0303.33,0.295,0,0.025,0,0,,0,0.18,,,
0303.34,0.295,0,0.025,0,0,,0,0.18,,,
0303.39,0.295,0,0.025,0,0,,0,0.18,,,
0303.41,0.295,0,0.025,0,0,,0,0.18,,,
0303.42,0.38,0,0.025,0,0,,0,0.18,,,
0303.43,0.38,0,0.025,0,0,,0,0.18,,,
0303.44,0.38,0,0.025,0,0,,0,0.18,,,
0303.45,0.38,0,0.025,0,0,,0,0.18,,,
0303.46,0.38,0,0.025,0,0,,0,0.18,,,
0303.49,0.38,0,0.025,0,0,,0,0.18,,,
0303.51,0.295,0,0.025,0,0,,0,0.18,,,
0303.53,0.295,0,0.025,0,0,,0,0.18,,,
0303.54,0.38,0,0.025,0,0,,0,0.18,,,
0303.55,0.38,0,0.025,0,0,,0,0.18,,,
0303.56,0.38,0,0.025,0,0,,0,0.18,,,
0303.57,0.295,0,0.025,0,0,,0,0.18,,,
0303.59,0.2,0,0.025,0,0,,0,0.18,,,
0303.63,0.295,0,0.025,0,0,,0,0.18,,,
0303.64,0.295,0,0.025,0,0,,0,0.18,,,
0303.65,0.295,0,0.025,0,0,,0,0.18,,,
0303.66,0.295,0,0.025,0,0,,0,0.18,,,
0303.67,0.38,0,0.025,0,0,,0,0.18,,,
0303.68,0.38,0,0.025,0,0,,0,0.18,,,
0303.69,0.38,0,0.025,0,0,,0,0.18,,,
0303.81,0.295,0,0.025,0,0,,0,0.18,,,
0303.82,0.38,0,0.025,0,0,,0,0.18,,,
0303.83,0.295,0,0.025,0,0,,0,0.18,,,
0303.84,0.295,0,0.025,0,0,,0,0.18,,,
0303.89.10,0.38,0,0.025,0,0,,0,0.18,,,
0303.89.90,0.38,0,0.025,0,0,,0,0.18,,,
0303.91,0.295,0,0.025,0,0,,0,0.18,,,
0303.92,0.2,0,0.025,0,0,,0,0.18,,,
0303.99.10,0.2,0,0.025,0,0,,0,0.18,,,
0303.99.90,0.2,0,0.025,0,0,,0,0.18,,,
0304.31,0.2,0,0.025,0,0,,0,0.18,,,
0304.32,0.2,0,0.025,0,0,,0,0.18,,,
0304.33,0.2,0,0.025,0,0,,0,0.18,,,
0304.39,0.2,0,0.025,0,0,,0,0.18,,,
0304.41.00,0.2,0.16,0.025,0,0,,0,0.18,,,
0304.42.00,0.2,0,0.025,0,0,,0,0.18,,,
0304.43.00,0.2,0,0.025,0,0,,0,0.18,,,
0304.44.00,0.2,0,0.025,0,0,,0,0.18,,,
0304.45.00,0.2,0,0.025,0,0,,0,0.18,,,
0304.46.00,0.2,0,0.025,0,0,,0,0.18,,,
0304.47.10,0.2,0.1,0.025,0,0,,0,0.18,,,
0304.47.90,0.2,0,0.025,0,0,,0,0.18,,,
0304.48.00,0.2,0,0.025,0,0,,0,0.18,,,
0304.49.00,0.2,0,0.025,0,0,,0,0.18,,,
0304.51.00,0.2,0,0.025,0,0,,0,0.18,,,
0304.52.00,0.2,0,0.025,0,0,,0,0.18,,,
0304.53.00,0.2,0,0.025,0,0,,0,0.18,,,
0304.54.00,0.2,0,0.025,0,0,,0,0.18,,,
0304.55.00,0.2,0,0.025,0,0,,0,0.18,,,
0304.56.10,0.2,0,0.025,0,0,,0,0.18,,,
0304.56.90,0.2,0,0.025,0,0,,0,0.18,,,
0304.57,0.2,0,0.025,0,0,,0,0.18,,,
0304.59,0.2,0.1,0.025,0,0,,0,0.18,,,
0304.61,0.295,0,0.025,0,0,,0,0.18,,,
0304.62,0.295,0.16,0.025,0,0,,0,0.18,,,
0304.63,0.295,0,0.025,0,0,,0,0.18,,,
0304.69,0.295,0,0.025,0,0,,0,0.18,,,
0304.71,0.295,0,0.025,0,0,,0,0.18,,,
0304.72,0.295,0,0.025,0,0,,0,0.18,,,
0304.73,0.295,0,0.025,0,0,,0,0.18,,,
0304.74,0.295,0,0.025,0,0,,0,0.18,,,
0304.75,0.295,0,0.025,0,0,,0,0.18,,,
0304.79,0.295,0,0.025,0,0,,0,0.18,,,
0304.81,0.295,0,0.025,0,0,,0,0.18,,,
0304.82,0.295,0,0.025,0,0,,0,0.18,,,
0304.83,0.295,0,0.025,0,0,,0,0.18,,,
0304.84,0.295,0,0.025,0,0,,0,0.18,,,
0304.85,0.295,0,0.025,0,0,,0,0.18,,,
0304.86,0.295,0,0.025,0,0,,0,0.18,,,
0304.87,0,0,0,0,0,,0,0,,,
0304.87.10,0.295,0,0.025,0,0,,0,0.18,,,
0304.87.90,0.295,0,0.025,0,0,,0,0.18,,,
0304.88.10,0.295,0,0.025,0,0,,0,0.18,,,
0304.88.90,0.295,0,0.025,0,0,,0,0.18,,,
0304.89,0.295,0,0.025,0,0,,0,0.18,,,
0304.91,0.295,0,0.025,0,0,,0,0.18,,,
0304.92,0.295,0,0.025,0,0,,0,0.18,,,
0304.93,0.295,0.1,0.025,0,0,,0,0.18,,,
0304.94,0.295,0,0.025,0,0,,0,0.18,,,
0304.95,0.295,0,0.025,0,0,,0,0.18,,,
0304.96.10,0.295,0,0.025,0,0,,0,0.18,,,
0304.96.90,0.295,0,0.025,0,0,,0,0.18,,,
0304.97,0.295,0,0.025,0,0,,0,0.18,,,
0304.99,0.295,0,0.025,0,0,,0,0.18,,,
0305.20,0.295,0,0.025,0,0,,0,0.18,,,
0305.31,0.295,0,0.025,0,0,,7,0.18,,,
0305.32,0.295,0,0.025,0,0,,7,0.18,,,
0305.39,0.295,0.1,0.025,0,0,,7,0.18,,,
0305.41,0.295,0.1,0.025,0,0,,7,0.18,,,
0305.42,0.295,0,0.025,0,0,,7,0.18,,,
0305.43,0.295,0,0.025,0,0,,7,0.18,,,
0305.44,0.295,0,0.025,0,0,,7,0.18,,,
0305.49,0.295,0,0.025,0,0,,7,0.18,,,
0305.51,0,0,0.025,0,0,,36,0.18,,,
0305.52,0,0,0.025,0,0,,0,0.18,,,
0305.53,0,0,0.025,0,0,,0,0.18,,,
0305.54,0,0,0,0,0,,0,0,,,
0305.54.10,0,0,0.025,0,0,,0,0.18,,,
0305.54.90,0,0,0.025,0,0,,0,0.18,,,
0305.59.10,0,0,0.025,0,0,,0,0.18,,,
0305.59.30,0,0,0.025,0,0,,0,0.18,,,
0305.59.90,0,0,0.025,0,0,,0,0.18,,,
0305.61,0.295,0,0.025,0,0,,7,0.18,,,
0305.62,0.295,0,0.025,0,0,,7,0.18,,,
0305.63,0.295,0,0.025,0,0,,7,0.18,,,
0305.64,0.295,0,0.025,0,0,,7,0.18,,,
0305.69,0.295,0,0.025,0,0,,7,0.18,,,
0305.71,0.3,0,0.025,0,0,,15,0.18,,,
0305.72.10,0.3,0,0.025,0,0,,15,0.18,,,
0305.72.90,0,0,0.025,0,0,,0,0.18,,,
0305.79,0.295,0,0.025,0,0,,0,0.18,,,
0306.11,0.295,0,0.025,0,0,,0,0.18,,,
0306.12,0.295,0,0.025,0.1,0,,0,0.18,,,
0306.14,0.295,0,0.025,0.1,0,,0,0.18,,,
0306.15,0.295,0,0.025,0.1,0,,0,0.18,,,
0306.16,0.295,0,0.025,0.4,0,40% or Rs.280/= per kg,0,0.18,,,
0306.17,0.295,0,0.025,0.4,0,40% or Rs.280/= per kg,0,0.18,,,
0306.19,0.295,0,0.025,0.1,0,,0,0.18,,,
0306.31,0.295,0,0.025,0.1,0,,0,0.18,,,
0306.32,0.295,0,0.025,0.1,0,,0,0.18,,,
0306.33,0.295,0,0.025,0.1,0,,0,0.18,,,
0306.34,0.295,0,0.025,0.1,0,,0,0.18,,,
0306.35,0.295,0,0.025,0.4,0,40% or Rs.250/= per kg,0,0.18,,,
0306.36,0,0,0,0,0,,0,0,,,
0306.36.10,0.295,0.1,0.025,0,0,,0,0.18,,,
0306.36.90,0.295,0,0.025,0.4,0,40% or Rs.250/= per kg,0,0.18,,,
0306.39,0.295,0,0.025,0.1,0,,0,0.18,,,
0306.91,0.295,0,0.025,0.1,0,,0,0.18,,,
0306.92,0.295,0,0.025,0.1,0,,0,0.18,,,
0306.93,0.295,0,0.025,0.1,0,,0,0.18,,,
0306.94,0.295,0,0.025,0.1,0,,0,0.18,,,
0306.95,0.295,0.1,0.025,0.4,0,40% or Rs.230/= per kg,0,0.18,,,
0306.99,0.295,0,0.025,0.1,0,,0,0.18,,,
0307.11,0.295,0,0.025,0,0,,0,0.18,,,
0307.12,0.295,0,0.025,0,0,,0,0.18,,,
0307.19,0.295,0,0.025,0,0,,0,0.18,,,
0307.21,0,0,0,0,0,,0,0,,,
0307.21.10,0.295,0,0.025,0,0,,0,0.18,,,
0307.21.90,0.295,0,0.025,0,0,,0,0.18,,,
0307.22,0.295,0,0.025,0,0,,0,0.18,,,
0307.29,0.295,0,0.025,0,0,,0,0.18,,,
0307.31.10,0.295,0,0.025,0,0,,0,0.18,,,
0307.31.90,0.295,0,0.025,0,0,,0,0.18,,,
0307.32,0.295,0,0.025,0,0,,0,0.18,,,
0307.39,0.295,0,0.025,0,0,,0,0.18,,,
0307.42,0.295,0,0.025,0.1,0,,0,0.18,,,
0307.43,0.295,0.1,0.025,0.1,0,,0,0.18,,,
0307.49,0.295,0.1,0.025,0.1,0,,0,0.18,,,
0307.51.10,0.295,0,0.025,0,0,,0,0.18,,,
0307.51.90,0.295,0,0.025,0,0,,0,0.18,,,
0307.52,0.295,0,0.025,0,0,,0,0.18,,,
0307.59,0.295,0,0.025,0,0,,0,0.18,,,
0307.60.10,0.295,0,0.025,0,0,,0,0.18,,,
0307.60.90,0.295,0,0.025,0,0,,0,0.18,,,
0307.71,0.295,0,0.025,0,0,,0,0.18,,,
0307.72,0.2,0,0.025,0,0,,0,0.18,,,
0307.79,0.2,0,0.025,0,0,,0,0.18,,,
0307.81,0.295,0,0.025,0,0,,0,0.18,,,
0307.82,0.2,0,0.025,0.1,0,,0,0.18,,,
0307.83,0.2,0,0.025,0,0,,0,0.18,,,
0307.84,0.2,0,0.025,0.1,0,,0,0.18,,,
0307.87,0.2,0,0.025,0,0,,0,0.18,,,
0307.88,0.2,0,0.025,0.1,0,,0,0.18,,,
0307.91.10,0.295,0,0.025,0,0,,0,0.18,,,
0307.91.90,0.295,0,0.025,0,0,,0,0.18,,,
0307.92,0.245,0,0.025,0,0,,0,0.18,,,
0307.99.10,0.245,0,0.025,0,0,,0,0.18,,,
0307.99.90,0.245,0,0.025,0,0,,0,0.18,,,
0308.11,0.295,0,0.025,0.1,0,,0,0.18,,,
0308.12,0.2,0,0.025,0.1,0,,0,0.18,,,
0308.19,0.2,0,0.025,0.1,0,,0,0.18,,,
0308.21,0.295,0,0.025,0,0,,0,0.18,,,
0308.22,0.2,0,0.025,0,0,,0,0.18,,,
0308.29,0.2,0,0.025,0,0,,0,0.18,,,
0308.30,0.2,0,0.025,0,0,,0,0.18,,,
0308.90.10,0.2,0,0.025,0,0,,0,0.18,,,
0308.90.90,0.2,0,0.025,0,0,,0,0.18,,,
0309.10,0.295,0,0.025,0.05,0,,0,0.18,,,
0309.90,0,0,0,0,0,,0,0,,,
0309.90.11,0.295,0,0.025,0.1,0,,0,0.18,,,
0309.90.19,0.295,0,0.025,0.1,0,,0,0.18,,,
0309.90.90,0.295,0,0.025,0.1,0,,0,0.18,,,
0401.10,0.2,0.1,0.025,0.1,0,,0,0.18,,,
0401.20,0.2,0,0.025,0.1,0,,0,0.18,,,
0401.40,0.2,0,0.025,0.1,0,,0,0.18,,,
0401.50,0.2,0.1,0.025,0.1,0,,0,0.18,,,
0402.10,0.2,0,0,0,0,,0,0,,,
0402.21,0.2,0,0,0,0,,0,0,,,
0402.29,0.2,0,0,0,0,,0,0,,,
0402.91,0.2,0.16,0.025,0,0,,0,0.18,,,
0402.99.10,0,0,0,0,0,,0,0,,,
0402.99.90,0,0,0,0,0,,0,0,,,
0403.20,0,0,0.025,0.1,0,20% or Rs.750/= per kg | 10% or Rs.400/= per kg,0,0.18,,,
0403.90,0,0,0.025,0.1,0,20% or Rs.750/= per kg | 10% or Rs.400/= per kg,0,0.18,,,
0404.10,0.1,0.1,0.025,0.15,0,15% or Rs.85= per kg,0,0.18,,,
0404.90,0,0.1,0.025,0.2,0,20% or Rs.400/= per kg | 20% or Rs.400/= per kg,0,0.18,,,
0405.10,0,0,0.025,0.1,0,20% or Rs.750/= per kg | 10% or Rs.400/= per kg,0,0.18,,,
0405.20,0.2,0,0,0.1,0,,0,0,,,
0405.90,0.2,0,0.025,0.1,0,,0,0.18,,,
0406.10,0,0.1,0.025,0.25,0,20% or Rs.650/= per kg | 25% or Rs.500/= per kg,0,0.18,,,
0406.20,0.295,0,0.025,0.25,0,25% or Rs.500/= per kg,0,0.18,,,
0406.30,0,0.1,0.025,0.4,0,5% or Rs.88/= per kg | 5% or Rs.88/= per kg | 20% or Rs.650/= per kg | 40% or Rs.800/= per kg,0,0.18,,,
0406.40,0,0.1,0.025,0.25,0,5% or Rs.88/= per kg | 5% or Rs.88/= per kg | 20% or Rs.650/= per kg | 25% or Rs.500/= per kg,0,0.18,,,
0406.90,0,0.1,0.025,0.4,0,20% or Rs.650/= per kg | 40% or Rs.800/= per kg,0,0.18,,,
0407.11,0,0,0.025,0,0,,110,0.18,,,
0407.19,0,0,0.025,0,0,,110,0.18,,,
0407.21,0,0,0.025,0,0,,110,0.18,,,
0407.29,0,0,0.025,0,0,20% or Rs.110/= per kg,0,0.18,,,
0407.90,0,0,0.025,0.1,0,20% or Rs.150/= per kg | 10% or Rs.75/= per kg,0,0.18,,,
0408.11,0.2,0,0.025,0.05,0,,0,0.18,,,
0408.19,0.2,0,0.025,0.2,0,20% or Rs.400/= per kg,0,0.18,,,
0408.91,0.2,0,0.025,0.05,0,,0,0.18,,,
0408.99,0.2,0,0.025,0.2,0,20% or Rs.400/= per kg,0,0.18,,,
0409.00,0.2,0.1,0.025,0.1,0,,0,0.18,,,
0410.10,0.2,0,0.025,0.4,0,40% or Rs.800/= per kg,0,0.18,,,
0410.90,0.2,0,0.025,0.4,0,40% or Rs.800/= per kg,0,0.18,,,
0501.00,0,0,0,0,0,,0,0,,,
0501.00.10,0,0,0.025,0,0,,0,0.18,,,
0501.00.90,0,0,0.025,0,0,,0,0.18,,,
0502.10,0,0.16,0.025,0,0,,0,0.18,,,
0502.90,0,0,0.025,0,0,,0,0.18,,,
0504.00,0,0,0.025,0,0,,0,0.18,,,
0505.10,0.295,0,0.025,0,0,,0,0.18,,,
0505.90,0.295,0,0.025,0,0,,0,0.18,,,
0506.10.10,0.245,0,0.025,0,0,,0,0.18,,,
0506.10.90,0.245,0,0.025,0,0,,0,0.18,,,
0506.90.10,0.245,0,0.025,0,0,,0,0.18,,,
0506.90.90,0.345,0,0.025,0,0,,0,0.18,,,
0507.10.10,0.2,0,0.025,0,0,,0,0.18,,,
0507.10.90,0.2,0,0.025,0,0,,0,0.18,,,
0507.90,0.2,0,0.025,0,0,,0,0.18,,,
0508.00,0,0,0,0,0,,0,0,,,
0508.00.10,0.295,0,0.025,0,0,,0,0.18,,,
0508.00.20,0.295,0,0.025,0,0,,0,0.18,,,
0508.00.90,0.295,0,0.025,0,0,,0,0.18,,,
0510.00,0,0,0,0,0,,0,0,,,
0510.00.10,0.295,0,0.025,0,0,,0,0.18,,,
0510.00.90,0.295,0,0.025,0,0,,0,0.18,,,
0511.10,0,0,0.025,0,0,,0,0.18,,,
0511.91,0,0,0,0,0,,0,0,,,
0511.91.10,0.195,0,0.025,0,0,,0,0.18,,,
0511.91.20,0,0,0.025,0,0,,0,0,,,
0511.91.30,0.255,0,0.025,0,0,,0,0.18,,,
0511.91.40,0.255,0.16,0.025,0,0,,0,0.18,,,
0511.91.90,0.255,0.16,0.025,0,0,,0,0.18,,,
0511.99,0,0,0,0,0,,0,0,,,
0511.99.10,0.37,0,0.025,0,0,,0,0.18,,,
0511.99.20,0,0,0.025,0,0,,0,0.18,,,
0511.99.30,0,0.16,0.025,0,0,,0,0.18,,,
0511.99.40,0,0,0.025,0,0,,0,0.18,,,
0511.99.50,0,0,0.025,0,0,,0,0.18,,,
0511.99.60,0.27,0,0.025,0,0,,0,0.18,,,
0511.99.70,0.37,0,0.025,0,0,,0,0.18,,,
0511.99.90,0.37,0,0.025,0,0,,0,0.18,,,
0601.10,0,0,0.025,0,0,,0,0.18,,,
0601.20.10,0.195,0,0.025,0,0,,0,0.18,,,
0601.20.90,0,0,0.025,0,0,,0,0.18,,,
0602.10,0,0,0.025,0,0,,0,0,,,
0602.20.10,0,0,0.025,0,0,,0,0,,,
0602.20.90,0,0,0.025,0,0,,0,0,,,
0602.30.10,0,0,0.025,0,0,,0,0,,,
0602.30.90,0,0,0.025,0,0,,0,0,,,
0602.40.10,0,0,0.025,0,0,,0,0,,,
0602.40.90,0,0,0.025,0,0,,0,0,,,
0602.90.11,0,0,0.025,0,0,,0,0.18,,,
0602.90.19,0,0,0.025,0,0,,0,0.18,,,
0602.90.21,0,0,0.025,0,0,,0,0.18,,,
0602.90.29,0,0,0.025,0,0,,0,0.18,,,
0602.90.91,0,0,0.025,0,0,,0,0,,,
0602.90.99,0,0.16,0.025,0,0,,0,0,,,
0603.11,0.2,0.1,0.025,0.4,0,40% or Rs.360/= per kg,0,0.18,,,
0603.12,0.2,0,0.025,0.4,0,40% or Rs.360/= per kg,0,0.18,,,
0603.13,0.2,0,0.025,0.4,0,40% or Rs.360/= per kg,0,0.18,,,
0603.14,0.2,0,0.025,0.4,0,40% or Rs.360/= per kg,0,0.18,,,
0603.15,0.2,0,0.025,0.4,0,40% or Rs.360/= per kg,0,0.18,,,
0603.19.10,0.2,0,0.025,0.4,0,40% or Rs.360/= per kg,0,0.18,,,
0603.19.90,0.2,0.1,0.025,0.4,0,40% or Rs.360/= per kg,0,0.18,,,
0603.90,0.2,0.1,0.025,0.4,0,40% or Rs.360/= per kg,0,0.18,,,
0604.20,0.2,0,0.025,0.2,0,20% or Rs.180/= per kg,0,0.18,,,
0604.90,0.2,0,0.025,0.2,0,20% or Rs.180/= per kg,0,0.18,,,
0701.10,0,0.16,0.025,0,0,,0,0,,,
0701.90,0,0,0.025,0,0,,20,0.18,,,
0702.00,0.2,0,0.025,0.4,0,40% or Rs.270/= per kg,0,0.18,,,
0703.10.10,0,0,0.025,0,0,,30,0.18,,,
0703.10.20,0,0,0.025,0.1,0,20% or Rs.30/= per kg | 10% or Rs.20/= per kg,0,0.18,,,
0703.10.30,0,0,0.025,0,0,,15,0.18,,,
0703.10.90,0,0.1,0.025,0,0,,30,0.18,,,
0703.20,0.295,0,0.025,0,0,,0,0.18,,,
0703.90,0.2,0,0.025,0.4,0,40% or Rs.140/= per kg,0,0.18,,,
0704.10,0,0,0,0,0,,0,0,,,
0704.10.10,0.2,0,0.025,0.4,0,40% or Rs.180/= per kg,0,0.18,,,
0704.10.20,0.2,0,0.025,0.4,0,40% or Rs.180/= per kg,0,0.18,,,
0704.20,0.2,0,0.025,0.4,0,40% or Rs.180/= per kg,0,0.18,,,
0704.90,0.2,0,0.025,0.4,0,40% or Rs.180/= per kg,0,0.18,,,
0705.11,0.2,0,0.025,0.4,0,40% or Rs.180/= per kg,0,0.18,,,
0705.19,0.2,0,0.025,0.4,0,40% or Rs.180/= per kg,0,0.18,,,
0705.21,0.2,0,0.025,0.4,0,40% or Rs.180/= per kg,0,0.18,,,
0705.29,0.2,0,0.025,0.4,0,40% or Rs.180/= per kg,0,0.18,,,
0706.10,0.2,0,0.025,0.4,0,40% or Rs.180/= per kg,0,0.18,,,
0706.90,0.2,0,0.025,0.4,0,40% or Rs.180/= per kg,0,0.18,,,
0707.00.10,0.2,0,0.025,0.4,0,40% or Rs.180/= per kg,0,0.18,,,
0707.00.20,0.2,0,0.025,0.4,0,40% or Rs.180/= per kg,0,0.18,,,
0708.10.00,0.2,0,0.025,0.4,0,40% or Rs.180/= per kg,0,0.18,,,
0708.20.00,0.2,0,0.025,0.4,0,40% or Rs.180/= per kg,0,0.18,,,
0708.90.00,0.2,0,0.025,0.4,0,40% or Rs.180/= per kg,0,0.18,,,
0709.20.00,0.2,0,0.025,0.4,0,40% or Rs.180/= per kg,0,0.18,,,
0709.30.00,0.2,0,0.025,0.4,0,40% or Rs.180/= per kg,0,0.18,,,
0709.40.00,0.2,0,0.025,0.4,0,40% or Rs.180/= per kg,0,0.18,,,
0709.51.00,0.2,0,0.025,0.4,0,40% or Rs.180/= per kg,0,0.18,,,
0709.52,0.3,0,0.025,0.4,0,40% or Rs.180/= per kg,0,0.18,,,
0709.53,0.3,0,0.025,0.4,0,40% or Rs.180/= per kg,0,0.18,,,
0709.54,0.3,0,0.025,0.4,0,40% or Rs.180/= per kg,0,0.18,,,
0709.55,0.3,0,0.025,0.4,0,40% or Rs.180/= per kg,0,0.18,,,
0709.56,0.3,0,0.025,0.4,0,40% or Rs.180/= per kg,0,0.18,,,
0709.59,0.3,0,0.025,0.4,0,40% or Rs.180/= per kg,0,0.18,,,
0709.60,0.2,0,0.025,0.4,0,40% or Rs.180/= per kg,0,0.18,,,
0709.70,0.2,0,0.025,0.4,0,40% or Rs.180/= per kg,0,0.18,,,
0709.91,0.2,0,0.025,0.4,0,40% or Rs.180/= per kg,0,0.18,,,
0709.92,0.2,0.16,0.025,0.64,0,40% or Rs.180/= per kg | 24% or Rs.88/= per kg,0,0.18,,,
0709.93,0.2,0,0.025,0.4,0,40% or Rs.180/= per kg,0,0.18,,,
0709.99.11,0,0,0.025,0,0,,0,0.18,,,
0709.99.12,0.2,0,0.025,0.4,0,40% or Rs.180/= per kg,0,0.18,,,
0709.99.20,0.2,0,0.025,0.4,0,40% or Rs.180/= per kg,0,0.18,,,
0710.10,0,0,0,0,0,,0,0,,,
0710.10.10,0,0,0.025,0.25,0,25% or Rs.180/= per kg,60,0.18,,,
0710.10.20,0,0,0.025,0.25,0,25% or Rs.180/= per kg,60,0.18,,,
0710.21.10,0.2,0.1,0.025,0.4,0,40% or Rs.270/= per kg,0,0.18,,,
0710.21.20,0.2,0,0.025,0.4,0,40% or Rs.270/= per kg,0,0.18,,,
0710.22.10,0.2,0,0.025,0.4,0,40% or Rs.270/= per kg,0,0.18,,,
0710.22.20,0.2,0,0.025,0.4,0,40% or Rs.270/= per kg,0,0.18,,,
0710.29.10,0.2,0,0.025,0.4,0,40% or Rs.270/= per kg,0,0.18,,,
0710.29.20,0.2,0,0.025,0.4,0,40% or Rs.270/= per kg,0,0.18,,,
0710.30.10,0.2,0,0.025,0.4,0,40% or Rs.270/= per kg,0,0.18,,,
0710.30.20,0.2,0,0.025,0.4,0,40% or Rs.270/= per kg,0,0.18,,,
0710.40.10,0.2,0.1,0.025,0.4,0,40% or Rs.270/= per kg,0,0.18,,,
0710.40.20,0.2,0.1,0.025,0.4,0,40% or Rs.270/= per kg,0,0.18,,,
0710.80.10,0.2,0,0.025,0.4,0,40% or Rs.270/= per kg,0,0.18,,,
0710.80.20,0.2,0,0.025,0.4,0,40% or Rs.270/= per kg,0,0.18,,,
0710.90.10,0.2,0,0.025,0.4,0,40% or Rs.270/= per kg,0,0.18,,,
0710.90.20,0.2,0,0.025,0.4,0,40% or Rs.270/= per kg,0,0.18,,,
0711.20,0.25,0.1,0.025,0.4,0,40% or Rs.270/= per kg,0,0.18,,,
0711.40.10,0.2,0,0.025,0.4,0,40% or Rs.270/= per kg,0,0.18,,,
0711.40.90,0.2,0,0.025,0.4,0,40% or Rs.270/= per kg,0,0.18,,,
0711.51,0.3,0,0.025,0.4,0,40% or Rs.360/= per kg,0,0.18,,,
0711.59,0.3,0,0.025,0.4,0,40% or Rs.360/= per kg,0,0.18,,,
0711.90.10,0,0,0.025,0.4,0,20% or Rs.150 /= per Kg | 40% or Rs.270/= per kg,0,0.18,,,
0711.90.20,0,0,0.025,0.25,0,25% or Rs.180/= per kg,50,0.18,,,
0711.90.30,0.2,0,0.025,0.4,0,40% or Rs.270/= per kg,0,0.18,,,
0711.90.90,0.2,0.1,0.025,0.4,0,40% or Rs.270/= per kg,0,0.18,,,
0712.20.00,0,0.05,0.025,0,0,,210,0.18,,,
0712.31,0.3,0.1,0.025,0.4,0,40% or Rs.360/= per kg,0,0.18,,,
0712.32,0.3,0,0.025,0.4,0,40% or Rs.360/= per kg,0,0.18,,,
0712.33,0.3,0,0.025,0.4,0,40% or Rs.360/= per kg,0,0.18,,,
0712.34,0.3,0,0.025,0.4,0,40% or Rs.360/= per kg,0,0.18,,,
0712.39,0.3,0,0.025,0.4,0,40% or Rs.360/= per kg,0,0.18,,,
0712.90.10,0,0.05,0.025,0.4,0,20% or Rs 150/= per Kg | 40% or Rs.270/= per kg,0,0.18,,,
0712.90.21,0.2,0,0,0,0,,450,0.18,,,
0712.90.22,0.2,0,0,0,0,,450,0.18,,,
0712.90.90,0.2,0.1,0.025,0,0,,450,0.18,,,
0713.10.10,0.2,0,0.025,0.1,0,,0,0.18,,,
0713.10.20,0.2,0,0.025,0.1,0,,0,0.18,,,
0713.20.10,0.2,0,0.025,0,0,,0,0.18,,,
0713.20.20,0.2,0,0.025,0,0,,0,0.18,,,
0713.31.11,0,0,0.025,0,0,,0,0.18,,,
0713.31.19,0,0,0.025,0,0,,70,0.18,,,
0713.31.21,0,0,0.025,0,0,,0,0.18,,,
0713.31.22,0.2,0,0.025,0,0,,0,0.18,,,
0713.31.29,0.2,0,0.025,0,0,,0,0.18,,,
0713.31.90,0.2,0,0.025,0.1,0,,0,0.18,,,
0713.32.10,0,0,0.025,0,0,,0,0.18,,,
0713.32.90,0.2,0.1,0.025,0.1,0,,0,0.18,,,
0713.33.10,0,0,0.025,0,0,,0,0,,,
0713.33.90,0.2,0.1,0.025,0.1,0,,0,0.18,,,
0713.34.10,0,0,0.025,0,0,,0,0.18,,,
0713.34.90,0.2,0,0.025,0.1,0,,0,0.18,,,
0713.35.10,0,0,0.025,0,0,,0,0.18,,,
0713.35.90,0,0,0.025,0,0,,70,0.18,,,
0713.39.10,0,0,0.025,0,0,,0,0.18,,,
0713.39.90,0.2,0.1,0.025,0.1,0,,0,0.18,,,
0713.40.11,0,0,0.025,0,0,,0,0.18,,,
0713.40.12,0,0,0.025,0,0,,0,0.18,,,
0713.40.21,0,0,0.025,0,0,,0,0.18,,,
0713.40.22,0,0,0.025,0,0,,0,0.18,,,
0713.40.90,0.424,0,0.025,0.1,0,,0,0.18,,,
0713.50,0.2,0,0.025,0.1,0,,0,0.18,,,
0713.60.10,0,0.16,0.025,0,0,,45,0.18,,,
0713.60.90,0.2,0.1,0.025,0.1,0,,0,0.18,,,
0713.90,0.2,0.1,0.025,0.1,0,,0,0.18,,,
0714.10,0.2,0,0.025,0.25,0,25% or Rs.180/= per kg,0,0.18,,,
0714.20,0.2,0,0.025,0.25,0,25% or Rs.180/= per kg,0,0.18,,,
0714.30,0.2,0,0.025,0.25,0,25% or Rs.180/= per kg,0,0.18,,,
0714.40,0.2,0,0.025,0.25,0,25% or Rs.180/= per kg,0,0.18,,,
0714.50,0.2,0,0.025,0.25,0,25% or Rs.180/= per kg,0,0.18,,,
0714.90,0.2,0,0.025,0.25,0,25% or Rs.180/= per kg,0,0.18,,,
0801.11.10,0.2,0,0.025,0.2,0,20% or Rs.165/= per kg,0,0.18,,,
0801.11.90,0.2,0,0.025,0.2,0,20% or Rs.165/= per kg,0,0.18,,,
0801.12,0.2,0,0.025,0.2,0,20% or Rs.165/= per kg,0,0.18,,,
0801.19.20,0.4,0,0.025,0.44,0,20% or Rs.165/= per kg | 24% or Rs.88/= per kg,0,0.18,,,
0801.19.30,0.2,0,0.025,0.44,0,20% or Rs.165/= per kg | 24% or Rs.88/= per kg,0,0.18,,,
0801.19.90,0.2,0,0.025,0.44,0,20% or Rs.165/= per kg | 24% or Rs.88/= per kg,0,0.18,,,
0801.21.10,0.4,0,0.025,0.64,0,40% or Rs.330/= per kg | 24% or Rs.88/= per kg,0,0.18,,,
0801.21.90,0.4,0,0.025,0.64,0,40% or Rs.330/= per kg | 24% or Rs.88/= per kg,0,0.18,,,
0801.22,0.4,0,0.025,0.64,0,40% or Rs.330/= per kg | 24% or Rs.88/= per kg,0,0.18,,,
0801.31.10,0.2,0,0.025,0.1,0,,0,0.18,,,
0801.31.90,0.2,0,0.025,0.1,0,,0,0.18,,,
0801.32,0.2,0,0.025,0.25,0,25% or Rs.180/= per kg,0,0.18,,,
0802.11.10,0.45,0.16,0.025,0.1,0,,0,0.18,,,
0802.11.90,0.45,0.16,0.025,0.49,0,25% or Rs.180/= per kg | 24% or Rs.88/= per kg,0,0.18,,,
0802.12,0.45,0.16,0.025,0.49,0,25% or Rs.180/= per kg | 24% or Rs.88/= per kg,0,0.18,,,
0802.21.10,0.45,0,0.025,0.34,0,24% or Rs.88/= per kg,0,0.18,,,
0802.21.90,0.45,0,0.025,0.49,0,25% or Rs.180/= per kg | 24% or Rs.88/= per kg,0,0.18,,,
0802.22,0.4,0,0.025,0.34,0,24% or Rs.88/= per kg,0,0.18,,,
0802.31.10,0.45,0,0.025,0.34,0,24% or Rs.88/= per kg,0,0.18,,,
0802.31.90,0.45,0,0.025,0.49,0,25% or Rs.180/= per kg | 24% or Rs.88/= per kg,0,0.18,,,
0802.32,0.4,0,0.025,0.34,0,24% or Rs.88/= per kg,0,0.18,,,
0802.41,0.45,0,0.025,0.34,0,24% or Rs.88/= per kg,0,0.18,,,
0802.42,0.45,0,0.025,0.34,0,24% or Rs.88/= per kg,0,0.18,,,
0802.51,0.45,0.16,0.025,0.34,0,24% or Rs.88/= per kg,0,0.18,,,
0802.52,0.45,0.16,0.025,0.34,0,24% or Rs.88/= per kg,0,0.18,,,
0802.61,0.45,0,0.025,0.1,0,,0,0.18,,,
0802.62,0.45,0.16,0.025,0.34,0,24% or Rs.88/= per kg,0,0.18,,,
0802.70,0.4,0,0.025,0.34,0,24% or Rs.88/= per kg,0,0.18,,,
0802.80.10,0.2,0,0.025,0.4,0,40% or Rs.320/= per kg,0,0.18,,,
0802.80.90,0.2,0,0.025,0.4,0,40% or Rs.320/= per kg,0,0.18,,,
0802.90.00,0,0,0,0,0,,0,0,,,
0802.91.10,0.2,0,0.025,0.1,0,,0,0.18,,,
0802.91.90,0.2,0,0.025,0.1,0,,0,0.18,,,
0802.92,0.2,0,0.025,0.1,0,,0,0.18,,,
0802.99,0,0,0.025,0,0,,0,0,,,
0802.99.10,0.2,0,0.025,0.1,0,,0,0.18,,,
0802.99.90,0.2,0,0.025,0.1,0,,0,0.18,,,
0803.10,0,0,0,0,0,,0,0,,,
0803.10.10,0.2,0,0.025,0.4,0,40% or Rs.340/= per kg,0,0.18,,,
0803.10.90,0.2,0,0.025,0.4,0,40% or Rs.340/= per kg,0,0.18,,,
0803.90,0,0,0,0,0,,0,0,,,
0803.90.10,0.2,0,0.025,0.4,0,40% or Rs.340/= per kg,0,0.18,,,
0803.90.90,0.2,0,0.025,0.25,0,25% or Rs.200/= per kg,0,0.18,,,
0804.10.10,0,0,0.025,0,0,5% or Rs.20/= per kg | 4.5% or Rs.20/= per kg | 20% or Rs.120/= per kg,0,0.18,,,
0804.10.20,0,0,0.025,0,0,5% or Rs.20/= per kg | 4.5% or Rs.20/= per kg | 20% or Rs.160/= per kg,0,0.18,,,
0804.20.10,0.525,0,0.025,0.64,0,40% or Rs.340/= per kg | 24% or Rs.96/= per kg,0,0.18,,,
0804.20.20,0.525,0.16,0.025,0.64,0,40% or Rs.340/= per kg | 24% or Rs.96/= per kg,0,0.18,,,
0804.30.10,0.2,0,0.025,0.4,0,40% or Rs.340/= per kg,0,0.18,,,
0804.30.20,0.2,0,0.025,0.4,0,40% or Rs.340/= per kg,0,0.18,,,
0804.40.10,0.2,0,0.025,0.4,0,40% or Rs.340/= per kg,0,0.18,,,
0804.40.20,0.2,0,0.025,0.4,0,40% or Rs.340/= per kg,0,0.18,,,
0804.50.10,0.2,0,0.025,0.4,0,40% or Rs.340/= per kg,0,0.18,,,
0804.50.20,0.2,0,0.025,0.4,0,40% or Rs.340/= per kg,0,0.18,,,
0804.50.30,0.2,0,0.025,0.4,0,40% or Rs.340/= per kg,0,0.18,,,
0804.50.40,0.2,0,0.025,0.4,0,40% or Rs.340/= per kg,0,0.18,,,
0804.50.50,0.2,0,0.025,0.4,0,40% or Rs.340/= per kg,0,0.18,,,
0804.50.60,0.2,0,0.025,0.4,0,40% or Rs.340/= per kg,0,0.18,,,
0805.10.10,0.47,0,0.025,0.1,0,,0,0.18,,,
0805.10.20,0.47,0,0.025,0.3,0,30% or Rs.340/= per kg,0,0.18,,,
0805.21.10,0.2,0.16,0.025,0,0,17% or Rs. 142/- per kg | 5% or Rs.50/- per kg | 5% or Rs.50/- per kg | 20% or Rs. 200/- per kg,44,0.18,,,
0805.21.20,0,0,0.025,0.4,0,17% or Rs. 142/- per kg | 5% or Rs.30/- per kg | 5% or Rs.30/- per kg | 20% or Rs.120/- per kg | 40% or Rs.340/= per kg,0,0.18,,,
0805.22.10,0.67,0,0.025,0,0,,44,0.18,,,
0805.22.20,0.47,0,0.025,0.4,0,40% or Rs.340/= per kg,0,0.18,,,
0805.29.10,0.3,0,0.025,0,0,17% or Rs. 51 per Kg | 20% or Rs. 60 per Kg,44,0.18,,,
0805.29.20,0.47,0,0.025,0.4,0,40% or Rs.340/= per kg,0,0.18,,,
0805.40.10,0.2,0,0.025,0.4,0,40% or Rs.340/= per kg,0,0.18,,,
0805.40.20,0.2,0,0.025,0.4,0,40% or Rs.340/= per kg,0,0.18,,,
0805.50.10,0.2,0,0.025,0.4,0,40% or Rs.340/= per kg,0,0.18,,,
0805.50.20,0.2,0,0.025,0.4,0,40% or Rs.340/= per kg,0,0.18,,,
0805.90.10,0.2,0,0.025,0.4,0,40% or Rs.340/= per kg,0,0.18,,,
0805.90.20,0.2,0,0.025,0.4,0,40% or Rs.340/= per kg,0,0.18,,,
0806.10,0.545,0.1,0.025,0.1,0,,0,0.18,,,
0806.20,0,0,0.025,0.1,0,20% or Rs.110/= per kg | 10% or Rs.55/= per kg,0,0.18,,,
0807.11,0.2,0,0.025,0.4,0,40% or Rs.340/= per kg,0,0.18,,,
0807.19,0.2,0,0.025,0.4,0,40% or Rs.340/= per kg,0,0.18,,,
0807.20,0.2,0,0.025,0.4,0,40% or Rs.340/= per kg,0,0.18,,,
0808.10,0.595,0,0.025,0.1,0,,0,0.18,,,
0808.30,0,0,0.025,0.1,0,5% or Rs.30/= per kg | 5% or Rs.30/= per kg | 20% or Rs.110/= per kg | 10% or Rs.55/= per kg,0,0.18,,,
0808.40,0,0,0.025,0.1,0,5% or Rs.30/= per kg | 5% or Rs.30/= per kg | 20% or Rs.110/= per kg | 10% or Rs.55/= per kg,0,0.18,,,
0809.10,0.25,0,0.025,0.4,0,40% or Rs.340/= per kg,0,0.18,,,
0809.21,0.25,0,0.025,0.64,0,40% or Rs.340/= per kg | 24% or Rs.96/= per kg,0,0.18,,,
0809.29,0.25,0,0.025,0.64,0,40% or Rs.340/= per kg | 24% or Rs.96/= per kg,0,0.18,,,
0809.30,0.25,0,0.025,0.64,0,40% or Rs.340/= per kg | 24% or Rs.96/= per kg,0,0.18,,,
0809.40,0,0,0.025,0.1,0,20% or Rs.110/= per kg | 10% or Rs.55/= per kg,0,0.18,,,
0810.10,0.2,0,0.025,0.4,0,40% or Rs.340/= per kg,0,0.18,,,
0810.20,0.2,0,0.025,0.34,0,24% or Rs.96/= per kg,0,0.18,,,
0810.30,0.2,0,0.025,0.34,0,24% or Rs.96/= per kg,0,0.18,,,
0810.40,0.325,0,0.025,0.34,0,24% or Rs.96/= per kg,0,0.18,,,
0810.50,0,0,0.025,0,0,5% or Rs.30/= per kg | 5% or Rs.30/= per kg | 20% or Rs.110/= per kg | 10% or Rs.55/= per kg,0,0.18,,,
0810.60,0.2,0,0.025,0.4,0,40% or Rs.340/= per kg,0,0.18,,,
0810.70,0.2,0,0.025,0.34,0,24% or Rs.96/= per kg,0,0.18,,,
0810.90.10,0.2,0,0.025,0.64,0,40% or Rs.240/= per kg | 24% or Rs.96/= per kg,0,0.18,,,
0810.90.90,0.2,0.16,0.025,0.1,0,10% or Rs.55/= per kg,0,0.18,,,
0811.10,0.2,0.1,0.025,0.4,0,40% or Rs.240/= per kg,0,0.18,,,
0811.20,0.2,0.1,0.025,0.4,0,40% or Rs.240/= per kg,0,0.18,,,
0811.90,0.2,0,0.025,0.4,0,40% or Rs.230/= per kg,0,0.18,,,
0812.10,0.25,0,0.025,0.05,0,,0,0.18,,,
0812.90,0.48,0,0.025,0.44,0,20% or Rs.120/= per kg | 24% or Rs.96/= per kg,0,0.18,,,
0813.10,0.25,0.16,0.025,0.34,0,24% or Rs.96/= per kg,0,0.18,,,
0813.20,0.25,0.16,0.025,0.34,0,24% or Rs.96/= per kg,0,0.18,,,
0813.30,0.3,0.16,0.025,0.34,0,24% or Rs.96/= per kg,0,0.18,,,
0813.40.10,0.2,0,0.025,0.25,0,25% or Rs.275/= per kg,0,0.18,,,
0813.40.90,0.2,0.1,0.025,0.4,0,40% or Rs.260/= per kg,0,0.18,,,
0813.50,0.2,0.1,0.025,0.4,0,40% or Rs.210/= per kg,0,0.18,,,
0814.00,0.2,0.1,0.025,0.2,0,20% or Rs.125/= per kg,0,0.18,,,
0901.11.10,0.2,0,0.025,0.13,0,,0,0.18,,,
0901.11.90,0.2,0,0.025,0.13,0,,0,0.18,,,
0901.12.10,0.2,0,0.025,0.13,0,,0,0.18,,,
0901.12.90,0.2,0,0.025,0.13,0,,0,0.18,,,
0901.21,0.2,0.1,0.025,0.25,0,,0,0.18,,,
0901.22,0.2,0.1,0.025,0.25,0,,0,0.18,,,
0901.90,0.2,0.1,0.025,0.25,0,,0,0.18,,,
0902.10.11,0.2,0,0.025,0.1,0,,0,0.18,,,
0902.10.12,0.2,0,0.025,0.1,0,,0,0.18,,,
0902.10.13,0.2,0,0.025,0.1,0,,0,0.18,,,
0902.10.19,0.2,0.1,0.025,0.1,0,,0,0.18,,,
0902.10.21,0.2,0,0.025,0.1,0,,0,0.18,,,
0902.10.22,0.2,0,0.025,0.1,0,,0,0.18,,,
0902.10.23,0.2,0,0.025,0.1,0,,0,0.18,,,
0902.10.29,0.2,0,0.025,0.1,0,,0,0.18,,,
0902.10.31,0.2,0,0.025,0.1,0,,0,0.18,,,
0902.10.32,0.2,0,0.025,0.1,0,,0,0.18,,,
0902.10.33,0.2,0,0.025,0.1,0,,0,0.18,,,
0902.10.39,0.2,0,0.025,0.1,0,,0,0.18,,,
0902.20,0,0,0,0,0,,0,0,,,
0902.20.11,0.2,0,0.025,0.1,0,,0,0.18,,,
0902.20.12,0.2,0,0.025,0.1,0,,0,0.18,,,
0902.20.13,0.2,0,0.025,0.1,0,,0,0.18,,,
0902.20.19,0.2,0,0.025,0.1,0,,0,0.18,,,
0902.20.21,0.2,0,0.025,0.1,0,,0,0.18,,,
0902.20.22,0.2,0,0.025,0.1,0,,0,0.18,,,
0902.20.23,0.2,0,0.025,0.1,0,,0,0.18,,,
0902.20.29,0.2,0,0.025,0.1,0,,0,0.18,,,
0902.20.91,0.2,0,0.025,0.1,0,,0,0.18,,,
0902.20.92,0.2,0,0.025,0.1,0,,0,0.18,,,
0902.20.93,0.2,0,0.025,0.1,0,,0,0.18,,,
0902.20.99,0.2,0.1,0.025,0.1,0,,0,0.18,,,
0902.30,0,0,0,0,0,,0,0,,,
0902.30.11,0.2,0.1,0.025,0.1,0,,0,0.18,,,
0902.30.12,0.2,0,0.025,0.1,0,,0,0.18,,,
0902.30.13,0.2,0,0.025,0.1,0,,0,0.18,,,
0902.30.19,0.2,0.1,0.025,0.1,0,,0,0.18,,,
0902.30.21,0.2,0,0.025,0.1,0,,0,0.18,,,
0902.30.22,0.2,0,0.025,0.1,0,,0,0.18,,,
0902.30.23,0.2,0,0.025,0.1,0,,0,0.18,,,
0902.30.29,0.2,0,0.025,0.1,0,,0,0.18,,,
0902.30.31,0.2,0,0.025,0.1,0,,0,0.18,,,
0902.30.32,0.2,0,0.025,0.1,0,,0,0.18,,,
0902.30.33,0.2,0,0.025,0.1,0,,0,0.18,,,
0902.30.39,0.2,0,0.025,0.1,0,,0,0.18,,,
0902.40.11,0.2,0,0.025,0.1,0,,0,0.18,,,
0902.40.12,0.2,0,0.025,0.1,0,,0,0.18,,,
0902.40.13,0.2,0,0.025,0.1,0,,0,0.18,,,
0902.40.19,0.2,0,0.025,0.1,0,,0,0.18,,,
0902.40.21,0.2,0,0.025,0.1,0,,0,0.18,,,
0902.40.22,0.2,0,0.025,0.1,0,,0,0.18,,,
0902.40.23,0.2,0,0.025,0.1,0,,0,0.18,,,
0902.40.29,0.2,0,0.025,0.1,0,,0,0.18,,,
0902.40.91,0.2,0,0.025,0.1,0,,0,0.18,,,
0902.40.92,0.2,0,0.025,0.1,0,,0,0.18,,,
0902.40.93,0.2,0,0.025,0.1,0,,0,0.18,,,
0902.40.99,0.2,0.1,0.025,0.1,0,,0,0.18,,,
0903.00,0.325,0,0.025,0.1,0,,0,0.18,,,
0904.11,0,0,0,0,0,,0,0,,,
0904.11.11,0.2,0,0.025,0.25,0,,0,0.18,,,
0904.11.19,0.2,0,0.025,0.25,0,,0,0.18,,,
0904.11.20,0.2,0,0.025,0.25,0,,0,0.18,,,
0904.11.30,0.2,0,0.025,0.25,0,,0,0.18,,,
0904.11.91,0.2,0.1,0.025,0.25,0,,0,0.18,,,
0904.11.99,0.2,0.1,0.025,0.25,0,,0,0.18,,,
0904.12.11,0.2,0,0.025,0.25,0,,0,0.18,,,
0904.12.19,0.2,0,0.025,0.25,0,,0,0.18,,,
0904.12.21,0.2,0,0.025,0.25,0,,0,0.18,,,
0904.12.29,0.2,0,0.025,0.25,0,,0,0.18,,,
0904.21.10,0,0,0.025,0,0,,100,0.18,,,
0904.21.90,0.2,0.1,0.025,0.25,0,,0,0.18,,,
0904.22.10,0,0,0.025,0,0,,100,0.18,,,
0904.22.90,0,0,0.025,0,0,,100,0.18,,,
0905.10,0,0,0,0,0,,0,0,,,
0905.10.10,0.2,0,0.025,0.25,0,,0,0.18,,,
0905.10.90,0.2,0.1,0.025,0.25,0,,0,0.18,,,
0905.20,0.2,0,0.025,0.25,0,,0,0.18,,,
0906.11,0,0,0,0,0,,0,0,,,
0906.11.11,0.2,0,0.025,0.25,0,,0,0.18,,,
0906.11.12,0.2,0,0.025,0.25,0,,0,0.18,,,
0906.11.13,0.2,0,0.025,0.25,0,,0,0.18,,,
0906.11.14,0.2,0,0.025,0.25,0,,0,0.18,,,
0906.11.15,0.2,0,0.025,0.25,0,,0,0.18,,,
0906.11.19,0.2,0,0.025,0.25,0,,0,0.18,,,
0906.11.91,0.2,0,0.025,0.25,0,,0,0.18,,,
0906.11.92,0.2,0,0.025,0.25,0,,0,0.18,,,
0906.11.93,0.2,0,0.025,0.25,0,,0,0.18,,,
0906.11.94,0.2,0,0.025,0.25,0,,0,0.18,,,
0906.11.95,0.2,0,0.025,0.25,0,,0,0.18,,,
0906.11.99,0.2,0,0.025,0.25,0,,0,0.18,,,
0906.19.00,0.2,0,0.025,0.25,0,,0,0.18,,,
0906.20.10,0.2,0,0.025,0.25,0,,0,0.18,,,
0906.20.20,0.2,0,0.025,0.25,0,,0,0.18,,,
0906.20.90,0.2,0,0.025,0.25,0,,0,0.18,,,
0907.10,0,0,0,0,0,,0,0,,,
0907.10.11,0.2,0,0.025,0.25,0,,0,0.18,,,
0907.10.12,0.2,0,0.025,0.25,0,,0,0.18,,,
0907.10.13,0.2,0,0.025,0.25,0,,0,0.18,,,
0907.10.91,0.2,0,0.025,0.25,0,,0,0.18,,,
0907.10.92,0.2,0,0.025,0.25,0,,0,0.18,,,
0907.10.93,0.2,0,0.025,0.25,0,,0,0.18,,,
0907.20,0.2,0,0.025,0.25,0,,0,0.18,,,
0908.11,0,0,0,0,0,,0,0,,,
0908.11.11,0.2,0,0.025,0.25,0,,0,0.18,,,
0908.11.19,0.2,0,0.025,0.25,0,,0,0.18,,,
0908.11.91,0.2,0,0.025,0.25,0,,0,0.18,,,
0908.11.99,0.2,0,0.025,0.25,0,,0,0.18,,,
0908.12.10,0.2,0,0.025,0.25,0,,0,0.18,,,
0908.12.90,0.2,0,0.025,0.25,0,,0,0.18,,,
0908.21,0.2,0,0.025,0.25,0,,0,0.18,,,
0908.22,0.2,0,0.025,0.25,0,,0,0.18,,,
0908.31,0.452,0,0.025,0.25,0,,0,0.18,,,
0908.32,0.452,0,0.025,0.25,0,,0,0.18,,,
0909.21,0,0,0,0,0,,0,0,,,
0909.22,0,0,0,0,0,,0,0,,,
0909.31,0.395,0,0.025,0,0,,0,0.18,,,
0909.32,0.395,0,0.025,0,0,,0,0.18,,,
0909.61.10,0.245,0,0.025,0,0,,0,0.18,,,
0909.61.20,0.395,0,0.025,0,0,,0,0.18,,,
0909.61.30,0.345,0,0.025,0,0,,0,0.18,,,
0909.61.90,0.395,0,0.025,0,0,,0,0.18,,,
0909.62.10,0.245,0.16,0.025,0,0,,0,0.18,,,
0909.62.90,0.395,0.16,0.025,0,0,,0,0.18,,,
0910.11,0,0,0,0,0,,0,0,,,
0910.11.10,0.81,0.1,0.025,0.1,0,,0,0.18,,,
0910.11.90,0.47,0,0.025,0.1,0,,0,0.18,,,
0910.12,0.81,0,0.025,0.1,0,,0,0.18,,,
0910.20.10,0.25,0,0.025,0.1,0,,0,0.18,,,
0910.20.90,0.25,0.1,0.025,0.1,0,,0,0.18,,,
0910.30.10,0,0,0,0,0,,0,0,,,
0910.30.90,0,0,0,0,0,,0,0,,,
0910.91.10,0.2,0.1,0.025,0.1,0,,0,0.18,,,
0910.91.90,0.2,0.1,0.025,0.1,0,,0,0.18,,,
0910.99.10,0.2,0,0.025,0,0,,0,0.18,,,
0910.99.20,0.2,0.1,0.025,0.1,0,,0,0.18,,,
0910.99.31,0.2,0.1,0.025,0.1,0,,0,0.18,,,
0910.99.39,0.2,0.1,0.025,0.1,0,,0,0.18,,,
0910.99.91,0.2,0.1,0.025,0.1,0,,0,0.18,,,
0910.99.99,0.2,0.1,0.025,0.1,0,,0,0.18,,,
1001.11,0,0.11,0.025,0,0,,0,0.18,,,
1001.19,0,0.11,0.025,0,0,,0,0.18,,,
1001.91.10,0,0.05,0.025,0,0,10% or Rs.12/= per kg,0,0,,,
1001.91.90,0,0.05,0.025,0.1,0,,0,0.18,,,
1001.99.10,0,0.05,0.025,0,0,10% or Rs.12/= per kg,0,0,,,
1001.99.90,0,0.11,0.025,0,0,,0,0.18,,,
1002.10,0.295,0,0.025,0,0,,0,0.18,,,
1002.90,0.295,0,0.025,0,0,,0,0.18,,,
1003.10,0.295,0,0.025,0,0,,0,0.18,,,
1003.90,0.295,0.16,0.025,0,0,,0,0.18,,,
1004.10,0.295,0,0.025,0,0,,0,0.18,,,
1004.90,0.295,0.16,0.025,0,0,,0,0.18,,,
1005.10,0,0.16,0.025,0,0,,0,0,,,
1005.90,0.2,0,0.025,0.15,0,,0,0.18,,,
1006.10,0,0,0.025,0.05,0,20% or Rs.80/= per kg | 5% or Rs.20/= per kg,0,0.18,,,
1006.20,0,0,0.025,0.05,0,20% or Rs.80/= per kg | 5% or Rs.20/= per kg,0,0.18,,,
1006.30.11,0,0.1,0.025,0.1,0,20% or Rs.80/= per kg | 10% or Rs.40/= per kg,0,0.18,,,
1006.30.19,0,0,0.025,0.1,0,20% or Rs.80/= per kg | 10% or Rs.40/= per kg,0,0.18,,,
1006.30.21,0,0.1,0.025,0.1,0,20% or Rs.80/= per kg | 10% or Rs.40/= per kg,0,0.18,,,
1006.30.29,0,0,0.025,0.1,0,20% or Rs.80/= per kg | 10% or Rs.40/= per kg,0,0.18,,,
1006.40,0,0.1,0.025,0.1,0,20% or Rs.140/= per kg | 10% or Rs.70/= per kg,0,0.18,,,
1007.10,0.2,0,0.025,0.23,0,,0,0.18,,,
1007.90,0.2,0.1,0.025,0.23,0,,0,0.18,,,
1008.10,0.2,0.1,0.025,0.05,0,,0,0.18,,,
1008.21.10,0.2,0,0.025,0.05,0,,0,0.18,,,
1008.21.90,0.2,0,0.025,0.05,0,,0,0.18,,,
1008.29.10,0.2,0,0.025,0.05,0,,0,0.18,,,
1008.29.90,0.2,0,0.025,0.05,0,,0,0.18,,,
1008.30,0.325,0.1,0.025,0.05,0,,0,0.18,,,
1008.40,0.4,0,0.025,0.05,0,,0,0.18,,,
1008.50,0.4,0.16,0.025,0.05,0,,0,0.18,,,
1008.60,0.4,0,0.025,0.05,0,,0,0.18,,,
1008.90,0.2,0,0.025,0.05,0,,0,0.18,,,
1101.00.10,0,0.1,0.025,0,0,20% or Rs.27/= per kg,0,0,,,
1101.00.90,0.2,0.1,0.025,0,0,,0,0.18,,,
1102.20,0.2,0,0.025,0.13,0,,0,0.18,,,
1102.90.10,0.2,0,0.025,0.05,0,,0,0.18,,,
1102.90.20,0.2,0,0.025,0.05,0,,0,0.18,,,
1102.90.30,0.2,0,0.025,0.05,0,,0,0.18,,,
1102.90.90,0.2,0,0.025,0.13,0,,0,0.18,,,
1103.11,0.2,0.1,0.025,0.13,0,,0,0.18,,,
1103.13,0.2,0.1,0.025,0.05,0,,0,0.18,,,
1103.19,0,0,0.025,0.13,0,20% or Rs.110/= per kg | 13% or Rs.65/= per kg,0,0.18,,,
1103.20,0.2,0,0.025,0.05,0,,0,0.18,,,
1104.12,0,0.1,0.025,0.25,0,20% or Rs.130/= per kg | 25% or Rs.110/= per kg,0,0.18,,,
1104.19,0,0.1,0.025,0.25,0,20% or Rs.65/= per kg | 25% or Rs.55/= per kg,0,0.18,,,
1104.22,0,0.1,0.025,0.25,0,20% or Rs.120/= per kg | 25% or Rs.100/= per kg,0,0.18,,,
1104.23,0,0,0.025,0.25,0,20% or Rs.720/= per kg | 25% or Rs.500/= per kg,0,0.18,,,
1104.29,0,0.1,0.025,0.25,0,20% or Rs.100/= per kg | 25% or Rs.80/= per kg,0,0.18,,,
1104.30,0,0,0.025,0.25,0,20% or Rs.65/- per kg | 25% or Rs.55/= per kg,0,0.18,,,
1105.10,0,0.1,0.025,0.08,0,20% or Rs.25/= per kg | 8% or Rs.5/= per kg,0,0.18,,,
1105.20,0,0.1,0.025,0.08,0,20% or Rs.160/= per kg | 8% or Rs.30/= per kg,0,0.18,,,
1106.10.10,0.2,0,0.025,0,0,,0,0.18,,,
1106.10.90,0.2,0,0.025,0.08,0,,0,0.18,,,
1106.20.10,0,0,0.025,0.04,0,,0,0.18,,,
1106.20.90,0.2,0.1,0.025,0.08,0,,0,0.18,,,
1106.30.10,0.2,0,0.025,0.08,0,,0,0.18,,,
1106.30.90,0.2,0,0.025,0.08,0,,0,0.18,,,
1107.10,0.255,0.16,0.025,0.17,0,,0,0.18,,,
1107.20,0.255,0.16,0.025,0.17,0,,0,0.18,,,
1108.11,0.3,0.1,0.025,0.05,0,,0,0.18,,,
1108.12,0.2,0.1,0.025,0,0,,0,0.18,,,
1108.13,0.2,0.1,0.025,0.05,0,,0,0.18,,,
1108.14,0.15,0.1,0.025,0.04,0,,0,0.18,,,
1108.19,0.2,0.1,0.025,0.05,0,,0,0.18,,,
1108.20,0.2,0.1,0.025,0.05,0,,0,0.18,,,
1109.00,0,0.16,0.025,0,0,,0,0.18,,,
1201.10,0.2,0,0.025,0,0,,0,0.18,,,
1201.90,0.2,0.1,0.025,0,0,,0,0.18,,,
1202.30,0.2,0,0.025,0.05,0,,0,0.18,,,
1202.41,0.2,0,0.025,0.05,0,,0,0.18,,,
1202.42,0.2,0,0.025,0.05,0,,0,0.18,,,
1203.00,0,0,0.025,0,0,,0,0.18,,,
1204.00,0.195,0,0.025,0,0,,0,0.18,,,
1205.10,0.195,0,0.025,0,0,,0,0.18,,,
1205.90,0.195,0,0.025,0,0,,0,0.18,,,
1206.00,0.195,0,0.025,0,0,,0,0.18,,,
1207.10.10,0.1,0,0.025,0,0,,0,0.18,,,
1207.10.90,0.3,0,0.025,0,0,,0,0.18,,,
1207.21,0.3,0,0.025,0,0,,0,0.18,,,
1207.29,0.3,0,0.025,0,0,,0,0.18,,,
1207.30,0.3,0,0.025,0,0,,0,0.18,,,
1207.40,0.2,0.1,0.025,0.15,0,,0,0.18,,,
1207.50,0.2,0,0.025,0.05,0,,0,0.18,,,
1207.60,0.3,0,0.025,0.05,0,,0,0.18,,,
1207.70,0.2,0,0.025,0.05,0,,0,0.18,,,
1207.91,0.3,0,0.025,0,0,,0,0.18,,,
1207.99.10,0,0,0.025,0,0,,0,0.18,,,
1207.99.90,0.2,0,0.025,0.05,0,,0,0.18,,,
1208.10,0.2,0.1,0.025,0.05,0,,0,0.18,,,
1208.90,0.2,0,0.025,0.05,0,,0,0.18,,,
1209.10,0,0,0.025,0,0,,0,0.18,,,
1209.21,0,0,0.025,0,0,,0,0.18,,,
1209.22,0,0,0.025,0,0,,0,0.18,,,
1209.23,0,0,0.025,0,0,,0,0.18,,,
1209.24,0,0,0.025,0,0,,0,0.18,,,
1209.25,0,0,0.025,0,0,,0,0.18,,,
1209.29,0,0,0.025,0,0,,0,0.18,,,
1209.30,0,0,0.025,0,0,,0,0.18,,,
1209.91,0,0.16,0.025,0,0,,0,0,,,
1209.99.10,0,0.16,0.025,0,0,,0,0,,,
1209.99.90,0,0.16,0.025,0,0,,0,0.18,,,
1210.10,0,0,0.025,0,0,,0,0.18,,,
1210.20,0,0.16,0.025,0,0,,0,0.18,,,
1211.20,0,0,0.025,0,0,,0,0.18,,,
1211.30,0,0,0.025,0,0,,0,0.18,,,
1211.40,0,0,0.025,0,0,,0,0.18,,,
1211.50,0,0,0.025,0,0,,0,0.18,,,
1211.60,0,0,0.025,0,0,,0,0.18,,,
1211.90.10,0,0,0.025,0,0,,0,0.18,,,
1211.90.90,0,0.16,0.025,0,0,,0,0.18,,,
1212.21,0.245,0.1,0.025,0,0,,0,0.18,,,
1212.29,0.2,0.1,0.025,0,0,,0,0.18,,,
1212.91,0.2,0,0.025,0.05,0,,0,0.18,,,
1212.92,0.2,0,0.025,0.05,0,,0,0.18,,,
1212.93,0.4,0,0.025,0.05,0,,0,0.18,,,
1212.94,0.2,0,0.025,0.05,0,,0,0.18,,,
1212.99,0.2,0,0.025,0.05,0,,0,0.18,,,
1213.00.10,0.48,0,0.025,0,0,,0,0.18,,,
1213.00.90,0.48,0,0.025,0,0,,0,0.18,,,
1214.10,0.225,0,0.025,0,0,,0,0.18,,,
1214.90,0.1,0.16,0.025,0,0,,0,0.18,,,
1301.20,0,0.16,0.025,0,0,,0,0.18,,,
1301.90.10,0,0.16,0.025,0,0,,0,0.18,,,
1301.90.90,0,0.16,0.025,0,0,,0,0.18,,,
1302.11,0.245,0,0.025,0,0,,0,0.18,,,
1302.12,0.245,0.16,0.025,0,0,,0,0.18,,,
1302.13,0,0.16,0.025,0,0,,0,0.18,,,
1302.14,0.3,0,0.025,0,0,,0,0.18,,,
1302.19.10,0.3,0,0.025,0,0,,0,0.18,,,
1302.19.90,0.2,0.16,0.025,0,0,,0,0.18,,,
1302.20,0,0.16,0.025,0,0,,0,0.18,,,
1302.31,0,0.16,0.025,0,0,,0,0.18,,,
1302.32,0,0.16,0.025,0,0,,0,0.18,,,
1302.39,0,0.16,0.025,0,0,,0,0.18,,,
1401.10,0,0.16,0.025,0,0,,0,0.18,,,
1401.20,0,0.16,0.025,0,0,,0,0.18,,,
1401.90,0,0.16,0.025,0,0,,0,0.18,,,
1404.20,0,0.16,0.025,0,0,,0,0.18,,,
1404.90.10,0,0.1,0.025,0.1,0,20% or Rs.1500/= per kg | 10% or Rs.3500/= per kg,0,0.18,,,
1404.90.20,0.2,0,0.025,0,0,,0,0.18,,,
1404.90.30,0.1,0,0.025,0,0,,0,0.18,,,
1404.90.40,0.1,0,0.025,0,0,,0,0.18,,,
1404.90.50,0.1,0,0.025,0,0,,0,0.18,,,
1404.90.60,0.2,0,0.025,0,0,,0,0.18,,,
1404.90.70,0,0.16,0.025,0,0,,0,0.18,,,
1404.90.80,0.2,0.16,0.025,0,0,,0,0.18,,,
1404.90.91,0.2,0,0.025,0,0,,0,0.18,,,
1404.90.92,0.4,0,0.025,0,0,,0,0.18,,,
1404.90.93,0.3,0,0.025,0,0,,0,0,,,
1404.90.94,0.2,0,0.025,0,0,,0,0.18,,,
1404.90.95,0.2,0,0.025,0,0,,0,0.18,,,
1404.90.99,0.2,0.16,0.025,0,0,,0,0,,,
1501.10,0.45,0,0.025,0,0,,0,0.18,,,
1501.20,0.45,0,0.025,0,0,,0,0.18,,,
1501.90,0.45,0,0.025,0,0,,0,0.18,,,
1502.10,0.2,0,0.025,0,0,,0,0.18,,,
1502.90,0.2,0,0.025,0.05,0,,0,0.18,,,
1503.00,0.2,0,0.025,0,0,,0,0.18,,,
1504.10,0,0,0,0,0,,0,0,,,
1504.10.10,0.2,0.1,0.025,0,0,,0,0.18,,,
1504.10.90,0.2,0.1,0.025,0,0,,0,0.18,,,
1504.20,0.2,0.1,0.025,0,0,,0,0.18,,,
1504.30.10,0.1,0,0.025,0,0,,0,0.18,,,
1504.30.20,0.1,0,0.025,0,0,,0,0.18,,,
1504.30.90,0.1,0,0.025,0,0,,0,0.18,,,
1505.00.10,0.245,0.1,0.025,0,0,,0,0.18,,,
1505.00.90,0.25,0.1,0.025,0.05,0,,0,0.18,,,
1506.00,0.2,0,0.025,0.05,0,,0,0.18,,,
1507.10,0,0,0.025,0,0,,250,0.18,,,
1507.90,0,0,0.025,0,0,,275,0.18,,,
1508.10,0.2,0,0.025,0.05,0,,0,0.18,,,
1508.90,0,0,0.025,0.1,0,20% or Rs.105/= per kg | 10% or Rs.75/= per kg,0,0.18,,,
1509.20,0,0,0.025,0.1,0,20% or Rs.110/= per kg | 10% or Rs.75/= per kg,0,0.18,,,
1509.30,0,0,0.025,0.1,0,20% or Rs.110/= per kg | 10% or Rs.75/= per kg,0,0.18,,,
1509.40,0,0,0.025,0.1,0,20% or Rs.110/= per kg | 10% or Rs.75/= per kg,0,0.18,,,
1509.90,0,0.1,0.025,0.1,0,20% or Rs.110/= per kg | 10% or Rs.75/= per kg,0,0.18,,,
1510.10,0,0,0.025,0.05,0,20% or Rs.110/- per kg | 5% or Rs.38/= per kg,0,0.18,,,
1510.90,0,0,0.025,0.05,0,20% or Rs.110/- per kg | 5% or Rs.38/= per kg,0,0.18,,,
1511.10,0,0,0.025,0,0,,250,0.18,,,
1511.90.10,0,0,0.025,0,0,,250,0.18,,,
1511.90.20,0,0,0.025,0,0,,275,0.18,,,
1511.90.30,0,0,0.025,0,0,,255,0.18,,,
1511.90.90,0,0,0.025,0,0,,275,0.18,,,
1512.11,0,0,0.025,0,0,,250,0.18,,,
1512.19,0,0,0.025,0,0,,275,0.18,,,
1512.21,0,0,0.025,0.05,0,20% or Rs.90/= per kg | 5% or Rs.25/= per kg,0,0.18,,,
1512.29,0,0,0.025,0.05,0,20% or Rs.110/= per kg | 5% or Rs.25/= per kg,0,0.18,,,
1513.11,0,0,0,0,0,,0,0,,,
1513.11.11,0,0,0.025,0,0,,125,0.18,,,
1513.11.19,0,0,0.025,0,0,,125,0.18,,,
1513.11.21,0,0,0.025,0,0,,125,0.18,,,
1513.11.29,0,0,0.025,0,0,,125,0.18,,,
1513.19,0,0,0,0,0,,0,0,,,
1513.19.10,0,0,0.025,0,0,,150,0.18,,,
1513.19.90,0,0,0.025,0,0,,150,0.18,,,
1513.21,0,0,0.025,0,0,,250,0.18,,,
1513.29,0,0,0.025,0,0,,275,0.18,,,
1514.11,0,0,0.025,0.05,0,20% or Rs.100/= per kg | 5% or Rs.35/= per kg,0,0.18,,,
1514.19,0,0.1,0.025,0.1,0,20% or Rs.110/= per kg | 10% or Rs.75/= per kg,0,0.18,,,
1514.91,0,0.1,0.025,0.05,0,5% or Rs.26/= per kg | 5% or Rs.26/= per kg | 20% or Rs.100/= per kg | 5% or Rs.35/= per kg,0,0.18,,,
1514.99,0,0.1,0.025,0.1,0,5% or Rs.28/= per kg | 5% or Rs.28/= per kg | 20% or Rs.110/= per kg | 10% or Rs.75/= per kg,0,0.18,,,
1515.11,0,0,0.025,0,0,5% or Rs.44/= per kg | 5% or Rs.44/= per kg | 20% or Rs.175/= per kg,30,0.18,,,
1515.19,0,0.1,0.025,0,0,5% or Rs.45/= per kg | 5% or Rs45/= per kg | 20% or Rs.180/= per kg,33,0.18,,,
1515.21,0,0.1,0.025,0.05,0,20% or Rs.100/= per kg | 5% or Rs.35/= per kg,0,0.18,,,
1515.29,0,0.1,0.025,0.1,0,20% or Rs.110/= per kg | 10% or Rs.75/= per kg,0,0.18,,,
1515.30,0.3,0.16,0.025,0.05,0,5% or Rs.55/= per kg,12,0.18,,,
1515.50,0.2,0.16,0.025,0,0,,27,0.18,,,
1515.60,0.2,0,0.025,0,0,,15,0.18,,,
1515.90,0,0,0,0,0,,0,0,,,
1515.90.10,0.195,0.16,0.025,0,0,,0,0.18,,,
1515.90.21,0,0,0,0,0,,125,0.18,,,
1515.90.29,0,0,0,0,0,,150,0.18,,,
1515.90.90,0.2,0.1,0.025,0,0,,15,0.18,,,
1516.10,0.2,0.1,0.025,0,0,,0,0.18,,,
1516.20,0,0,0.025,0,0,20% or Rs.160/= per kg,73,0.18,,,
1516.30,0,0,0.025,0,0,20% or Rs.180/= per kg,73,0.18,,,
1517.10.20,0,0,0.025,0.1,0,20% or Rs.100/= per kg | 10% or Rs.150/= per kg,0,0.18,,,
1517.10.30,0,0,0.025,0.1,0,20% or Rs.320/= per kg | 10% or Rs.160/= per kg,0,0.18,,,
1517.10.90,0,0,0.025,0.1,0,20% or Rs.200/= per kg | 10% or Rs.100/= per kg,0,0.18,,,
1517.90,0,0,0.025,0,0,20% or Rs.160/= per kg,200,0.18,,,
1518.00,0.2,0.1,0.025,0,0,,0,0.18,,,
1520.00.10,0.515,0.1,0.025,0,0,,0,0.18,,,
1520.00.20,0.395,0,0.025,0,0,,0,0.18,,,
1521.10,0.295,0.16,0.025,0,0,,0,0.18,,,
1521.90,0.195,0.16,0.025,0,0,,0,0.18,,,
1522.00,0.245,0,0.025,0,0,,0,0.18,,,
1601.00,0.2,0,0.025,0.4,0,40% or Rs.530/= per kg,0,0.18,,,
1602.10,0.2,0,0.025,0.1,0,,0,0.18,,,
1602.20,0.2,0,0.025,0.1,0,,0,0.18,,,
1602.31,0.2,0,0.025,0.1,0,,0,0.18,,,
1602.32,0.2,0.1,0.025,0.4,0,40% or Rs.430/= per kg,0,0.18,,,
1602.39,0.2,0,0.025,0.1,0,,0,0.18,,,
1602.41,0.2,0,0.025,0.4,0,40% or Rs.310/= per kg,0,0.18,,,
1602.42,0.2,0,0.025,0.1,0,,0,0.18,,,
1602.49,0.2,0,0.025,0.4,0,40% or Rs.450/= per kg,0,0.18,,,
1602.50,0.2,0.1,0.025,0.4,0,40% or Rs.350/= per kg,0,0.18,,,
1602.90,0.2,0,0.025,0.64,0,40% or Rs.220/= per kg | 24% or Rs.88/= per kg,0,0.18,,,
1603.00,0.15,0.16,0.025,0.47,0,23% or Rs.113/= per kg | 24% or Rs.80/= per kg,0,0.18,,,
1604.11,0.045,0,0.025,0,0,22.5% or Rs. 188 per kg | 30% or Rs. 250 per kg,0,0.18,,,
1604.12,0.045,0,0.025,0,0,22.5% or Rs. 188 per kg | 30% or Rs. 250 per kg,0,0.18,,,
1604.13,0,0,0.025,0,0,22.5% or Rs. 188 per kg | 30% or Rs. 250 per kg,0,0.18,,,
1604.14,0.525,0,0,0,0,,0,0,,,
1604.15,0,0,0,0,0,,0,0,,,
1604.16,0,0,0,0,0,,0,0,,,
1604.17,0,0,0.025,0,0,22.5% or Rs. 188 per kg | 30% or Rs. 250 per kg,0,0.18,,,
1604.18,0.045,0,0.025,0,0,22.5% or Rs. 188 per kg | 30% or Rs. 250 per kg,0,0.18,,,
1604.19,0.57,0,0.025,0,0,,0,0.18,,,
1604.20,0,0,0,0,0,,0,0.18,,,
1604.31,0.045,0,0.025,0,0,25.1% or Rs. 210 per kg | 30% or Rs. 250 per kg,0,0.18,,,
1604.32,0.045,0,0.025,0,0,30% or Rs. 250 per kg,0,0.18,,,
1605.10,0.2,0,0.025,0.1,0,,0,0.18,,,
1605.21,0.2,0,0.025,0.1,0,,0,0.18,,,
1605.29,0.2,0,0.025,0.1,0,,0,0.18,,,
1605.30,0.2,0,0.025,0.1,0,,0,0.18,,,
1605.40,0.2,0,0.025,0.1,0,,0,0.18,,,
1605.51,0.2,0,0.025,0.1,0,,0,0.18,,,
1605.52,0.2,0,0.025,0.1,0,,0,0.18,,,
1605.53,0.2,0,0.025,0.1,0,,0,0.18,,,
1605.54,0.2,0,0.025,0.1,0,,0,0.18,,,
1605.55,0.2,0,0.025,0.1,0,,0,0.18,,,
1605.56,0.2,0,0.025,0.1,0,,0,0.18,,,
1605.57,0.2,0,0.025,0.1,0,,0,0.18,,,
1605.58,0.2,0,0.025,0.1,0,,0,0.18,,,
1605.59,0.2,0,0.025,0.1,0,,0,0.18,,,
1605.61,0.2,0,0.025,0.1,0,,0,0.18,,,
1605.62,0.2,0,0.025,0.1,0,,0,0.18,,,
1605.63,0.2,0,0.025,0.1,0,,0,0.18,,,
1605.69,0.2,0,0.025,0.1,0,,0,0.18,,,
1701.12,0,0,0,0,0,,0,0,,,
1701.12.10,0,0,0.025,0,0,,30,0.18,,,
1701.12.90,0,0,0.025,0,0,,0,0.18,,,
1701.13.00,0,0,0.025,0,0,,0,0.18,,,
1701.14,0,0,0,0,0,,0,0,,,
1701.14.10,0,0,0.025,0,0,,30,0.18,,,
1701.14.90,0,0,0.025,0,0,,0,0.18,,,
1701.91,0,0,0,0,0,,0,0,,,
1701.91.10,0,0,0.025,0,0,,30,0.18,,,
1701.91.20,0,0,0.025,0,0,,30,0.18,,,
1701.91.30,0,0,0.025,0,0,,30,0.18,,,
1701.91.90,0,0,0.025,0,0,,30,0.18,,,
1701.99,0,0,0,0,0,,0,0,,,
1701.99.10,0,0,0.025,0,0,,30,0.18,,,
1701.99.20,0,0,0.025,0,0,,30,0.18,,,
1701.99.30,0,0,0.025,0,0,,30,0.18,,,
1701.99.40,0,0,0.025,0,0,,30,0.18,,,
1701.99.90,0,0,0.025,0,0,,0,0.18,,,
1702.11.00,0.2,0.16,0.025,0,0,,0,0.18,,,
1702.19.00,0.2,0.16,0.025,0,0,,0,0.18,,,
1702.20.00,0.345,0.16,0.025,0,0,,0,0.18,,,
1702.30.00,0.2,0.16,0.025,0,0,,0,0.18,,,
1702.40.00,0.345,0.16,0.025,0,0,,0,0.18,,,
1702.50.00,0.345,0.16,0.025,0,0,,0,0.18,,,
1702.60.00,0.345,0,0.025,0,0,,0,0.18,,,
1702.90,0,0,0,0,0,,0,0,,,
1702.90.10,0.2,0.1,0.025,0,0,,90,0.18,,,
1702.90.21,0,0.16,0.025,0,0,,370,0.18,,,
1702.90.22,0,0.16,0.025,0,0,,370,0.18,,,
1702.90.23,0,0.16,0.025,0,0,,370,0.18,,,
1702.90.29,0,0.16,0.025,0,0,,370,0.18,,,
1702.90.30,0,0,0.025,0,0,,370,0.18,,,
1702.90.40,0.2,0.16,0.025,0,0,,0,0.18,,,
1702.90.90,0.2,0.16,0.025,0,0,,290,0.18,,,
1703.10,0.2,0,0.025,0.05,0,,0,0.18,,,
1703.90,0.2,0,0.025,0.05,0,,0,0.18,,,
1704.10,0,0,0,0,0,,0,0,,,
1704.10.10,0,0.1,0.025,0.45,0,20% or Rs.100/= per kg | 45% or 45% of 65% of MRP or Rs.260/= per kg,0,0.18,,,
1704.10.90,0,0,0.025,0.45,0,20% or Rs.100/= per kg | 45% or Rs.260/= per kg,0,0.18,,,
1704.90,0,0,0,0,0,,0,0,,,
1704.90.10,0,0.1,0.025,0.45,0,20% or Rs.100/= per kg,0,0.18,,,
1704.90.90,0,0.1,0.025,0.45,0,20% or Rs.100/= per kg | 45% or Rs.260/= per kg,0,0.18,,,
1801.00,0,0,0,0,0,,0,0,,,
1801.00.10,0.2,0.11,0.025,0.08,0,,0,0.18,,,
1801.00.20,0.1,0,0.025,0.05,0,,0,0.18,,,
1802.00.00,0.4,0,0.025,0.08,0,,0,0.18,,,
1803.10.00,0.2,0.16,0.025,0,0,,0,0.18,,,
1803.20.00,0.2,0.1,0.025,0.08,0,,0,0.18,,,
1804.00.00,0.2,0.16,0.025,0,0,,0,0.18,,,
1805.00.00,0.1,0.16,0.025,0.04,0,,0,0.18,,,
1806.10.00,0,0.1,0.025,0.35,0,20% or Rs. 240 per Kg | 35% or Rs.160/= per kg,0,0.18,,,
1806.20.00,0,0.1,0.025,0.18,0,20% or Rs. 520 per Kg | 18% or Rs.80/= per kg,0,0.18,,,
1806.31.00,0,0.1,0.025,0.35,0,20% or Rs.220/= per kg | 35% or 35% of 65% of MRP or Rs.200/= per kg,0,0.18,,,
1806.32.00,0,0.1,0.025,0.35,0,20% or Rs.220/= per kg | 35% or 35% of 65% of MRP or Rs.200/= per kg,0,0.18,,,
1806.90.00,0,0.1,0.025,0.35,0,20% or Rs.220/= per kg | 35% or 35% of 65% of MRP or Rs.200/= per kg,0,0.18,,,
1901.10,0,0,0,0,0,,0,0,,,
1901.10.10,0.055,0.16,0.025,0,0,,0,0,,,
1901.10.90,0.055,0.16,0.025,0,0,,0,0.18,,,
1901.20.00,0.3,0.16,0.025,0,0,,0,0.18,,,
1901.90,0,0,0,0,0,,0,0,,,
1901.90.10,0.3,0.16,0.025,0.2,0,,0,0.18,,,
1901.90.91,0.2,0.16,0.025,0.17,0,,0,0.18,,,
1901.90.92,0.2,0.16,0.025,0.17,0,,0,0.18,,,
1901.90.93,0.2,0,0.025,0.17,0,,0,0.18,,,
1901.90.99,0,0.16,0.025,0.04,0,,0,0.18,,,
1902.11.00,0,0.16,0.025,0.54,0,20% or Rs.160/- per kg | 30% or Rs.140/= per kg | 24% or Rs.64/= per kg,0,0.18,,,
1902.19.00,0.1,0.16,0.025,0.54,0,20% or Rs.160/- per kg | 30% or Rs.140/= per kg | 24% or Rs.64/= per kg,0,0.18,,,
1902.20.00,0,0.16,0.025,0.54,0,20% or Rs.160/- per kg | 30% or Rs.140/= per kg | 24% or Rs.64/= per kg,0,0.18,,,
1902.30.00,0,0.16,0.025,0.54,0,20% or Rs.160/- per kg | 30% or Rs.140/= per kg | 24% or Rs.64/= per kg,0,0.18,,,
1902.40.00,0,0.16,0.025,0.54,0,20% or Rs.160/- per kg | 30% or Rs.140/= per kg | 24% or Rs.64/= per kg,0,0.18,,,
1903.00.00,0.2,0.1,0.025,0.05,0,,0,0.18,,,
1904.10.00,0,0.1,0.025,0.3,0,20% or Rs.230/- per kg | 30% or Rs.140/= per kg,0,0.18,,,
1904.20.00,0,0.1,0.025,0.3,0,20% or Rs.400/- per kg | 30% or Rs.140/= per kg,0,0.18,,,
1904.30.00,0.3,0,0.025,0.3,0,30% or Rs.140/= per kg,0,0.18,,,
1904.90.00,0.2,0.1,0.025,0.3,0,30% or Rs.140/= per kg,0,0.18,,,
1905.10.00,0.2,0,0.025,0.35,0,35% or Rs.160/= per kg,0,0.18,,,
1905.20.00,0.2,0,0.025,0.35,0,35% or Rs.180/= per kg,0,0.18,,,
1905.31,0,0,0,0,0,,0,0,,,
1905.31.10,0.2,0.1,0.025,0.35,0,35% or 35% of 65% of MRP or Rs.160/= per kg,0,0.18,,,
1905.31.90,0.2,0.1,0.025,0.35,0,35% or Rs.160/= per kg,0,0.18,,,
1905.32,0,0,0,0,0,,0,0,,,
1905.32.10,0.2,0.1,0.025,0.35,0,35% or 35% of 65% of MRP or Rs.160/= per kg,0,0.18,,,
1905.32.90,0.2,0,0.025,0.35,0,35% or Rs.160/= per kg,0,0.18,,,
1905.40,0,0,0,0,0,,0,0,,,
1905.40.10,0.2,0.1,0.025,0.35,0,35% or 35% of 65% of MRP or Rs.160/= per kg,0,0.18,,,
1905.40.90,0.2,0,0.025,0.35,0,35% or Rs.160/= per kg,0,0.18,,,
1905.90,0,0,0,0,0,,0,0,,,
1905.90.10,0.2,0,0.025,0.35,0,35% or Rs.160/= per kg,0,0.18,,,
1905.90.20,0.2,0.1,0.025,0.35,0,35% or 35% of 65% of MRP or Rs.160/= per kg,0,0.18,,,
1905.90.90,0.2,0.1,0.025,0.35,0,35% or Rs.160/= per kg,0,0.18,,,
2001.10,0,0,0,0,0,,0,0,,,
2001.10.10,0,0,0.025,0.45,0,20% or Rs. 140/- per kg | 45% or Rs.290/= per kg,0,0.18,,,
2001.10.20,0,0.1,0.025,0.45,0,20% or Rs. 140/- per kg | 45% or Rs.290/= per kg,0,0.18,,,
2001.90.00,0,0.1,0.025,0.45,0,20% or Rs. 70/- per kg | 45% or Rs.290/= per kg,0,0.18,,,
2002.10.00,0,0.1,0.025,0.3,0,20% or Rs. 60/- per kg | 30% or Rs.75/= per kg,0,0.18,,,
2002.90.00,0,0.1,0.025,0.3,0,20% or Rs. 80/- per kg | 30% or Rs.75/= per kg,0,0.18,,,
2003.10.00,0,0.1,0.025,0.45,0,20% or Rs. 75/- per kg | 45% or Rs.270/= per kg,0,0.18,,,
2003.90,0,0,0,0,0,,0,0,,,
2003.90.10,0,0,0.025,0.73,0,20% or Rs. 120/- per kg | 45% or Rs.300/= per kg | 28% or Rs.100/= per kg,0,0.18,,,
2003.90.90,0,0.1,0.025,0.45,0,5% or Rs.30/- per kg | 5% or Rs.30/- per kg | 20% or Rs.120/- per kg | 45% or Rs.300/= per kg,0,0.18,,,
2004.10.00,0,0.1,0.025,0.45,0,20% or Rs.100/- per kg | 45% or Rs 290/= per kg,0,0.18,,,
2004.90.00,0,0.1,0.025,0.45,0,20% or Rs.110/- per kg | 45% or Rs 290/= per kg,0,0.18,,,
2005.10.00,0,0,0.025,0.45,0,20% or Rs.200/- per kg | 45% or Rs.350/= per kg,0,0.18,,,
2005.20.00,0,0.1,0.025,0.45,0,20% or Rs.370/- per kg | 45% or Rs.450/= per kg,0,0.18,,,
2005.40.00,0,0.16,0.025,0.73,0,20% or Rs.150/- per kg | 45% or Rs.320/= per kg | 28% or Rs.100/= per kg,0,0.18,,,
2005.51.00,0,0.16,0.025,0.73,0,20% or Rs.110/- per kg | 45% or Rs.290/= per kg | 28% or Rs.100/= per kg,0,0.18,,,
2005.59.00,0,0.16,0.025,0.73,0,20% or Rs.110/- per kg | 45% or Rs.290/= per kg | 28% or Rs.100/= per kg,0,0.18,,,
2005.60.00,0,0.16,0.025,0.73,0,20% or Rs.110/- per kg | 45% or Rs.290/= per kg | 28% or Rs.100/= per kg,0,0.18,,,
2005.70.00,0,0.16,0.025,0.73,0,20% or Rs.140/- per kg | 45% or Rs.290/= per kg | 28% or Rs.100/= per kg,0,0.18,,,
2005.80.00,0,0.16,0.025,0.73,0,20% or Rs. 70/- per kg | 45% or Rs.290/= per kg | 28% or Rs.100/= per kg,0,0.18,,,
2005.91.00,0,0.16,0.025,0.73,0,7.5% or Rs.20/- per kg | 5% or Rs.14/- per kg | 20% or Rs. 60/- per kg | 45% or Rs.290/= per kg | 28% or Rs.100/= per kg,0,0.18,,,
2005.99.00,0,0.1,0.025,0.45,0,20% or Rs.120/- per kg | 45% or Rs.290/= per kg,0,0.18,,,
2006.00.10,0,0.1,0.025,0.45,0,23.8% or Rs. 49/- per kg | 20% or Rs.100/- per kg | 45% or Rs.290/= per kg,0,0.18,,,
2006.00.90,0,0.1,0.025,0.45,0,20% or Rs.150/- per kg | 45% or Rs.290/= per kg,0,0.18,,,
2007.10.00,0,0.16,0.025,0.1,0,20% or Rs.280/- per kg | 10% or Rs.130/= per kg,0,0.18,,,
2007.91.00,0,0,0.025,0.45,0,23.8% or Rs. 286/- per kg | 20% or Rs.480/- per kg | 45% or Rs.540/= per kg,0,0.18,,,
2007.99.00,0,0.1,0.025,0.45,0,23.8% or Rs. 120/- per kg | 20% or Rs.210/- per kg | 45% or Rs.360/= per kg,0,0.18,,,
2008.11.00,0,0.1,0.025,0.45,0,20% or Rs.200/- per kg | 45% or Rs.360/= per kg,0,0.18,,,
2008.19,0,0,0,0,0,,0,0,,,
2008.19.10,0,0.1,0.025,0.45,0,20% or Rs.160/- per kg | 45% or Rs.260/= per kg,0,0.18,,,
2008.19.20,0,0,0.025,0.35,0,20% or Rs.250/- per kg | 35% or Rs.350/= per kg,0,0.18,,,
2008.19.30,0,0,0.025,0.35,0,20% or Rs.250/- per kg | 35% or Rs.350/= per kg,0,0.18,,,
2008.19.40,0,0,0.025,0.35,0,20% or Rs.250/- per kg | 35% or Rs.350/= per kg,0,0.18,,,
2008.19.90,0,0.1,0.025,0.45,0,20% or Rs.260/- per kg | 45% or Rs.360/= per kg,0,0.18,,,
2008.20.00,0,0.1,0.025,0.45,0,20% or Rs.30/- per kg | 45% or Rs.250/= per kg,0,0.18,,,
2008.30,0,0,0,0,0,,0,0,,,
2008.30.10,0,0.1,0.025,0.1,0,23.8% or Rs. 72/- per kg | 20% or Rs. 140/- per kg | 10% or Rs.60/= per kg,0,0.18,,,
2008.30.90,0,0.1,0.025,0.45,0,23.8% or Rs. 32/- per kg | 20% or Rs.60/- per kg | 45% or Rs.270/= per kg,0,0.18,,,
2008.40.00,0,0.16,0.025,0.73,0,23.8% or Rs. 33/- per kg | 20% or Rs.60/- per kg | 45% or Rs.270/= per kg | 28% or Rs.100/= per kg,0,0.18,,,
2008.50,0,0,0,0,0,,0,0,,,
2008.50.10,0.2,0,0.025,0.1,0,23.8% or Rs. 34/- per kg | 20% or Rs.60/- per kg | 10% or Rs.30/= per kg,0,0.18,,,
2008.50.90,0.2,0.16,0.025,0.73,0,23.8% or Rs. 39/- per kg | 20% or Rs.70/- per kg | 45% or Rs.270/= per kg | 28% or Rs.100/= per kg,0,0.18,,,
2008.60.00,0.2,0.16,0.025,0.73,0,23.8% or Rs. 48/- per kg | 20% or Rs.100/- per kg | 45% or Rs.290/= per kg | 28% or Rs.100/= per kg,0,0.18,,,
2008.70.00,0.2,0.16,0.025,0.73,0,23.8% or Rs. 55/- per kg | 20% or Rs.100/- per kg | 45% or Rs.290/= per kg | 28% or Rs.100/= per kg,0,0.18,,,
2008.80.00,0,0.1,0.025,0.45,0,23.8% or Rs. 166/- per kg | 20% or Rs.280/- per kg | 45% or Rs.400/= per kg,0,0.18,,,
2008.91.00,0,0,0.025,0.45,0,20% or Rs.110/- per kg | 45% or Rs.290/= per kg,0,0.18,,,
2008.93.00,0.2,0,0.025,0.73,0,20% or Rs. 110/- per kg | 45% or Rs.290/= per kg | 28% or Rs.100/= per kg,0,0.18,,,
2008.97.00,0,0.1,0.025,0.45,0,20% or Rs.160/- per kg | 45% or Rs.320/= per kg,0,0.18,,,
2008.99,0,0,0,0,0,,0,0,,,
2008.99.10,0,0.1,0.025,0.45,0,20% or Rs.100/- per kg | 45% or Rs.290/= per kg,0,0.18,,,
2008.99.90,0,0.1,0.025,0.45,0,20% or Rs.120/- per kg | 45% or Rs.290/= per kg,0,0.18,,,
2009.11,0,0,0,0,0,,0,0,,,
2009.11.10,0,0.1,0.025,0.1,0,20% or Rs.140/- per kg | 10% or Rs.100/= per kg,0,0.18,,,
2009.11.90,0,0.1,0.025,0.45,0,20% or Rs.140/- per kg | 45% or Rs.320/= per kg,0,0.18,,,
2009.12.00,0,0.1,0.025,0.45,0,20% or Rs.140/- per kg | 45% or Rs.250/= per kg,0,0.18,,,
2009.19.00,0,0.1,0.025,0.45,0,20% or Rs.140/- per kg | 45% or Rs.250/= per kg,0,0.18,,,
2009.21.00,0,0.1,0.025,0.45,0,5% or Rs.36/- per kg | 5% or Rs.36/- per kg | 20% or Rs.140/- per kg | 45% or Rs.250/= per kg,0,0.18,,,
2009.29.00,0,0.1,0.025,0.45,0,20% or Rs.140/- per kg | 45% or Rs.320/= per kg,0,0.18,,,
2009.31.00,0,0,0.025,0.45,0,5% or Rs.32/- per kg | 5% or Rs.32/- per kg | 20% or Rs.130/- per kg | 45% or Rs.250/= per kg,0,0.18,,,
2009.39.00,0,0.1,0.025,0.45,0,20% or Rs. 130/- per kg | 45% or Rs.250/= per kg,0,0.18,,,
2009.41.00,0,0.1,0.025,0.45,0,5% or Rs.21/- per kg | 5% or Rs.21/- per kg | 20% or Rs.100/- per kg | 45% or Rs.230/= per kg,0,0.18,,,
2009.49.00,0,0,0.025,0.45,0,5% or Rs.21/- per kg | 5% or Rs.21/- per kg | 20% or Rs.100/- per kg | 45% or Rs.290/= per kg,0,0.18,,,
2009.50.00,0,0.1,0.025,0.45,0,20% or Rs.60/- per kg | 45% or Rs.225/= per kg,0,0.18,,,
2009.61.00,0.2,0.16,0.025,0.73,0,5% or Rs. 15/- per kg | 5% or Rs. 15/- per kg | 20% or Rs.60/- per kg | 45% or Rs.225/= per kg | 28% or Rs.88/= per kg,0,0.18,,,
2009.69.00,0.2,0.16,0.025,0.73,0,20% or Rs.140/- per kg | 45% or Rs.320/= per kg | 28% or Rs.88/= per kg,0,0.18,,,
2009.71.00,0.2,0.16,0.025,0.73,0,5% or Rs.15/- per kg | 5% or Rs.15/- per kg | 20% or Rs.60/- per kg | 45% or Rs.230/= per kg | 28% or Rs.88/= per kg,0,0.18,,,
2009.79.00,0.2,0.16,0.025,0.73,0,5% or Rs.29/- per kg | 5% or Rs.29/- per kg | 20% or Rs.120/- per kg | 45% or Rs.230/= per kg | 28% or Rs.88/= per kg,0,0.18,,,
2009.81.00,0.2,0,0.025,0.73,0,20% or Rs.130/- per kg | 45% or Rs.320/= per kg | 28% or Rs.88/= per kg,0,0.18,,,
2009.89,0,0,0,0,0,,0,0,,,
2009.89.10,0,0,0.025,0.45,0,20% or Rs.300/- per kg | 45% or Rs.225/= per kg,0,0.18,,,
2009.89.90,0,0.1,0.025,0.45,0,20% or Rs.80/- per kg | 45% or Rs.225/= per kg,0,0.18,,,
2009.90.00,0,0.1,0.025,0.45,0,20% or Rs.130/- per kg | 45% or Rs.320/= per kg,0,0.18,,,
2101.11.00,0,0.1,0.025,0.25,0,20% or Rs.850/- per kg | 25% or Rs.800/= per kg,0,0.18,,,
2101.12.00,0,0.1,0.025,0.25,0,20% or Rs. 550/- per kg | 25% or Rs.500/= per kg,0,0.18,,,
2101.20,0,0,0,0,0,,0,0,,,
2101.20.11,0,0,0.025,0.1,0,20% or Rs. 1500/- per kg | 10% or Rs.600/= per kg,0,0.18,,,
2101.20.12,0,0.1,0.025,0.1,0,20% or Rs. 1500/- per kg | 10% or Rs.600/= per kg,0,0.18,,,
2101.20.13,0,0,0.025,0.1,0,20% or Rs. 1500/- per kg | 10% or Rs.600/= per kg,0,0.18,,,
2101.20.19,0,0.1,0.025,0.1,0,20% or Rs. 1500/- per kg | 10% or Rs.600/= per kg,0,0.18,,,
2101.20.91,0,0,0.025,0.25,0,20% or Rs.200/- per kg | 25% or Rs.240/= per kg,0,0.18,,,
2101.20.92,0,0.1,0.025,0.25,0,20% or Rs.210/- per kg | 25% or Rs.160/= per kg,0,0.18,,,
2101.20.93,0,0.1,0.025,0.25,0,20% or Rs.250/- per kg | 25% or Rs.200/= per kg,0,0.18,,,
2101.20.99,0,0.1,0.025,0.25,0,20% or Rs.250/- per kg | 25% or Rs.200/= per kg,0,0.18,,,
2101.30.00,0,0.16,0.025,0.32,0,20% or Rs. 300/- per kg | 20% or Rs.250/= per kg,0,0.18,,,
2102.10.00,0,0.16,0.025,0,0,,0,0.18,,,
2102.20.00,0,0.16,0.025,0,0,,0,0.18,,,
2102.30.00,0.2,0.16,0.025,0.05,0,,0,0.18,,,
2103.10.00,0.2,0.16,0.025,0.64,0,40% or Rs.180/= per kg | 24% or Rs.100/- per kg.,0,0.18,,,
2103.20.00,0.2,0.1,0.025,0.4,0,40% or Rs.180/= per kg,0,0.18,,,
2103.30.00,0.2,0.16,0.025,0.64,0,40% or Rs.180/= per kg | 24% or Rs.100/- per kg.,0,0.18,,,
2103.90.10,0.4,0.16,0.025,0,0,,0,0.18,,,
2103.90.90,0.2,0.16,0.025,0.49,0,25% or Rs.160/= per kg | 24% or Rs.100/- per kg.,0,0.18,,,
2104.10,0.2,0.16,0.025,0.64,0,40% or Rs.180/= per kg | 24% or Rs.100/- per kg.,0,0.18,,,
2104.20,0.2,0,0.025,0.64,0,40% or Rs.180/= per kg | 24% or Rs.100/- per kg.,0,0.18,,,
2105.00.00,0.2,0.1,0.025,0.4,0,40% or Rs.220/= per kg,0,0.18,,,
2106.10,0,0,0,0,0,,0,0,,,
2106.10.10,0.2,0,0.025,0,0,,0,0.18,,,
2106.10.90,0.2,0.16,0.025,0.1,0,,0,0.18,,,
2106.90,0,0,0,0,0,,0,0,,,
2106.90.11,0,0.16,0.025,0,0,,0,0.18,,,
2106.90.12,0,0.16,0.025,0,0,,0,0.18,,,
2106.90.19,0.4,0.16,0.025,0.1,0,,0,0.18,,,
2106.90.20,0,0.16,0.025,0,0,,0,0.18,,,
2106.90.31,0.395,0.16,0.025,0,0,,0,0.18,,,
2106.90.32,0,0.16,0.025,0,0,,72,0.18,,,
2106.90.39,0,0.16,0.025,0,0,,0,0.18,,,
2106.90.41,0.3,0.16,0.025,0,0,,0,0.18,,,
2106.90.42,0.2,0,0.025,0,0,,0,0.18,,,
2106.90.43,0,0.16,0.025,0,0,,0,0.18,,,
2106.90.49,0.2,0.16,0.025,0.1,0,,0,0.18,,,
2106.90.50,0.2,0.1,0.025,0.4,0,40% or Rs.270/= per kg,0,0.18,,,
2106.90.60,0,0,0.025,0.4,0,20% or Rs.350/- per kg | 40% or Rs.450/= per kg,0,0.18,,,
2106.90.91,0,0.16,0.025,0,0,,0,0.18,,,
2106.90.92,0.2,0.1,0.025,0.1,0,,0,0.18,,,
2106.90.93,0.354,0,0.025,0.1,0,,0,0.18,,,
2106.90.95,0.3,0.16,0.025,0,0,,0,0.18,,,
2106.90.96,0,0.16,0.025,0,0,,0,0.18,,,
2106.90.97,0.4,0.16,0.025,0.1,0,,0,0.18,,,
2106.90.99,0,0.06,0,0.16,0,,0,0,,,
2201.10,0,0,0,0,0,,0,0,,,
2201.10.10,0,0,0.025,0.1,0,20% or Rs.190/= per l | 10% OR Rs.90 per l,31,0.18,,,
2201.10.90,0.2,0.1,0.025,0.1,0,,0,0.18,,,
2201.90,0,0,0,0,0,,0,0,,,
2201.90.10,0.2,0,0.025,0.1,0,,0,0.18,,,
2201.90.90,0.2,0,0.025,0.1,0,,0,0.18,,,
2202.10.00,0.2,0.1,0.025,0.45,0,45% or Rs.270 per l,15,0.18,,,
2202.91.00,0.2,0.1,0.025,0.45,0,45% or Rs.270 per l,0,0.18,,,
2202.99,0,0,0.025,0,0,,0,0,,,
2202.99.10,0.2,0.1,0.025,0.45,0,45% or Rs.270 per l,0,0.18,,,
2202.99.20,0.2,0,0.025,0.1,0,,0,0.18,,,
2202.99.30,0.2,0.1,0.025,0.45,0,45% or Rs.360 per l,15,0.18,,,
2202.99.40,0.2,0,0.025,0.35,0,35% or Rs.200 per l,0,0.18,,,
2202.99.51,0,0.1,0.025,0.35,0,20% or Rs.60/= per l | 35% or Rs.200 per l,0,0.18,,,
2202.99.59,0,0.1,0.025,0.35,0,20% or Rs.60/= per l | 35% or Rs.200 per l,0,0.18,,,
2202.99.61,0.2,0,0.025,0.35,0,35% or Rs.180 per l,0,0.18,,,
2202.99.69,0.2,0.1,0.025,0.35,0,35% or Rs.180 per l,0,0.18,,,
2202.99.70,0.2,0.1,0.025,0.35,0,35% or Rs.400 per l,0,0.18,,,
2202.99.91,0,0.1,0.025,0.35,0,20% or Rs.70/- per l | 35% or Rs.200 per l,0,0.18,,,
2202.99.99,0,0.1,0.025,0.35,0,20% or Rs.60/- per l | 35% or Rs.200 per l,0,0.18,,,
2203.00,0,0,0,0,0,,0,0,,,
2203.00.10,0,0.1,0.025,0,0,,550,0.18,,,
2203.00.20,0,0.1,0.025,0,0,,550,0.18,,,
2203.00.90,0,0.1,0.025,0,0,,550,0.18,,,
2204.10.00,0,0.1,0.025,0,0,,440,0.18,,,
2204.21.00,0,0.1,0.025,0,0,,440,0.18,,,
2204.22.00,0,0.1,0.025,0,0,,440,0.18,,,
2204.29.00,0,0.1,0.025,0,0,,440,0.18,,,
2204.30.00,0,0,0.025,0,0,,440,0.18,,,
2205.10.00,0,0.1,0.025,0,0,,440,0.18,,,
2205.90.00,0,0.1,0.025,0,0,,440,0.18,,,
2206.00,0,0,0,0,0,,0,0,,,
2206.00.10,0,0.1,0.025,0,0,,440,0.18,,,
2206.00.90,0,0,0,0,0,,0,0,,,
2206.00.91,0,0,0.025,0.5,0,,440,0.18,,,
2206.00.99,0,0,0.025,0.5,0,,440,0.18,,,
2207.10,0,0.1,0.025,0,0,,1000,0.18,,,
2207.20,0,0,0,0,0,,0,0,,,
2207.20.10,0,0.1,0.025,0,0,,1000,0.18,,,
2207.20.20,0,0,0.025,0,0,,880,0.18,,,
2207.20.90,0,0,0.025,0,0,,880,0.18,,,
2208.20.00,0,0.1,0.025,0.7,0,,2750,0.18,,,
2208.30.00,0,0.1,0.025,0.7,0,,2750,0.18,,,
2208.40,0,0,0,0,0,,0,0,,,
2208.40.10,0,0.1,0.025,0.7,0,,5440,0.18,,,
2208.40.90,0,0.1,0.025,0.7,0,,2750,0.18,,,
2208.50.00,0,0.1,0.025,0.7,0,,2750,0.18,,,
2208.60.00,0,0.1,0.025,0.7,0,,2750,0.18,,,
2208.70.00,0,0.1,0.025,0.7,0,,2750,0.18,,,
2208.90,0,0,0,0,0,,0,0,,,
2208.90.10,0,0.1,0.025,0.7,0,,2750,0.18,,,
2208.90.20,0,0,0.025,0.7,0,,2750,0.18,,,
2208.90.90,0,0.1,0.025,0.7,0,,2750,0.18,,,
2209.00.00,0.2,0.1,0.025,0.35,0,35% or Rs.200/= per l,0,0.18,,,
2301.10,0.395,0.16,0.025,0,0,,0,0.18,,,
2301.20,0.395,0.16,0.025,0,0,,0,0.18,,,
2302.10,0.3,0.16,0.025,0,0,,0,0.18,,,
2302.30,0.3,0,0.025,0,0,,0,0.18,,,
2302.40,0,0,0,0,0,,0,0,,,
2302.40.10,0.3,0,0.025,0,0,,0,0.18,,,
2302.40.90,0.3,0.16,0.025,0,0,,0,0.18,,,
2302.50,0.3,0,0.025,0,0,,0,0.18,,,
2303.10,0.295,0.16,0.025,0,0,,0,0.18,,,
2303.20,0.295,0,0.025,0,0,,0,0.18,,,
2303.30,0.395,0.16,0.025,0,0,,0,0.18,,,
2304.00,0.395,0.16,0.025,0,0,,0,0.18,,,
2305.00,0.295,0,0.025,0,0,,0,0.18,,,
2306.10,0.295,0,0.025,0,0,,0,0.18,,,
2306.20,0.295,0,0.025,0,0,,0,0.18,,,
2306.30,0.295,0.16,0.025,0,0,,0,0.18,,,
2306.41,0.295,0,0.025,0,0,,0,0.18,,,
2306.49,0.295,0.16,0.025,0,0,,0,0.18,,,
2306.50,0,0,0,0,0,,0,0,,,
2306.50.10,0.295,0,0.025,0,0,,0,0.18,,,
2306.50.20,0.295,0.16,0.025,0,0,,0,0.18,,,
2306.50.90,0.295,0,0.025,0,0,,0,0.18,,,
2306.60,0.395,0,0.025,0,0,,0,0.18,,,
2306.90,0.295,0.16,0.025,0,0,,0,0.18,,,
2307.00,0,0,0,0,0,,0,0,,,
2307.00.10,0.295,0,0.025,0,0,,0,0.18,,,
2307.00.20,0.295,0,0.025,0,0,,0,0.18,,,
2308.00,0.295,0.16,0.025,0,0,,0,0.18,,,
2309.10,0.45,0.16,0.025,0.1,0,,0,0.18,,,
2309.90,0,0,0,0,0,,0,0,,,
2309.90.10,0,0.16,0.025,0,0,,0,0.18,,,
2309.90.20,0,0.16,0.025,0,0,,0,0,,,
2309.90.30,0,0.16,0.025,0,0,,0,0.18,,,
2309.90.90,0,0.16,0.025,0,0,,0,0.18,,,
2401.10.00,0,0,0.025,0.25,0,90% or Rs.425/= per kg,0,0.18,,,
2401.20.00,0,0,0.025,0.25,0,90% or Rs.425/= per kg,0,0.18,,,
2401.30.00,0,0,0.025,0.25,0,90% or Rs.425/= per kg,0,0.18,,,
2402.10.00,0,0,0.025,0,0,,17660,0.18,,,
2402.20.10,0,0,0.025,0.25,0,80% or Rs.9100/= per kg gross weight,0,0.18,,,
2402.20.20,0.2,0,0.025,1.6,0,,19350,0.18,,,
2402.20.30,0.2,0,0.025,1.6,0,,50150,0.18,,,
2402.20.40,0.2,0,0.025,1.6,0,,71450,0.18,,,
2402.20.50,0.2,0,0.025,1.6,0,,81000,0.18,,,
2402.20.60,0.2,0,0.025,1.6,0,,90050,0.18,,,
2402.90,0,0,0.025,0,0,,0,0,,,
2402.90.10,0,0,0.025,0.25,0,255% or Rs.3600/= per kg gross weight,0,0.18,,,
2402.90.90,0,0,1,0.25,0,255% or Rs.3600/= per kg gross weight,0,0.18,,,
2403.11.00,0,0,0.025,0.25,0,255% or Rs.4100/= per kg gross weight,0,0.18,,,
2403.19,0,0,0,0,0,,0,0,,,
2403.19.10,0,0,0.025,0.25,0,255% or Rs.4100/= per kg gross weight,720,0.18,,,
2403.19.20,0,0.1,0.025,0.25,0,90% or Rs.425/- per kg,0,0.18,,,
2403.19.90,0,0,0.025,0.25,0,255% or Rs.4100/= per kg gross weight,0,0.18,,,
2403.91,0,0,0,0,0,,0,0,,,
2403.91.10,0,0,0.025,0.25,0,255% or Rs.4100/= per kg gross weight,720,0.18,,,
2403.91.90,0,0,0.025,0.25,0,255% or Rs.4100/= per kg gross weight,0,0.18,,,
2403.99.10,0,0,0.025,0.25,0,255% or Rs.4100/= per kg gross weight,720,0.18,,,
2403.99.90,0,0.1,0.025,0.25,0,255% or Rs.4100/= per kg gross weight,0,0.18,,,
2404.11,0,0,0.025,0.25,0,255% or Rs.4100/= per kg gross weight,720,0.18,,,
2404.12,0,0,0.025,0.25,0,255% or Rs.4100/= per kg gross weight,720,0.18,,,
2404.19,0,0,0.025,0.25,0,255% or Rs.4100/= per kg gross weight,720,0.18,,,
2404.91,0,0,0.025,0.25,0,255% or Rs.4100/= per kg gross weight,720,0.18,,,
2404.92,0,0,0.025,0.25,0,255% or Rs.4100/= per kg gross weight,720,0.18,,,
2404.99,0,0,0.025,0.25,0,255% or Rs.4100/= per kg gross weight,720,0.18,,,
2501.00,0,0,0,0,0,,0,0,,,
2501.00.10,0,0,0.025,0.1,0,20% or Rs.40/= per kg | 10% or Rs.20/= per kg,0,0.18,,,
2501.00.90,0,0,0.025,0.1,0,20% or Rs.40/= per kg | 10% or Rs.20/= per kg,0,0.18,,,
2502.00,0,0,0.025,0,0,,0,0.18,,,
2503.00,0,0.16,0.025,0,0,,0,0.18,,,
2504.10,0,0,0,0,0,,0,0,,,
2504.10.10,0.195,0,0.025,0,0,,0,0.18,,,
2504.10.90,0.195,0.16,0.025,0,0,,0,0.18,,,
2504.90,0,0,0,0,0,,0,0,,,
2504.90.10,0.195,0,0.025,0,0,,0,0.18,,,
2504.90.90,0.195,0,0.025,0,0,,0,0.18,,,
2505.10,0,0,0,0,0,,0,0,,,
2505.10.10,0.395,0,0.025,0,0,,0,0.18,,,
2505.10.91,0.095,0,0.025,0,0,,0,0.18,,,
2505.10.99,0.095,0.16,0.025,0,0,,0,0.18,,,
2505.90,0.095,0.16,0.025,0,0,,0,0.18,,,
2506.10,0,0,0,0,0,,0,0,,,
2506.10.10,0.195,0.16,0.025,0,0,,0,0.18,,,
2506.10.90,0.295,0,0.025,0,0,,0,0.18,,,
2506.20,0.295,0.16,0.025,0,0,,0,0.18,,,
2507.00,0,0.16,0.025,0,0,,0,0.18,,,
2508.10,0,0.16,0.025,0,0,,0,0.18,,,
2508.30,0,0.16,0.025,0,0,,0,0.18,,,
2508.40,0,0.16,0.025,0,0,,0,0.18,,,
2508.50,0,0,0.025,0,0,,0,0.18,,,
2508.60,0,0,0.025,0,0,,0,0.18,,,
2508.70,0,0,0.025,0,0,,0,0.18,,,
2509.00,0,0.16,0.025,0,0,,0,0.18,,,
2510.10,0,0,0,0,0,,0,0,,,
2510.10.10,0,0,0.025,0,0,,0,0.18,,,
2510.10.90,0,0,0.025,0,0,,0,0.18,,,
2510.20,0,0,0,0,0,,0,0,,,
2510.20.10,0,0.16,0.025,0,0,,0,0.18,,,
2510.20.90,0,0,0.025,0,0,,0,0.18,,,
2511.10,0,0,0.025,0,0,,0,0.18,,,
2511.20,0,0,0.025,0,0,,0,0.18,,,
2512.00,0,0.16,0.025,0,0,,0,0.18,,,
2513.10,0,0.16,0.025,0,0,,0,0.18,,,
2513.20,0,0.16,0.025,0,0,,0,0.18,,,
2514.00,0,0,0,0,0,,0,0,,,
2514.00.10,0,0,0.025,0,0,,0,0.18,,,
2514.00.90,0,0,0.025,0,0,,0,0.18,,,
2515.11,0.295,0,0.025,0,0,,0,0.18,,,
2515.12,0.295,0.16,0.025,0,0,,0,0.18,,,
2515.20,0.295,0,0.025,0,0,,0,0.18,,,
2516.11,0.295,0,0.025,0,0,,0,0.18,,,
2516.12,0.395,0.16,0.025,0,0,,0,0.18,,,
2516.20,0.295,0,0.025,0,0,,0,0.18,,,
2516.90,0.295,0.16,0.025,0,0,,0,0.18,,,
2517.10,0.395,0.16,0.025,0,0,,0,0.18,,,
2517.20,0.5,0,0.025,0.05,0,,0,0.18,,,
2517.30,0.295,0,0.025,0,0,,0,0.18,,,
2517.41,0,0.16,0.025,0,0,,0,0.18,,,
2517.49,0.295,0.16,0.025,0,0,,0,0.18,,,
2518.10,0.395,0,0.025,0,0,,0,0.18,,,
2518.20,0.395,0,0.025,0,0,,0,0.18,,,
2519.10,0,0,0.025,0,0,,0,0.18,,,
2519.90,0,0.16,0.025,0,0,,0,0.18,,,
2520.10,0,0.16,0.025,0,0,,0,0.18,,,
2520.20,0,0.16,0.025,0,0,,0,0.18,,,
2521.00,0,0.16,0.025,0,0,,0,0.18,,,
2522.10,0,0.16,0.025,0,0,,0,0.18,,,
2522.20,0,0.16,0.025,0,0,,0,0.18,,,
2522.30,0,0.16,0.025,0,0,,0,0.18,,,
2523.10,0,0.135,0.025,0,0,,0,0.18,,,
2523.21,0,0.16,0.025,0.06,0,,2,0.18,,,
2523.29,0,0,0,0,0,,0,0.18,,,
2523.29.10,0,0.16,0.025,0.06,0,,2,0.18,,,
2523.29.20,0,0.16,0.025,0.11,0,,7,0.18,,,
2523.29.30,0,0.16,0.025,0.06,0,,4,0.18,,,
2523.30,0,0.16,0.025,0,0,,0,0.18,,,
2523.90,0,0.16,0.025,0,0,,2,0.18,,,
2524.10,0.295,0,0.025,0,0,,0,0.18,,,
2524.90,0,0,0.025,0,0,,0,0,,,
2524.90.10,0,0,0.025,0,0,,0,0.18,,,
2524.90.20,0,0.16,0.025,0,0,,0,0.18,,,
2524.90.90,0,0,0.025,0,0,,0,0.18,,,
2525.10,0.195,0,0.025,0,0,,0,0.18,,,
2525.20,0.295,0.16,0.025,0,0,,0,0.18,,,
2525.30,0.195,0,0.025,0,0,,0,0.18,,,
2526.10,0,0.16,0.025,0,0,,0,0.18,,,
2526.20,0,0.16,0.025,0,0,,0,0.18,,,
2528.00.10,0,0,0.025,0,0,,0,0.18,,,
2528.00.90,0,0,0.025,0,0,,0,0.18,,,
2529.10,0,0,0,0,0,,0,0,,,
2529.10.10,0.295,0,0.025,0,0,,0,0.18,,,
2529.10.90,0.295,0.16,0.025,0,0,,0,0.18,,,
2529.21.10,0.295,0,0.025,0,0,,0,0.18,,,
2529.21.90,0.295,0,0.025,0,0,,0,0.18,,,
2529.22,0.295,0,0.025,0,0,,0,0.18,,,
2529.30.10,0,0,0.025,0,0,,0,0.18,,,
2529.30.90,0,0.16,0.025,0,0,,0,0.18,,,
2530.10,0,0.16,0.025,0,0,,0,0.18,,,
2530.20,0,0.16,0.025,0,0,,0,0.18,,,
2530.90.10,0,0,0.025,0,0,,0,0.18,,,
2530.90.20,0,0,0.025,0,0,,0,0.18,,,
2530.90.90,0,0.16,0.025,0,0,,0,0.18,,,
2601.11,0,0,0.025,0,0,,0,0.18,,,
2601.12,0,0,0.025,0,0,,0,0.18,,,
2601.20,0,0,0.025,0,0,,0,0.18,,,
2602.00,0,0,0.025,0,0,,0,0.18,,,
2603.00,0,0,0.025,0,0,,0,0.18,,,
2604.00,0,0,0.025,0,0,,0,0.18,,,
2605.00,0,0,0.025,0,0,,0,0.18,,,
2606.00,0,0,0.025,0,0,,0,0.18,,,
2607.00,0,0,0.025,0,0,,0,0.18,,,
2608.00,0,0,0.025,0,0,,0,0.18,,,
2609.00,0,0,0.025,0,0,,0,0.18,,,
2610.00,0,0,0.025,0,0,,0,0.18,,,
2611.00,0,0,0.025,0,0,,0,0.18,,,
2612.10,0,0,0.025,0,0,,0,0.18,,,
2612.20,0,0,0.025,0,0,,0,0.18,,,
2613.10,0,0,0.025,0,0,,0,0.18,,,
2613.90,0,0,0.025,0,0,,0,0.18,,,
2614.00.10,0,0,0.025,0,0,,0,0.18,,,
2614.00.20,0,0,0.025,0,0,,0,0.18,,,
2614.00.90,0,0,0.025,0,0,,0,0.18,,,
2615.10,0,0.16,0.025,0,0,,0,0.18,,,
2615.90,0,0,0.025,0,0,,0,0.18,,,
2616.10,0,0,0.025,0,0,,0,0.18,,,
2616.90,0,0,0.025,0,0,,0,0.18,,,
2617.10,0,0,0.025,0,0,,0,0.18,,,
2617.90,0,0,0.025,0,0,,0,0.18,,,
2618.00,0,0.16,0.025,0,0,,0,0.18,,,
2619.00,0,0,0.025,0,0,,0,0.18,,,
2620.11,0,0,0.025,0,0,,0,0.18,,,
2620.19,0,0,0.025,0,0,,0,0.18,,,
2620.21,0,0,0.025,0,0,,0,0.18,,,
2620.29,0,0,0.025,0,0,,0,0.18,,,
2620.30,0,0.06,0.025,0,0,,0,0.18,,,
2620.40,0,0,0.025,0,0,,0,0.18,,,
2620.60,0,0,0.025,0,0,,0,0.18,,,
2620.91,0,0,0.025,0,0,,0,0.18,,,
2620.99,0,0,0,0,0,,0,0,,,
2620.99.10,0,0,0.025,0,0,,0,0.18,,,
2620.99.20,0,0,0.025,0,0,,0,0.18,,,
2620.99.30,0,0,0.025,0,0,,0,0.18,,,
2620.99.90,0,0,0.025,0,0,,0,0.18,,,
2621.10,0,0,0.025,0,0,,0,0.18,,,
2621.90.10,0,0.16,0.025,0,0,,0,0.18,,,
2621.90.90,0,0.16,0.025,0,0,,0,0.18,,,
2701.11,0,0,0,0,0,,0,0.18,,,
2701.12,0,0,0,0,0,,0,0.18,,,
2701.19,0,0,0,0,0,,0,0.18,,,
2701.20,0,0,0.025,0,0,,0,0.18,,,
2702.10,0,0,0.025,0,0,,0,0.18,,,
2702.20,0,0,0.025,0,0,,0,0.18,,,
2703.00,0,0.16,0.025,0,0,,0,0.18,,,
2704.00,0,0.16,0.025,0,0,,0,0.18,,,
2705.00,0,0,0.025,0,0,,0,0.18,,,
2706.00,0,0.16,0.025,0,0,,0,0.18,,,
2707.10,0,0,0.025,0,0,,0,0.18,,,
2707.20,0,0,0.025,0,0,,0,0.18,,,
2707.30,0,0.16,0.025,0,0,,0,0.18,,,
2707.40,0,0.16,0.025,0,0,,0,0.18,,,
2707.50,0,0.16,0.025,0,0,,0,0.18,,,
2707.91,0,0.16,0.025,0,0,,0,0.18,,,
2707.99,0,0.16,0.025,0,0,,0,0.18,,,
2708.10,0,0,0.025,0,0,,0,0.18,,,
2708.20,0,0,0.025,0,0,,0,0.18,,,
2709.00.10,0,0.045,0,0,0,,0,0,,,
2709.00.90,0,0,0.025,0,0,,0,0.18,,,
2710.12,0,0,0,0,0,,0,0,,,
2710.12.10,0,0,0,0,0,,0,0,,,
2710.12.20,0,0,0,0,0,,0,0,,,
2710.12.21,0,0,0,0,0,,122,0.18,,,
2710.12.22,0,0,0,0,0,,122,0.18,,,
2710.12.29,0,0,0,0,0,,122,0.18,,,
2710.12.30,0,0.135,0,0,0,,0,0.18,,,
2710.12.40,0,0.135,0,0,0,,0,0,,,
2710.12.90,0.3,0.075,0,0,0,,0,0.18,,,
2710.19,0,0,0,0,0,,0,0,,,
2710.19.10,0,0,0,0,0,,0,0,,,
2710.19.20,0,0,0,0,0,,0,0,,,
2710.19.30,0.3,0.075,0,0,0,,0,0.18,,,
2710.19.40,0,0,0,0,0,,0,0,,,
2710.19.41,0,0,0,0,0,,82,0.18,,,
2710.19.42,0,0,0,0,0,,75,0.18,,,
2710.19.49,0,0,0,0,0,,82,0.18,,,
2710.19.50,0,0.135,0,0,0,,0,0.18,,,
2710.19.60,0,0.135,0,0,0,,0,0,,,
2710.19.70,0,0.1,0.025,0.16,0,20% or Rs.150/= per kg | 16% or Rs.110/= per kg,0,0.18,,,
2710.19.80,0,0.1,0.025,0.25,0,20% or Rs.200/= per kg | 25% or Rs.250/= per kg,0,0.18,,,
2710.19.90,0.3,0.075,0,0,0,,0,0.18,,,
2710.20,0,0.075,0,0,0,,15,0.18,,,
2710.91,0.245,0,0,0,0,,0,0.18,,,
2710.99,0.2,0.075,0,0,0,,0,0,,,
2711.11,0,0,0.025,0,0,,0,0.18,,,
2711.12,0,0,0.025,0,0,,0,0.18,,,
2711.13,0,0.16,0.025,0,0,,0,0.18,,,
2711.14,0,0.16,0.025,0,0,,0,0.18,,,
2711.19,0,0,0,0,0,,0,0,,,
2711.19.10,0,0,0,0,0,,0,0.18,,,
2711.19.90,0,0,0.025,0,0,,0,0.18,,,
2711.21,0,0,0.025,0,0,,0,0.18,,,
2711.29,0,0,0.025,0,0,,0,0.18,,,
2712.10,0,0.16,0.025,0,0,,0,0.18,,,
2712.20,0,0.16,0.025,0,0,,0,0.18,,,
2712.90,0,0.16,0.025,0,0,,0,0.18,,,
2713.11,0.245,0,0.025,0,0,,0,0.18,,,
2713.12,0.245,0,0.025,0,0,,0,0.18,,,
2713.20,0,0,0,0,0,,0,0.18,,,
2713.90,0.245,0,0.025,0,0,,0,0,,,
2714.10,0,0,0,0,0,,0,0.18,,,
2714.90,0,0,0,0,0,,0,0.18,,,
2715.00,0.245,0.1,0.025,0,0,,0,0.18,,,
2716.00,0,0,0.025,0,0,,0,0.18,,,
2801.10,0,0.16,0.025,0,0,,0,0.18,,,
2801.20,0,0.16,0.025,0,0,,0,0.18,,,
2801.30,0,0,0.025,0,0,,0,0.18,,,
2804.10,0,0.16,0.025,0,0,,0,0.18,,,
2804.21,0,0.16,0.025,0,0,,0,0.18,,,
2804.29,0,0.16,0.025,0,0,,0,0.18,,,
2804.30,0,0.16,0.025,0,0,,0,0.18,,,
2804.40,0,0,0.025,0,0,,0,0.18,,,
2804.50,0,0,0,0,0,,0,0,,,
2804.50.10,0,0,0.025,0,0,,0,0.18,,,
2804.50.90,0,0,0.025,0,0,,0,0.18,,,
2804.61,0,0,0.025,0,0,,0,0.18,,,
2804.69,0,0.16,0.025,0,0,,0,0.18,,,
2804.70,0,0.16,0.025,0,0,,0,0.18,,,
2804.80,0,0,0.025,0,0,,0,0.18,,,
2804.90.10,0,0,0.025,0,0,,0,0.18,,,
2804.90.90,0,0.16,0.025,0,0,,0,0.18,,,
2805.11,0,0.16,0.025,0,0,,0,0.18,,,
2805.12,0,0,0.025,0,0,,0,0.18,,,
2805.19,0,0,0.025,0,0,,0,0.18,,,
2805.30.10,0,0,0.025,0,0,,0,0.18,,,
2805.30.90,0,0,0.025,0,0,,0,0.18,,,
2805.40,0,0.16,0.025,0,0,,0,0.18,,,
2806.10,0,0.16,0.025,0,0,,0,0.18,,,
2806.20,0,0,0.025,0,0,,0,0.18,,,
2809.10,0,0,0.025,0,0,,0,0.18,,,
2809.20,0,0.16,0.025,0,0,,0,0.18,,,
2811.11,0,0,0.025,0,0,,0,0.18,,,
2811.12,0,0,0.025,0,0,,0,0.18,,,
2811.19,0,0.16,0.025,0,0,,0,0.18,,,
2811.21,0.295,0.16,0.025,0,0,,0,0.18,,,
2811.22,0,0.16,0.025,0,0,,0,0.18,,,
2811.29,0,0,0,0,0,,0,0,,,
2811.29.10,0.195,0.16,0.025,0,0,,0,0.18,,,
2811.29.20,0,0,0.025,0,0,,0,0.18,,,
2811.29.90,0,0.16,0.025,0,0,,0,0.18,,,
2812.11,0,0,0.025,0,0,,0,0.18,,,
2812.12,0,0,0.025,0,0,,0,0.18,,,
2812.13,0,0,0.025,0,0,,0,0.18,,,
2812.14,0,0,0.025,0,0,,0,0.18,,,
2812.15,0,0,0.025,0,0,,0,0.18,,,
2812.16,0,0,0.025,0,0,,0,0.18,,,
2812.17,0,0,0.025,0,0,,0,0.18,,,
2812.19,0,0,0.025,0,0,,0,0.18,,,
2812.90,0,0,0.025,0,0,,0,0.18,,,
2813.10,0,0,0.025,0,0,,0,0.18,,,
2813.90,0,0,0.025,0,0,,0,0.18,,,
2814.10,0,0.16,0.025,0,0,,0,0.18,,,
2814.20,0,0.16,0.025,0,0,,0,0.18,,,
2815.11,0,0.16,0.025,0,0,,0,0.18,,,
2815.12,0,0.16,0.025,0,0,,0,0.18,,,
2815.20,0,0.16,0.025,0,0,,0,0.18,,,
2815.30,0,0,0.025,0,0,,0,0.18,,,
2816.10,0,0,0.025,0,0,,0,0.18,,,
2816.40,0,0.16,0.025,0,0,,0,0.18,,,
2818.10,0,0.16,0.025,0,0,,0,0.18,,,
2818.20,0,0.16,0.025,0,0,,0,0.18,,,
2818.30,0,0.16,0.025,0,0,,0,0.18,,,
2819.10,0,0.16,0.025,0,0,,0,0.18,,,
2819.90,0,0,0.025,0,0,,0,0.18,,,
2820.10,0,0.16,0.025,0,0,,0,0.18,,,
2820.90,0,0,0.025,0,0,,0,0.18,,,
2821.10,0,0.16,0.025,0,0,,0,0.18,,,
2821.20,0,0.16,0.025,0,0,,0,0.18,,,
2824.10,0,0,0.025,0,0,,0,0.18,,,
2824.90,0,0,0.025,0,0,,0,0.18,,,
2825.10,0,0,0.025,0,0,,0,0.18,,,
2825.20,0,0,0.025,0,0,,0,0.18,,,
2825.30,0,0,0.025,0,0,,0,0.18,,,
2825.40,0,0,0.025,0,0,,0,0.18,,,
2825.50,0,0,0.025,0,0,,0,0.18,,,
2825.60,0,0.16,0.025,0,0,,0,0.18,,,
2825.70,0,0,0.025,0,0,,0,0.18,,,
2825.80,0,0,0.025,0,0,,0,0.18,,,
2825.90,0,0.16,0.025,0,0,,0,0.18,,,
2826.12,0,0,0.025,0,0,,0,0.18,,,
2826.19,0,0.16,0.025,0,0,,0,0.18,,,
2826.30,0,0,0.025,0,0,,0,0.18,,,
2826.90,0,0.16,0.025,0,0,,0,0.18,,,
2827.10,0,0.16,0.025,0,0,,0,0.18,,,
2827.20,0,0.16,0.025,0,0,,0,0.18,,,
2827.31,0,0,0.025,0,0,,0,0.18,,,
2827.32,0,0.16,0.025,0,0,,0,0.18,,,
2827.35,0,0,0.025,0,0,,0,0.18,,,
2827.39,0,0.16,0.025,0,0,,0,0.18,,,
2827.41,0,0,0.025,0,0,,0,0.18,,,
2827.49,0,0.16,0.025,0,0,,0,0.18,,,
2827.51,0,0.16,0.025,0,0,,0,0.18,,,
2827.59,0,0.16,0.025,0,0,,0,0.18,,,
2827.60,0,0.16,0.025,0,0,,0,0.18,,,
2828.10,0,0.16,0.025,0.1,0,,0,0.18,,,
2828.90,0,0.16,0.025,0,0,,0,0.18,,,
2829.11,0,0,0.025,0,0,,0,0.18,,,
2829.19,0,0.16,0.025,0,0,,0,0.18,,,
2829.90,0,0.16,0.025,0,0,,0,0.18,,,
2830.10,0,0.16,0.025,0,0,,0,0.18,,,
2830.90,0,0,0.025,0,0,,0,0.18,,,
2831.10,0,0.16,0.025,0,0,,0,0.18,,,
2831.90,0,0,0.025,0,0,,0,0.18,,,
2832.10,0,0.16,0.025,0,0,,0,0.18,,,
2832.20,0,0.16,0.025,0,0,,0,0.18,,,
2832.30,0,0.16,0.025,0,0,,0,0.18,,,
2833.11,0,0.16,0.025,0,0,,0,0.18,,,
2833.19,0,0.16,0.025,0,0,,0,0.18,,,
2833.21,0,0.16,0.025,0,0,,0,0.18,,,
2833.22,0,0.16,0.025,0,0,,0,0.18,,,
2833.24,0,0.16,0.025,0,0,,0,0.18,,,
2833.25,0,0.16,0.025,0,0,,0,0.18,,,
2833.27,0,0.16,0.025,0,0,,0,0.18,,,
2833.29,0,0,0,0,0,,0,0,,,
2833.29.10,0,0,0.025,0,0,,0,0.18,,,
2833.29.90,0,0.16,0.025,0,0,,0,0.18,,,
2833.30,0,0.16,0.025,0,0,,0,0.18,,,
2833.40,0,0.16,0.025,0,0,,0,0.18,,,
2834.10,0,0,0.025,0,0,,0,0.18,,,
2834.21,0,0.16,0.025,0,0,,0,0.18,,,
2834.29.10,0,0.16,0.025,0,0,,0,0.18,,,
2834.29.90,0,0.16,0.025,0,0,,0,0.18,,,
2835.10,0,0.16,0.025,0,0,,0,0.18,,,
2835.22,0,0.16,0.025,0,0,,0,0.18,,,
2835.24,0,0,0.025,0,0,,0,0.18,,,
2835.25,0,0.16,0.025,0,0,,0,0.18,,,
2835.26,0,0.16,0.025,0,0,,0,0.18,,,
2835.29,0,0.16,0.025,0,0,,0,0.18,,,
2835.31,0,0.16,0.025,0,0,,0,0.18,,,
2835.39,0,0.16,0.025,0,0,,0,0.18,,,
2836.20,0,0.16,0.025,0,0,,0,0.18,,,
2836.30,0,0.16,0.025,0,0,,0,0.18,,,
2836.40,0,0.16,0.025,0,0,,0,0.18,,,
2836.50,0,0.16,0.025,0,0,,0,0.18,,,
2836.60,0,0,0.025,0,0,,0,0.18,,,
2836.91,0,0,0.025,0,0,,0,0.18,,,
2836.92,0,0,0.025,0,0,,0,0.18,,,
2836.99,0,0.16,0.025,0,0,,0,0.18,,,
2837.11,0,0,0.025,0,0,,0,0.18,,,
2837.19,0,0,0.025,0,0,,0,0.18,,,
2837.20,0,0,0.025,0,0,,0,0.18,,,
2839.11,0,0.16,0.025,0,0,,0,0.18,,,
2839.19,0,0.16,0.025,0,0,,0,0.18,,,
2839.90,0,0.16,0.025,0,0,,0,0.18,,,
2840.11,0,0,0.025,0,0,,0,0.18,,,
2840.19,0,0.16,0.025,0,0,,0,0.18,,,
2840.20,0,0.16,0.025,0,0,,0,0.18,,,
2840.30,0,0.16,0.025,0,0,,0,0.18,,,
2841.30,0,0,0.025,0,0,,0,0.18,,,
2841.50,0,0.16,0.025,0,0,,0,0.18,,,
2841.61,0,0.16,0.025,0,0,,0,0.18,,,
2841.69,0,0,0.025,0,0,,0,0.18,,,
2841.70,0,0.16,0.025,0,0,,0,0.18,,,
2841.80,0,0,0.025,0,0,,0,0.18,,,
2841.90,0,0.16,0.025,0,0,,0,0.18,,,
2842.10,0,0.16,0.025,0,0,,0,0.18,,,
2842.90,0,0,0,0,0,,0,0,,,
2842.90.10,0,0,0.025,0,0,,0,0.18,,,
2842.90.20,0,0,0.025,0,0,,0,0.18,,,
2842.90.30,0,0,0.025,0,0,,0,0.18,,,
2842.90.90,0,0.16,0.025,0,0,,0,0.18,,,
2843.10,0,0,0.025,0,0,,0,0.18,,,
2843.21,0,0.16,0.025,0,0,,0,0.18,,,
2843.29,0,0,0.025,0,0,,0,0.18,,,
2843.30,0,0,0.025,0,0,,0,0.18,,,
2843.90,0,0.16,0.025,0,0,,0,0.18,,,
2844.10,0,0.16,0.025,0,0,,0,0.18,,,
2844.20,0,0,0.025,0,0,,0,0.18,,,
2844.30,0,0,0.025,0,0,,0,0.18,,,
2844.40.00,0,0,0,0,0,,0,0,,,
2844.41,0,0,0.025,0,0,,0,0.18,,,
2844.42,0,0,0.025,0,0,,0,0.18,,,
2844.43,0,0,0.025,0,0,,0,0.18,,,
2844.44,0,0,0.025,0,0,,0,0.18,,,
2844.50,0,0,0.025,0,0,,0,0.18,,,
2845.10,0,0,0.025,0,0,,0,0.18,,,
2845.20,0,0,0.025,0,0,,0,0.18,,,
2845.30,0,0,0.025,0,0,,0,0.18,,,
2845.40,0,0,0.025,0,0,,0,0.18,,,
2845.90,0,0.16,0.025,0,0,,0,0.18,,,
2846.10,0,0,0.025,0,0,,0,0.18,,,
2846.90,0,0.16,0.025,0,0,,0,0.18,,,
2849.10,0,0.16,0.025,0,0,,0,0.18,,,
2849.20,0,0.16,0.025,0,0,,0,0.18,,,
2849.90,0,0,0.025,0,0,,0,0.18,,,
2852.10,0,0,0.025,0,0,,0,0.18,,,
2852.90,0,0,0.025,0,0,,0,0.18,,,
2853.10,0,0,0.025,0,0,,0,0.18,,,
2853.90,0,0,0.025,0,0,,0,0.18,,,
2901.10,0,0.07,0.025,0,0,,0,0.18,,,
2901.21,0,0.07,0.025,0,0,,0,0.18,,,
2901.22,0,0,0.025,0,0,,0,0.18,,,
2901.23,0,0,0.025,0,0,,0,0.18,,,
2901.24,0,0,0.025,0,0,,0,0.18,,,
2901.29,0,0,0.025,0,0,,0,0.18,,,
2902.11,0,0,0.025,0,0,,0,0.18,,,
2902.19,0,0.07,0.025,0,0,,0,0.18,,,
2902.20,0,0,0.025,0,0,,0,0.18,,,
2902.30,0,0.07,0.025,0,0,,0,0.18,,,
2902.41,0,0.07,0.025,0,0,,0,0.18,,,
2902.42,0,0,0.025,0,0,,0,0.18,,,
2902.43,0,0,0.025,0,0,,0,0.18,,,
2902.44,0,0.07,0.025,0,0,,0,0.18,,,
2902.50,0,0.07,0.025,0,0,,0,0.18,,,
2902.60,0,0,0.025,0,0,,0,0.18,,,
2902.70,0,0.07,0.025,0,0,,0,0.18,,,
2902.90,0,0.07,0.025,0,0,,0,0.18,,,
2903.11,0,0.07,0.025,0,0,,0,0.18,,,
2903.12,0,0.07,0.025,0,0,,0,0.18,,,
2903.13,0,0,0.025,0,0,,0,0.18,,,
2903.14,0,0.07,0.025,0,0,,0,0.18,,,
2903.15,0,0.07,0.025,0,0,,0,0.18,,,
2903.19.10,0,0,0.025,0,0,,0,0.18,,,
2903.19.90,0,0.07,0.025,0,0,,0,0.18,,,
2903.21,0,0.07,0.025,0,0,,0,0.18,,,
2903.22,0,0,0.025,0,0,,0,0.18,,,
2903.23,0,0.07,0.025,0,0,,0,0.18,,,
2903.29.10,0,0,0.025,0,0,,0,0.18,,,
2903.29.90,0,0.07,0.025,0,0,,0,0.18,,,
2903.39,0,0,0,0,0,,0,0,,,
2903.41,0,0.07,0.025,0,0,,0,0.18,,,
2903.42,0,0.07,0.025,0,0,,0,0.18,,,
2903.43,0,0.07,0.025,0,0,,0,0.18,,,
2903.44,0,0.07,0.025,0,0,,0,0.18,,,
2903.45,0,0.07,0.025,0,0,,0,0.18,,,
2903.46,0,0.07,0.025,0,0,,0,0.18,,,
2903.47,0,0.07,0.025,0,0,,0,0.18,,,
2903.48,0,0.07,0.025,0,0,,0,0.18,,,
2903.49.10,0,0.07,0.025,0,0,,0,0.18,,,
2903.49.90,0,0.07,0.025,0,0,,0,0.18,,,
2903.51,0,0.07,0.025,0,0,,0,0.18,,,
2903.59.10,0,0.07,0.025,0,0,,0,0.18,,,
2903.59.90,0,0.07,0.025,0,0,,0,0.18,,,
2903.61,0,0.07,0.025,0,0,,0,0.18,,,
2903.62,0,0.07,0.025,0,0,,0,0.18,,,
2903.69,0,0.07,0.025,0,0,,0,0.18,,,
2903.71,0,0.07,0.025,0,0,,0,0.18,,,
2903.72,0,0.07,0.025,0,0,,0,0.18,,,
2903.73,0,0.07,0.025,0,0,,0,0.18,,,
2903.74,0,0.07,0.025,0,0,,0,0.18,,,
2903.75,0,0.07,0.025,0,0,,0,0.18,,,
2903.76,0,0.07,0.025,0,0,,0,0.18,,,
2903.77.11,0,0.07,0.025,0,0,,0,0.18,,,
2903.77.12,0,0.07,0.025,0,0,,0,0.18,,,
2903.77.13,0,0.07,0.025,0,0,,0,0.18,,,
2903.77.14,0,0.07,0.025,0,0,,0,0.18,,,
2903.77.15,0,0.07,0.025,0,0,,0,0.18,,,
2903.77.21,0,0.07,0.025,0,0,,0,0.18,,,
2903.77.22,0,0.07,0.025,0,0,,0,0.18,,,
2903.77.23,0,0.07,0.025,0,0,,0,0.18,,,
2903.77.24,0,0.07,0.025,0,0,,0,0.18,,,
2903.77.25,0,0.07,0.025,0,0,,0,0.18,,,
2903.77.26,0,0.07,0.025,0,0,,0,0.18,,,
2903.77.31,0,0.07,0.025,0,0,,0,0.18,,,
2903.77.32,0,0.07,0.025,0,0,,0,0.18,,,
2903.77.33,0,0.07,0.025,0,0,,0,0.18,,,
2903.77.34,0,0.07,0.025,0,0,,0,0.18,,,
2903.77.35,0,0.07,0.025,0,0,,0,0.18,,,
2903.77.36,0,0.07,0.025,0,0,,0,0.18,,,
2903.77.41,0,0.07,0.025,0,0,,0,0.18,,,
2903.77.42,0,0.07,0.025,0,0,,0,0.18,,,
2903.77.43,0,0.07,0.025,0,0,,0,0.18,,,
2903.77.44,0,0.07,0.025,0,0,,0,0.18,,,
2903.77.45,0,0.07,0.025,0,0,,0,0.18,,,
2903.77.46,0,0.07,0.025,0,0,,0,0.18,,,
2903.77.47,0,0.07,0.025,0,0,,0,0.18,,,
2903.77.51,0,0.07,0.025,0,0,,0,0.18,,,
2903.77.52,0,0.07,0.025,0,0,,0,0.18,,,
2903.77.53,0,0.07,0.025,0,0,,0,0.18,,,
2903.77.54,0,0.07,0.025,0,0,,0,0.18,,,
2903.77.55,0,0.07,0.025,0,0,,0,0.18,,,
2903.77.61,0,0.07,0.025,0,0,,0,0.18,,,
2903.77.62,0,0.07,0.025,0,0,,0,0.18,,,
2903.77.63,0,0.07,0.025,0,0,,0,0.18,,,
2903.77.64,0,0.07,0.025,0,0,,0,0.18,,,
2903.77.65,0,0.07,0.025,0,0,,0,0.18,,,
2903.77.66,0,0.07,0.025,0,0,,0,0.18,,,
2903.77.67,0,0.07,0.025,0,0,,0,0.18,,,
2903.77.68,0,0.07,0.025,0,0,,0,0.18,,,
2903.77.69,0,0.07,0.025,0,0,,0,0.18,,,
2903.77.71,0,0.07,0.025,0,0,,0,0.18,,,
2903.77.72,0,0.07,0.025,0,0,,0,0.18,,,
2903.77.73,0,0.07,0.025,0,0,,0,0.18,,,
2903.77.74,0,0.07,0.025,0,0,,0,0.18,,,
2903.77.75,0,0.07,0.025,0,0,,0,0.18,,,
2903.77.76,0,0.07,0.025,0,0,,0,0.18,,,
2903.77.80,0,0.07,0.025,0,0,,0,0.18,,,
2903.78.11,0,0.07,0.025,0,0,,0,0.18,,,
2903.78.12,0,0.07,0.025,0,0,,0,0.18,,,
2903.78.13,0,0.07,0.025,0,0,,0,0.18,,,
2903.78.14,0,0.07,0.025,0,0,,0,0.18,,,
2903.78.15,0,0.07,0.025,0,0,,0,0.18,,,
2903.78.16,0,0.07,0.025,0,0,,0,0.18,,,
2903.78.21,0,0.07,0.025,0,0,,0,0.18,,,
2903.78.22,0,0.07,0.025,0,0,,0,0.18,,,
2903.78.23,0,0.07,0.025,0,0,,0,0.18,,,
2903.78.24,0,0.07,0.025,0,0,,0,0.18,,,
2903.78.25,0,0.07,0.025,0,0,,0,0.18,,,
2903.78.31,0,0.07,0.025,0,0,,0,0.18,,,
2903.78.32,0,0.07,0.025,0,0,,0,0.18,,,
2903.78.33,0,0.07,0.025,0,0,,0,0.18,,,
2903.78.34,0,0.07,0.025,0,0,,0,0.18,,,
2903.78.35,0,0.07,0.025,0,0,,0,0.18,,,
2903.78.36,0,0.07,0.025,0,0,,0,0.18,,,
2903.78.37,0,0.07,0.025,0,0,,0,0.18,,,
2903.78.38,0,0.07,0.025,0,0,,0,0.18,,,
2903.78.39,0,0.07,0.025,0,0,,0,0.18,,,
2903.78.41,0,0.07,0.025,0,0,,0,0.18,,,
2903.78.42,0,0.07,0.025,0,0,,0,0.18,,,
2903.78.43,0,0.07,0.025,0,0,,0,0.18,,,
2903.78.44,0,0.07,0.025,0,0,,0,0.18,,,
2903.78.45,0,0.07,0.025,0,0,,0,0.18,,,
2903.78.46,0,0.07,0.025,0,0,,0,0.18,,,
2903.78.47,0,0.07,0.025,0,0,,0,0.18,,,
2903.78.51,0,0.07,0.025,0,0,,0,0.18,,,
2903.78.52,0,0.07,0.025,0,0,,0,0.18,,,
2903.78.53,0,0.07,0.025,0,0,,0,0.18,,,
2903.78.54,0,0.07,0.025,0,0,,0,0.18,,,
2903.78.55,0,0.07,0.025,0,0,,0,0.18,,,
2903.78.56,0,0.07,0.025,0,0,,0,0.18,,,
2903.78.61,0,0.07,0.025,0,0,,0,0.18,,,
2903.78.62,0,0.07,0.025,0,0,,0,0.18,,,
2903.78.63,0,0.07,0.025,0,0,,0,0.18,,,
2903.78.64,0,0.07,0.025,0,0,,0,0.18,,,
2903.78.65,0,0.07,0.025,0,0,,0,0.18,,,
2903.78.66,0,0.07,0.025,0,0,,0,0.18,,,
2903.78.67,0,0.07,0.025,0,0,,0,0.18,,,
2903.78.68,0,0.07,0.025,0,0,,0,0.18,,,
2903.78.69,0,0.07,0.025,0,0,,0,0.18,,,
2903.78.71,0,0.07,0.025,0,0,,0,0.18,,,
2903.78.72,0,0.07,0.025,0,0,,0,0.18,,,
2903.78.73,0,0.07,0.025,0,0,,0,0.18,,,
2903.78.74,0,0.07,0.025,0,0,,0,0.18,,,
2903.78.75,0,0.07,0.025,0,0,,0,0.18,,,
2903.78.76,0,0.07,0.025,0,0,,0,0.18,,,
2903.78.77,0,0.07,0.025,0,0,,0,0.18,,,
2903.78.81,0,0.07,0.025,0,0,,0,0.18,,,
2903.78.83,0,0.07,0.025,0,0,,0,0.18,,,
2903.78.84,0,0.07,0.025,0,0,,0,0.18,,,
2903.78.85,0,0.07,0.025,0,0,,0,0.18,,,
2903.78.86,0,0.07,0.025,0,0,,0,0.18,,,
2903.78.87,0,0.07,0.025,0,0,,0,0.18,,,
2903.78.88,0,0.07,0.025,0,0,,0,0.18,,,
2903.78.90,0,0.07,0.025,0,0,,0,0.18,,,
2903.79,0,0.07,0.025,0,0,,0,0.18,,,
2903.81,0,0.07,0.025,0,0,,0,0.18,,,
2903.82,0,0,0.025,0,0,,0,0.18,,,
2903.83,0,0.07,0.025,0,0,,0,0.18,,,
2903.89.10,0,0.07,0.025,0,0,,0,0.18,,,
2903.89.90,0,0.07,0.025,0,0,,0,0.18,,,
2903.91,0,0.07,0.025,0,0,,0,0.18,,,
2903.92.10,0,0.07,0.025,0,0,,0,0.18,,,
2903.92.20,0,0.07,0.025,0,0,,0,0.18,,,
2903.93,0,0.07,0.025,0,0,,0,0.18,,,
2903.94,0,0.07,0.025,0,0,,0,0.18,,,
2903.99.12,0,0.07,0.025,0,0,,0,0.18,,,
2903.99.13,0,0.07,0.025,0,0,,0,0.18,,,
2903.99.14,0,0.07,0.025,0,0,,0,0.18,,,
2903.99.19,0,0.07,0.025,0,0,,0,0.18,,,
2903.99.90,0,0,0.025,0,0,,0,0.18,,,
2904.10,0,0.07,0.025,0,0,,0,0.18,,,
2904.20.10,0,0,0.025,0,0,,0,0.18,,,
2904.20.90,0,0,0.025,0,0,,0,0.18,,,
2904.31,0,0.07,0.025,0,0,,0,0.18,,,
2904.32,0,0.07,0.025,0,0,,0,0.18,,,
2904.33,0,0.07,0.025,0,0,,0,0.18,,,
2904.34,0,0.07,0.025,0,0,,0,0.18,,,
2904.35,0,0.07,0.025,0,0,,0,0.18,,,
2904.36,0,0.07,0.025,0,0,,0,0.18,,,
2904.91,0,0.07,0.025,0,0,,0,0.18,,,
2904.99,0,0.07,0.025,0,0,,0,0.18,,,
2905.11,0,0.07,0.025,0,0,,0,0.18,,,
2905.12,0,0.07,0.025,0,0,,0,0.18,,,
2905.13,0,0.07,0.025,0,0,,0,0.18,,,
2905.14,0,0.07,0.025,0,0,,0,0.18,,,
2905.16,0,0,0.025,0,0,,0,0.18,,,
2905.17,0,0.07,0.025,0,0,,0,0.18,,,
2905.19.10,0,0,0.025,0,0,,0,0.18,,,
2905.19.90,0,0.07,0.025,0,0,,0,0.18,,,
2905.22,0,0.07,0.025,0,0,,0,0.18,,,
2905.29,0,0,0.025,0,0,,0,0.18,,,
2905.31,0,0.07,0.025,0,0,,0,0.18,,,
2905.32,0,0.07,0.025,0,0,,0,0.18,,,
2905.39,0,0.07,0.025,0,0,,0,0.18,,,
2905.41,0,0.07,0.025,0,0,,0,0.18,,,
2905.42,0,0.07,0.025,0,0,,0,0.18,,,
2905.43,0,0,0.025,0,0,,0,0.18,,,
2905.44,0,0.07,0.025,0,0,,0,0.18,,,
2905.45,0,0.07,0.025,0,0,,0,0.18,,,
2905.49,0,0,0.025,0,0,,0,0.18,,,
2905.51,0,0.07,0.025,0,0,,0,0.18,,,
2905.59,0,0,0.025,0,0,,0,0.18,,,
2906.11,0,0.07,0.025,0,0,,0,0.18,,,
2906.12,0,0,0.025,0,0,,0,0.18,,,
2906.13,0,0,0.025,0,0,,0,0.18,,,
2906.19,0,0.07,0.025,0,0,,0,0.18,,,
2906.21,0,0.07,0.025,0,0,,0,0.18,,,
2906.29,0,0.07,0.025,0,0,,0,0.18,,,
2907.11,0,0.07,0.025,0,0,,0,0.18,,,
2907.12,0,0.07,0.025,0,0,,0,0.18,,,
2907.13,0,0.07,0.025,0,0,,0,0.18,,,
2907.15,0,0,0.025,0,0,,0,0.18,,,
2907.19,0,0.07,0.025,0,0,,0,0.18,,,
2907.21,0,0,0.025,0,0,,0,0.18,,,
2907.22,0,0.07,0.025,0,0,,0,0.18,,,
2907.23,0,0,0.025,0,0,,0,0.18,,,
2907.29,0,0,0.025,0,0,,0,0.18,,,
2908.11,0,0.07,0.025,0,0,,0,0.18,,,
2908.19.10,0,0,0.025,0,0,,0,0.18,,,
2908.19.90,0,0,0.025,0,0,,0,0.18,,,
2908.91,0,0.07,0.025,0,0,,0,0.18,,,
2908.92,0,0.07,0.025,0,0,,0,0.18,,,
2908.99.10,0,0,0.025,0,0,,0,0.18,,,
2908.99.90,0,0,0.025,0,0,,0,0.18,,,
2909.11,0,0.07,0.025,0,0,,0,0.18,,,
2909.19,0,0,0,0,0,,0,0.18,,,
2909.19.10,0,0.07,0.025,0,0,,0,0.18,,,
2909.19.90,0,0,0.025,0,0,,0,0.18,,,
2909.20,0,0,0,0,0,,0,0.18,,,
2909.20.10,0,0.07,0.025,0,0,,0,0.18,,,
2909.20.90,0,0,0.025,0,0,,0,0.18,,,
2909.30.10,0,0,0.025,0,0,,0,0.18,,,
2909.30.91,0,0.07,0.025,0,0,,0,0.18,,,
2909.30.92,0,0.07,0.025,0,0,,0,0.18,,,
2909.30.93,0,0.07,0.025,0,0,,0,0.18,,,
2909.30.94,0,0.07,0.025,0,0,,0,0.18,,,
2909.30.99,0,0,0.025,0,0,,0,0.18,,,
2909.41.10,0,0,0.025,0,0,,0,0.18,,,
2909.41.90,0,0.07,0.025,0,0,,0,0.18,,,
2909.43.10,0,0.07,0.025,0,0,,0,0.18,,,
2909.43.90,0,0.07,0.025,0,0,,0,0.18,,,
2909.44.10,0,0.12,0.025,0,0,,0,0.18,,,
2909.44.90,0,0.07,0.025,0,0,,0,0.18,,,
2909.49.10,0,0,0.025,0,0,,0,0.18,,,
2909.49.90,0,0.07,0.025,0,0,,0,0.18,,,
2909.50.10,0,0,0.025,0,0,,0,0.18,,,
2909.50.90,0,0.07,0.025,0,0,,0,0.18,,,
2909.60.10,0,0,0.025,0,0,,0,0.18,,,
2909.60.90,0,0.07,0.025,0,0,,0,0.18,,,
2910.10,0,0,0.025,0,0,,0,0.18,,,
2910.20,0,0,0.025,0,0,,0,0.18,,,
2910.30,0,0,0.025,0,0,,0,0.18,,,
2910.40,0,0,0.025,0,0,,0,0.18,,,
2910.50,0,0,0.025,0,0,,0,0.18,,,
2910.90,0,0.07,0.025,0,0,,0,0.18,,,
2912.11,0,0.07,0.025,0,0,,0,0.18,,,
2912.12,0,0,0.025,0,0,,0,0.18,,,
2912.19,0,0.07,0.025,0,0,,0,0.18,,,
2912.21,0,0,0.025,0,0,,0,0.18,,,
2912.29,0,0.07,0.025,0,0,,0,0.18,,,
2912.41,0,0.07,0.025,0,0,,0,0.18,,,
2912.42,0,0.07,0.025,0,0,,0,0.18,,,
2912.49,0,0,0.025,0,0,,0,0.18,,,
2912.50.10,0,0.07,0.025,0,0,,0,0.18,,,
2912.50.90,0,0,0.025,0,0,,0,0.18,,,
2912.60,0,0.07,0.025,0,0,,0,0.18,,,
2914.11,0,0.07,0.025,0,0,,0,0.18,,,
2914.12,0,0.07,0.025,0,0,,0,0.18,,,
2914.13,0,0.07,0.025,0,0,,0,0.18,,,
2914.19,0,0,0.025,0,0,,0,0.18,,,
2914.22,0,0.07,0.025,0,0,,0,0.18,,,
2914.23,0,0,0.025,0,0,,0,0.18,,,
2914.29,0,0,0,0,0,,0,0.18,,,
2914.29.10,0.295,0.07,0.025,0,0,,0,0.18,,,
2914.29.90,0,0.07,0.025,0,0,,0,0.18,,,
2914.31,0,0.07,0.025,0,0,,0,0.18,,,
2914.39,0,0.07,0.025,0,0,,0,0.18,,,
2914.40,0,0.07,0.025,0,0,,0,0.18,,,
2914.50,0,0.07,0.025,0,0,,0,0.18,,,
2914.61,0,0,0.025,0,0,,0,0.18,,,
2914.62,0,0,0.025,0,0,,0,0.18,,,
2914.69,0,0.07,0.025,0,0,,0,0.18,,,
2914.71,0,0,0.025,0,0,,0,0.18,,,
2914.79,0,0,0.025,0,0,,0,0.18,,,
2915.11,0,0.07,0.025,0,0,,0,0.18,,,
2915.12,0,0.07,0.025,0,0,,0,0.18,,,
2915.13,0,0,0.025,0,0,,0,0.18,,,
2915.21,0,0.07,0.025,0,0,,0,0.18,,,
2915.24,0,0,0.025,0,0,,0,0.18,,,
2915.29,0,0.07,0.025,0,0,,0,0.18,,,
2915.31,0,0.07,0.025,0,0,,0,0.18,,,
2915.32,0,0.07,0.025,0,0,,0,0.18,,,
2915.33,0,0.07,0.025,0,0,,0,0.18,,,
2915.36,0,0.07,0.025,0,0,,0,0.18,,,
2915.39,0,0.07,0.025,0,0,,0,0.18,,,
2915.40,0,0,0.025,0,0,,0,0.18,,,
2915.50,0,0.07,0.025,0,0,,0,0.18,,,
2915.60,0,0.07,0.025,0,0,,0,0.18,,,
2915.70.10,0,0.07,0.025,0,0,,0,0.18,,,
2915.70.20,0,0.07,0.025,0,0,,0,0.18,,,
2915.90.10,0,0.07,0.025,0,0,,0,0.18,,,
2915.90.90,0,0.07,0.025,0,0,,0,0.18,,,
2916.11,0,0.07,0.025,0,0,,0,0.18,,,
2916.12,0,0.07,0.025,0,0,,0,0.18,,,
2916.13,0,0.07,0.025,0,0,,0,0.18,,,
2916.14,0,0.07,0.025,0,0,,0,0.18,,,
2916.15,0,0,0.025,0,0,,0,0.18,,,
2916.16,0,0.07,0.025,0,0,,0,0.18,,,
2916.19,0,0.07,0.025,0,0,,0,0.18,,,
2916.20.10,0,0,0.025,0,0,,0,0.18,,,
2916.20.20,0,0,0.025,0,0,,0,0.18,,,
2916.20.30,0,0.07,0.025,0,0,,0,0.18,,,
2916.20.40,0,0.07,0.025,0,0,,0,0.18,,,
2916.20.50,0,0,0.025,0,0,,0,0.18,,,
2916.20.90,0,0,0.025,0,0,,0,0.18,,,
2916.31,0,0.07,0.025,0,0,,0,0.18,,,
2916.32,0,0.07,0.025,0,0,,0,0.18,,,
2916.34,0,0,0.025,0,0,,0,0.18,,,
2916.39,0,0,0.025,0,0,,0,0.18,,,
2917.11,0,0.07,0.025,0,0,,0,0.18,,,
2917.12,0,0,0.025,0,0,,0,0.18,,,
2917.13,0,0,0.025,0,0,,0,0.18,,,
2917.14,0,0.07,0.025,0,0,,0,0.18,,,
2917.19,0,0.07,0.025,0,0,,0,0.18,,,
2917.20,0,0.07,0.025,0,0,,0,0.18,,,
2917.32,0,0.07,0.025,0,0,,0,0.18,,,
2917.33,0,0,0.025,0,0,,0,0.18,,,
2917.34,0,0.07,0.025,0,0,,0,0.18,,,
2917.35,0,0.07,0.025,0,0,,0,0.18,,,
2917.36,0,0,0.025,0,0,,0,0.18,,,
2917.37,0,0.07,0.025,0,0,,0,0.18,,,
2917.39,0,0.07,0.025,0,0,,0,0.18,,,
2918.11,0,0.07,0.025,0,0,,0,0.18,,,
2918.12,0,0,0.025,0,0,,0,0.18,,,
2918.13,0,0,0.025,0,0,,0,0.18,,,
2918.14,0,0.07,0.025,0,0,,0,0.18,,,
2918.15,0,0.07,0.025,0,0,,0,0.18,,,
2918.16,0,0.07,0.025,0,0,,0,0.18,,,
2918.17,0,0,0.025,0,0,,0,0.18,,,
2918.18,0,0.07,0.025,0,0,,0,0.18,,,
2918.19,0,0,0.025,0,0,,0,0.18,,,
2918.21,0,0.07,0.025,0,0,,0,0.18,,,
2918.22,0,0,0.025,0,0,,0,0.18,,,
2918.23,0,0.07,0.025,0,0,,0,0.18,,,
2918.29,0,0.07,0.025,0,0,,0,0.18,,,
2918.30,0,0,0.025,0,0,,0,0.18,,,
2918.91,0,0,0.025,0,0,,0,0.18,,,
2918.99,0,0,0,0,0,,0,0.18,,,
2918.99.10,0,0,0.025,0,0,,0,0.18,,,
2918.99.20,0,0.07,0.025,0,0,,0,0.18,,,
2918.99.90,0,0.07,0.025,0,0,,0,0.18,,,
2919.10,0,0,0.025,0,0,,0,0.18,,,
2919.90.10,0,0,0.025,0,0,,0,0.18,,,
2919.90.90,0,0,0.025,0,0,,0,0.18,,,
2920.11,0,0.07,0.025,0,0,,0,0.18,,,
2920.19.10,0,0.07,0.025,0,0,,0,0.18,,,
2920.19.90,0,0,0.025,0,0,,0,0.18,,,
2920.21,0,0,0.025,0,0,,0,0.18,,,
2920.22,0,0,0.025,0,0,,0,0.18,,,
2920.23,0,0.07,0.025,0,0,,0,0.18,,,
2920.24,0,0.07,0.025,0,0,,0,0.18,,,
2920.29,0,0.07,0.025,0,0,,0,0.18,,,
2920.30,0,0.07,0.025,0,0,,0,0.18,,,
2920.90,0,0.07,0.025,0,0,,0,0.18,,,
2921.11,0,0.07,0.025,0,0,,0,0.18,,,
2921.12,0,0.07,0.025,0,0,,0,0.18,,,
2921.13,0,0.07,0.025,0,0,,0,0.18,,,
2921.14,0,0.07,0.025,0,0,,0,0.18,,,
2921.19,0,0.07,0.025,0,0,,0,0.18,,,
2921.21,0,0.07,0.025,0,0,,0,0.18,,,
2921.22,0,0,0.025,0,0,,0,0.18,,,
2921.29,0,0.07,0.025,0,0,,0,0.18,,,
2921.30,0,0,0.025,0,0,,0,0.18,,,
2921.41,0,0.07,0.025,0,0,,0,0.18,,,
2921.42,0,0,0.025,0,0,,0,0.18,,,
2921.43,0,0,0.025,0,0,,0,0.18,,,
2921.44,0,0,0.025,0,0,,0,0.18,,,
2921.45,0,0,0.025,0,0,,0,0.18,,,
2921.46,0,0.07,0.025,0,0,,0,0.18,,,
2921.49,0,0,0.025,0,0,,0,0.18,,,
2921.51,0,0.07,0.025,0,0,,0,0.18,,,
2921.59,0,0.07,0.025,0,0,,0,0.18,,,
2922.11,0,0.07,0.025,0,0,,0,0.18,,,
2922.12,0,0.07,0.025,0,0,,0,0.18,,,
2922.14,0,0.07,0.025,0,0,,0,0.18,,,
2922.15,0,0.07,0.025,0,0,,0,0.18,,,
2922.16,0,0.07,0.025,0,0,,0,0.18,,,
2922.17,0,0,0.025,0,0,,0,0.18,,,
2922.18,0,0.07,0.025,0,0,,0,0.18,,,
2922.19,0,0,0.025,0,0,,0,0.18,,,
2922.21,0,0,0.025,0,0,,0,0.18,,,
2922.29.10,0,0,0.025,0,0,,0,0.18,,,
2922.29.90,0.395,0,0.025,0,0,,0,0.18,,,
2922.31,0,0.07,0.025,0,0,,0,0.18,,,
2922.39,0,0,0.025,0,0,,0,0.18,,,
2922.41,0,0.07,0.025,0,0,,0,0.18,,,
2922.42.10,0,0.05,0.025,0,0,,120,0.18,,,
2922.42.90,0,0.07,0.025,0,0,,0,0.18,,,
2922.43,0,0.07,0.025,0,0,,0,0.18,,,
2922.44,0,0,0.025,0,0,,0,0.18,,,
2922.49,0,0.07,0.025,0,0,,0,0.18,,,
2922.50,0,0.07,0.025,0,0,,0,0.18,,,
2923.10,0,0.07,0.025,0,0,,0,0.18,,,
2923.20,0,0.07,0.025,0,0,,0,0.18,,,
2923.30,0,0.07,0.025,0,0,,0,0.18,,,
2923.40,0,0.07,0.025,0,0,,0,0.18,,,
2923.90,0,0.07,0.025,0,0,,0,0.18,,,
2924.11,0,0.07,0.025,0,0,,0,0.18,,,
2924.12,0,0.07,0.025,0,0,,0,0.18,,,
2924.19,0,0.07,0.025,0,0,,0,0.18,,,
2924.21,0,0.07,0.025,0,0,,0,0.18,,,
2924.23.10,0,0,0.025,0,0,,0,0.18,,,
2924.23.20,0,0,0.025,0,0,,0,0.18,,,
2924.24,0,0.07,0.025,0,0,,0,0.18,,,
2924.25,0,0.07,0.025,0,0,,0,0.18,,,
2924.29.10,0,0.07,0.025,0,0,,0,0.18,,,
2924.29.20,0,0.07,0.025,0,0,,0,0.18,,,
2924.29.30,0,0.07,0.025,0,0,,0,0.18,,,
2924.29.40,0,0.07,0.025,0,0,,0,0.18,,,
2924.29.90,0,0.07,0.025,0,0,,0,0.18,,,
2925.11,0,0.07,0.025,0,0,,0,0.18,,,
2925.12,0,0.07,0.025,0,0,,0,0.18,,,
2925.19,0,0.07,0.025,0,0,,0,0.18,,,
2925.21,0,0.07,0.025,0,0,,0,0.18,,,
2925.29,0,0.07,0.025,0,0,,0,0.18,,,
2926.10,0,0,0.025,0,0,,0,0.18,,,
2926.20,0,0,0.025,0,0,,0,0.18,,,
2926.30,0,0.07,0.025,0,0,,0,0,,,
2926.40,0,0.07,0.025,0,0,,0,0.18,,,
2926.90,0,0,0.025,0,0,,0,0.18,,,
2927.00,0,0.07,0.025,0,0,,0,0.18,,,
2928.00,0,0.12,0.025,0,0,,0,0.18,,,
2929.10,0,0.07,0.025,0,0,,0,0.18,,,
2929.90,0,0.07,0.025,0,0,,0,0.18,,,
2930.10,0,0,0.025,0,0,,0,0.18,,,
2930.20,0,0,0,0,0,,0,0,,,
2930.20.10,0,0,0.025,0,0,,0,0.18,,,
2930.20.90,0,0,0.025,0,0,,0,0.18,,,
2930.30,0,0.07,0.025,0,0,,0,0.18,,,
2930.40,0,0.07,0.025,0,0,,0,0.18,,,
2930.60,0,0.07,0.025,0,0,,0,0.18,,,
2930.70,0,0.07,0.025,0,0,,0,0.18,,,
2930.80,0,0.07,0.025,0,0,,0,0.18,,,
2930.90.10,0,0,0.025,0,0,,0,0.18,,,
2930.90.20,0,0,0.025,0,0,,0,0.18,,,
2930.90.30,0,0.07,0.025,0,0,,0,0.18,,,
2930.90.40,0,0,0.025,0,0,,0,0.18,,,
2930.90.50,0,0.07,0.025,0,0,,0,0.18,,,
2930.90.90,0,0.07,0.025,0,0,,0,0.18,,,
2931.10,0,0,0,0,0,,0,0,,,
2931.10.10,0,0.07,0.025,0,0,,0,0.18,,,
2931.10.20,0,0.07,0.025,0,0,,0,0.18,,,
2931.20,0,0.07,0.025,0,0,,0,0.18,,,
2931.41,0,0,0.025,0,0,,0,0.18,,,
2931.42,0,0,0.025,0,0,,0,0.18,,,
2931.43,0,0.07,0.025,0,0,,0,0.18,,,
2931.44,0,0.05,0.025,0,0,,0,0.18,,,
2931.45,0,0,0.025,0,0,,0,0.18,,,
2931.46,0,0.07,0.025,0,0,,0,0.18,,,
2931.47,0,0,0.025,0,0,,0,0.18,,,
2931.48,0,0,0.025,0,0,,0,0.18,,,
2931.49,0,0,0,0,0,,0,0,,,
2931.49.10,0,0,0.025,0,0,,0,0.18,,,
2931.49.90,0,0,0.025,0,0,,0,0.18,,,
2931.51,0,0,0,0,0,,0,0.18,,,
2931.52,0,0,0,0,0,,0,0.18,,,
2931.53,0,0,0,0,0,,0,0.18,,,
2931.54,0,0,0,0,0,,0,0.18,,,
2931.59,0,0,0,0,0,,0,0.18,,,
2931.90.10,0,0.07,0.025,0,0,,0,0.18,,,
2931.90.20,0,0.07,0.025,0,0,,0,0.18,,,
2931.90.30,0,0.07,0.025,0,0,,0,0.18,,,
2931.90.90,0,0.07,0.025,0,0,,0,0.18,,,
2932.11,0,0,0.025,0,0,,0,0.18,,,
2932.12,0,0,0.025,0,0,,0,0.18,,,
2932.13,0,0,0.025,0,0,,0,0.18,,,
2932.14,0,0,0.025,0,0,,0,0.18,,,
2932.19,0,0.07,0.025,0,0,,0,0.18,,,
2932.20,0,0,0,0,0,,0,0.18,,,
2932.20.10,0,0,0.025,0,0,,0,0.18,,,
2932.20.90,0,0,0.025,0,0,,0,0.18,,,
2932.91,0,0.07,0.025,0,0,,0,0.18,,,
2932.92,0,0.07,0.025,0,0,,0,0.18,,,
2932.93,0,0,0.025,0,0,,0,0.18,,,
2932.94,0,0,0.025,0,0,,0,0.18,,,
2932.95,0,0.07,0.025,0,0,,0,0.18,,,
2932.96,0,0,0.025,0,0,,0,0.18,,,
2932.99,0,0,0,0,0,,0,0,,,
2932.99.20,0,0.07,0.025,0,0,,0,0.18,,,
2932.99.30,0,0.07,0.025,0,0,,0,0.18,,,
2932.99.90,0,0.07,0.025,0,0,,0,0.18,,,
2933.11,0,0,0.025,0,0,,0,0.18,,,
2933.19,0,0.07,0.025,0,0,,0,0.18,,,
2933.21,0,0.07,0.025,0,0,,0,0.18,,,
2933.29,0,0.07,0.025,0,0,,0,0.18,,,
2933.31,0,0.07,0.025,0,0,,0,0.18,,,
2933.32,0,0,0.025,0,0,,0,0.18,,,
2933.33,0,0,0.025,0,0,,0,0.18,,,
2933.34,0,0,0.025,0,0,,0,0.18,,,
2933.35,0,0,0.025,0,0,,0,0.18,,,
2933.36,0,0.07,0.025,0,0,,0,0.18,,,
2933.37,0,0.07,0.025,0,0,,0,0.18,,,
2933.39,0,0,0,0,0,,0,0,,,
2933.39.10,0,0.07,0.025,0,0,,0,0.18,,,
2933.39.20,0,0,0.025,0,0,,0,0.18,,,
2933.39.90,0,0.07,0.025,0,0,,0,0.18,,,
2933.41,0,0.07,0.025,0,0,,0,0.18,,,
2933.49,0,0,0.025,0,0,,0,0.18,,,
2933.52,0,0,0.025,0,0,,0,0.18,,,
2933.53,0,0.07,0.025,0,0,,0,0.18,,,
2933.54,0,0,0.025,0,0,,0,0.18,,,
2933.55,0,0.07,0.025,0,0,,0,0.18,,,
2933.59,0,0,0,0,0,,0,0.18,,,
2933.59.10,0,0,0.025,0,0,,0,0.18,,,
2933.59.90,0,0.07,0.025,0,0,,0,0.18,,,
2933.61,0,0.07,0.025,0,0,,0,0.18,,,
2933.69,0,0.07,0.025,0,0,,0,0.18,,,
2933.71,0,0.07,0.025,0,0,,0,0.18,,,
2933.72,0,0.07,0.025,0,0,,0,0.18,,,
2933.79,0,0,0.025,0,0,,0,0.18,,,
2933.91,0,0.07,0.025,0,0,,0,0.18,,,
2933.92,0,0.07,0.025,0,0,,0,0.18,,,
2933.99.10,0,0,0.025,0,0,,0,0.18,,,
2933.99.90,0,0.07,0.025,0,0,,0,0.18,,,
2934.10,0,0,0.025,0,0,,0,0.18,,,
2934.20,0,0.07,0.025,0,0,,0,0.18,,,
2934.30,0,0.07,0.025,0,0,,0,0.18,,,
2934.91,0,0,0.025,0,0,,0,0.18,,,
2934.92,0,0,0.025,0,0,,0,0.18,,,
2934.99,0,0.07,0.025,0,0,,0,0.18,,,
2935.10,0,0.07,0.025,0,0,,0,0.18,,,
2935.20,0,0.07,0.025,0,0,,0,0.18,,,
2935.30,0,0.07,0.025,0,0,,0,0.18,,,
2935.40,0,0.07,0.025,0,0,,0,0.18,,,
2935.50,0,0.07,0.025,0,0,,0,0.18,,,
2935.90,0,0.07,0.025,0,0,,0,0.18,,,
2936.21,0,0.07,0.025,0,0,,0,0.18,,,
2936.22,0,0.07,0.025,0,0,,0,0.18,,,
2936.23,0,0.07,0.025,0,0,,0,0.18,,,
2936.24,0,0.07,0.025,0,0,,0,0.18,,,
2936.25,0,0.07,0.025,0,0,,0,0.18,,,
2936.26,0,0.07,0.025,0,0,,0,0.18,,,
2936.27,0,0.07,0.025,0,0,,0,0.18,,,
2936.28,0,0.07,0.025,0,0,,0,0.18,,,
2936.29,0,0.07,0.025,0,0,,0,0.18,,,
2936.90,0,0.07,0.025,0,0,,0,0.18,,,
2937.11,0,0.07,0.025,0,0,,0,0.18,,,
2937.12,0,0,0.025,0,0,,0,0.18,,,
2937.19,0,0,0.025,0,0,,0,0.18,,,
2937.21,0,0.07,0.025,0,0,,0,0.18,,,
2937.22,0,0,0.025,0,0,,0,0.18,,,
2937.23,0,0.07,0.025,0,0,,0,0.18,,,
2937.29,0,0,0.025,0,0,,0,0.18,,,
2937.50,0,0.07,0.025,0,0,,0,0.18,,,
2937.90,0,0,0.025,0,0,,0,0.18,,,
2938.10,0,0,0.025,0,0,,0,0.18,,,
2938.90,0,0.07,0.025,0,0,,0,0.18,,,
2939.11,0,0.07,0.025,0,0,,0,0.18,,,
2939.19,0,0,0.025,0,0,,0,0.18,,,
2939.20,0,0,0.025,0,0,,0,0.18,,,
2939.30,0,0,0.025,0,0,,0,0.18,,,
2939.41,0,0.07,0.025,0,0,,0,0.18,,,
2939.42,0,0.07,0.025,0,0,,0,0.18,,,
2939.43,0,0.07,0.025,0,0,,0,0.18,,,
2939.44,0,0.07,0.025,0,0,,0,0.18,,,
2939.45,0,0.07,0.025,0,0,,0,0.18,,,
2939.49,0,0.07,0.025,0,0,,0,0.18,,,
2939.51,0,0.07,0.025,0,0,,0,0.18,,,
2939.59,0,0.07,0.025,0,0,,0,0.18,,,
2939.61,0,0.07,0.025,0,0,,0,0.18,,,
2939.62,0,0.07,0.025,0,0,,0,0.18,,,
2939.63,0,0.07,0.025,0,0,,0,0.18,,,
2939.69,0,0,0.025,0,0,,0,0.18,,,
2939.72,0,0.07,0.025,0,0,,0,0.18,,,
2939.79,0,0.07,0.025,0,0,,0,0.18,,,
2939.80,0,0.07,0.025,0,0,,0,0.18,,,
2940.00,0,0.07,0.025,0,0,,0,0.18,,,
2941.10,0,0.07,0.025,0,0,,0,0.18,,,
2941.20,0,0,0.025,0,0,,0,0.18,,,
2941.30,0,0,0.025,0,0,,0,0.18,,,
2941.40,0,0,0.025,0,0,,0,0.18,,,
2941.50,0,0.07,0.025,0,0,,0,0.18,,,
2941.90,0,0.07,0.025,0,0,,0,0.18,,,
2942.00,0,0.07,0.025,0,0,,0,0.18,,,
3001.20,0,0,0,0,0,,0,0,,,
3001.90,0,0,0,0,0,,0,0,,,
3002.12,0,0,0,0,0,,0,0,,,
3002.13,0,0,0,0,0,,0,0,,,
3002.14,0,0,0,0,0,,0,0,,,
3002.15,0,0,0,0,0,,0,0,,,
3002.41,0,0,0,0,0,,0,0,,,
3002.42,0,0,0,0,0,,0,0,,,
3002.49.10,0,0,0,0,0,,0,0,,,
3002.49.90,0,0,0,0,0,,0,0,,,
3002.51,0,0,0.025,0,0,,0,0,,,
3002.59,0,0,0.025,0,0,,0,0,,,
3002.90,0,0,0,0,0,,0,0,,,
3003.10,0,0,0,0,0,,0,0,,,
3003.20,0,0,0,0,0,,0,0,,,
3003.31,0,0,0,0,0,,0,0,,,
3003.39,0,0,0,0,0,,0,0,,,
3003.41,0,0,0,0,0,,0,0,,,
3003.42,0,0,0,0,0,,0,0,,,
3003.43,0,0,0,0,0,,0,0,,,
3003.49,0,0,0,0,0,,0,0,,,
3003.60,0,0,0,0,0,,0,0,,,
3003.90.11,0.1,0,0.025,0.34,0,"10% or Rs.1,000/= per kg",0,0.18,,,
3003.90.12,0,0.16,0.025,0.24,0,8% or Rs.250/= per kg,0,0.18,,,
3003.90.13,0,0.16,0.025,0.12,0,4% or Rs.100/= per kg,0,0.18,,,
3003.90.14,0,0,0,0,0,,0,0,,,
3003.90.15,0.1,0,0.025,0.41,0,"13% or Rs.1,000/= per kg",0,0.18,,,
3003.90.19,0.1,0,0.025,0.41,0,"13% or Rs.1,000/= per kg",0,0.18,,,
3003.90.90,0,0,0,0,0,,0,0,,,
3004.10,0,0,0,0,0,,0,0,,,
3004.20,0,0,0,0,0,,0,0,,,
3004.31,0,0,0,0,0,,0,0,,,
3004.32,0,0,0,0,0,,0,0,,,
3004.39,0,0,0,0,0,,0,0,,,
3004.41,0,0,0,0,0,,0,0,,,
3004.42,0,0,0,0,0,,0,0,,,
3004.43,0,0,0,0,0,,0,0,,,
3004.49,0,0,0,0,0,,0,0,,,
3004.50,0,0,0,0,0,,0,0,,,
3004.60,0,0,0,0,0,,0,0,,,
3004.90.11,0,0,0.025,0.49,0,"25% or Rs.2,000/= per kg",0,0.18,,,
3004.90.12,0,0,0.025,0.31,0,15% or Rs.500/= per kg,0,0.18,,,
3004.90.13,0,0,0.025,0.15,0,7% or Rs.200/= per kg,0,0.18,,,
3004.90.14,0,0,0,0,0,,0,0,,,
3004.90.15,0.1,0,0.025,0.53,0,"25% or Rs.2,000/= per kg",0,0.18,,,
3004.90.19,0.1,0,0.025,0.53,0,"25% or Rs.2,000/= per kg",0,0.18,,,
3004.90.20,0,0,0,0,0,,0,0,,,
3004.90.90,0,0,0,0,0,,0,0,,,
3005.10,0.2,0.1,0.025,0,0,,125,0.18,,,
3005.90,0.2,0.1,0.025,0,0,,125,0.18,,,
3006.10,0,0,0,0,0,,0,0,,,
3006.30,0,0,0,0,0,,0,0,,,
3006.40,0,0,0,0,0,,0,0,,,
3006.50,0,0,0,0,0,,0,0,,,
3006.60,0,0,0,0,0,,0,0,,,
3006.70,0,0,0,0,0,,0,0,,,
3006.91,0,0,0,0,0,,0,0,,,
3006.92,0,0,0,0,0,,0,0,,,
3006.93,0,0,0,0,0,,0,0,,,
3102.10,0,0,0,0,0,,0,0.18,,,
3102.21,0,0,0,0,0,,0,0.18,,,
3102.29,0,0,0,0,0,,0,0.18,,,
3102.30,0,0,0,0,0,,0,0.18,,,
3102.40,0,0,0,0,0,,0,0.18,,,
3102.50,0,0,0,0,0,,0,0.18,,,
3102.60,0,0,0,0,0,,0,0.18,,,
3102.80,0,0,0,0,0,,0,0.18,,,
3102.90,0,0,0,0,0,,0,0.18,,,
3103.11,0,0,0,0,0,,0,0.18,,,
3103.19,0,0,0,0,0,,0,0.18,,,
3103.90,0,0,0,0,0,,0,0.18,,,
3104.20,0,0,0,0,0,,0,0.18,,,
3104.30,0,0,0,0,0,,0,0.18,,,
3104.90,0,0,0,0,0,,0,0.18,,,
3105.10,0,0.135,0,0,0,,0,0.18,,,
3105.20,0,0,0,0,0,,0,0.18,,,
3105.30,0,0,0,0,0,,0,0.18,,,
3105.40,0,0,0,0,0,,0,0.18,,,
3105.51,0,0,0,0,0,,0,0.18,,,
3105.59,0,0,0,0,0,,0,0.18,,,
3105.60,0,0,0,0,0,,0,0.18,,,
3105.90,0,0,0,0,0,,0,0.18,,,
3201.10,0,0,0.025,0,0,,0,0.18,,,
3201.20,0,0.16,0.025,0,0,,0,0.18,,,
3201.90,0,0,0.025,0,0,,0,0.18,,,
3202.10,0,0.16,0.025,0,0,,0,0.18,,,
3202.90,0,0.16,0.025,0,0,,0,0.18,,,
3204.11,0,0.16,0.025,0,0,,0,0,,,
3204.12,0,0.16,0.025,0,0,,0,0,,,
3204.13,0,0.16,0.025,0,0,,0,0,,,
3204.14,0,0.16,0.025,0,0,,0,0,,,
3204.15,0,0.16,0.025,0,0,,0,0,,,
3204.16,0,0.16,0.025,0,0,,0,0,,,
3204.17,0,0.16,0.025,0,0,,0,0,,,
3204.18,0,0,0.025,0,0,,0,0.18,,,
3204.19,0,0.16,0.025,0,0,,0,0.18,,,
3204.20,0,0.16,0.025,0,0,,0,0.18,,,
3204.90,0,0.16,0.025,0,0,,0,0.18,,,
3206.11,0,0.16,0.025,0,0,,0,0.18,,,
3206.19,0,0.16,0.025,0,0,,0,0.18,,,
3206.20,0,0.16,0.025,0,0,,0,0.18,,,
3206.41,0,0.16,0.025,0,0,,0,0.18,,,
3206.42,0,0,0.025,0,0,,0,0.18,,,
3206.49,0,0.16,0.025,0,0,,0,0.18,,,
3206.50,0,0.16,0.025,0,0,,0,0.18,,,
3207.10,0,0.16,0.025,0,0,,0,0.18,,,
3207.20,0,0.16,0.025,0,0,,0,0.18,,,
3207.30,0,0.16,0.025,0,0,,0,0.18,,,
3207.40,0,0.16,0.025,0,0,,0,0.18,,,
3208.10.10,0.2,0.1,0.025,0,0,,150,0.18,,,
3208.10.90,0.2,0.1,0.025,0,0,,150,0.18,,,
3208.20.10,0.2,0.16,0.025,0,0,,214,0.18,,,
3208.20.90,0.2,0.16,0.025,0,0,,214,0.18,,,
3208.90.10,0,0.16,0.025,0,0,,0,0.18,,,
3208.90.20,0.2,0.16,0.025,0,0,,214,0.18,,,
3208.90.90,0.2,0.16,0.025,0,0,,214,0.18,,,
3209.10.10,0.2,0.16,0.025,0,0,,214,0.18,,,
3209.10.90,0.2,0.16,0.025,0,0,,214,0.18,,,
3209.90.10,0.2,0.16,0.025,0,0,,214,0.18,,,
3209.90.90,0.2,0.16,0.025,0,0,,214,0.18,,,
3210.00.10,0,0.16,0.025,0,0,,0,0.18,,,
3210.00.20,0.3,0.16,0.025,0,0,,214,0.18,,,
3210.00.90,0.3,0.16,0.025,0,0,,214,0.18,,,
3212.10,0,0.16,0.025,0,0,,0,0.18,,,
3212.90.10,0,0.16,0.025,0,0,,0,0.18,,,
3212.90.90,0.3,0.16,0.025,0,0,,0,0.18,,,
3213.10,0.395,0.16,0.025,0,0,,0,0.18,,,
3213.90,0.395,0.16,0.025,0,0,,0,0.18,,,
3214.10,0.295,0.1,0.025,0,0,,35,0.18,,,
3214.90.10,0.295,0.16,0.025,0,0,,75,0.18,,,
3214.90.90,0.055,0.16,0.025,0,0,,29,0.18,,,
3215.11,0.2,0.16,0.025,0,0,,44,0.18,,,
3215.19,0.2,0.16,0.025,0,0,,44,0.18,,,
3215.90.10,0,0.16,0.025,0,0,,0,0.18,,,
3215.90.20,0,0.16,0.025,0,0,,0,0.18,,,
3215.90.90,0.2,0.16,0.025,0.1,0,,0,0.18,,,
3301.12,0.295,0.16,0.025,0,0,,0,0.18,,,
3301.13,0.295,0.16,0.025,0,0,,0,0.18,,,
3301.19,0.295,0.16,0.025,0,0,,0,0.18,,,
3301.24,0.295,0.16,0.025,0,0,,0,0.18,,,
3301.25,0.055,0.16,0.025,0,0,,0,0.18,,,
3301.29,0.295,0.16,0.025,0,0,,0,0.18,,,
3301.30,0.295,0,0.025,0,0,,0,0.18,,,
3301.90.10,0.596,0.16,0.025,0,0,,0,0.18,,,
3301.90.20,0.295,0.16,0.025,0,0,,0,0.18,,,
3301.90.30,0.195,0,0.025,0,0,,0,0.18,,,
3301.90.40,0.195,0,0.025,0,0,,0,0.18,,,
3301.90.50,0.195,0.16,0.025,0,0,,0,0.18,,,
3301.90.60,0.295,0.16,0.025,0,0,,0,0.18,,,
3301.90.70,0.295,0.16,0.025,0,0,,0,0.18,,,
3301.90.80,0.195,0,0.025,0,0,,0,0.18,,,
3301.90.91,0.295,0,0.025,0,0,,0,0.18,,,
3301.90.92,0.295,0,0.025,0,0,,0,0.18,,,
3301.90.93,0.055,0,0.025,0,0,,0,0.18,,,
3301.90.94,0.295,0,0.025,0,0,,0,0.18,,,
3301.90.95,0.295,0,0.025,0,0,,0,0.18,,,
3301.90.96,0.055,0.16,0.025,0,0,,0,0.18,,,
3301.90.99,0.055,0.16,0.025,0,0,,0,0.18,,,
3302.10.10,0.395,0.16,0.025,0,0,,0,0.18,,,
3302.10.20,0.395,0.16,0.025,0,0,,0,0.18,,,
3302.10.90,0,0.16,0.025,0.05,0,5% or Rs.243/- per L | 5% or Rs.243/- per L | 20% or Rs.950/- per L | 5% or Rs. 250/= per L,0,0.18,,,
3302.90,0.055,0.16,0.025,0,0,,0,0.18,,,
3303.00.10,0.435,0,0.025,0,0,,0,0.18,,,
3303.00.21,0.67,0.16,0.025,0,0,,0,0.18,,,
3303.00.22,0.67,0.16,0.025,0,0,,0,0.18,,,
3303.00.29,0.68,0,0.025,0,0,,0,0.18,,,
3304.10,0.68,0,0.025,0,0,,4000,0.18,,,
3304.20,0.68,0,0.025,0,0,,3700,0.18,,,
3304.30,0.68,0.16,0.025,0,0,,440,0.18,,,
3304.91,0.65,0.1,0.025,0,0,,600,0.18,,,
3304.99,0.48,0,0.025,0,0,,1740,0.18,,,
3305.10,0.63,0,0.025,0,0,,750,0.18,,,
3305.20,0.48,0.1,0.025,0,0,,600,0.18,,,
3305.30,0.454,0.1,0.025,0,0,,600,0.18,,,
3305.90,0.475,0,0.025,0,0,,850,0.18,,,
3306.10,0.2,0.1,0.025,0.35,0,35% or Rs.500/= per kg,0,0.18,,,
3306.20,0,0.16,0.025,0,0,,0,0.18,,,
3306.90,0.2,0.1,0.025,0.35,0,35% or Rs.600/= per kg,0,0.18,,,
3307.10,0.48,0.1,0.025,0,0,,500,0.18,,,
3307.20,0.48,0.1,0.025,0,0,,550,0.18,,,
3307.30,0.48,0.1,0.025,0,0,,500,0.18,,,
3307.41,0,0,0.025,0.1,0,18% or Rs.135/- per kg | 5% or Rs.36/- per kg | 5% or Rs.36/- per kg | 20% or Rs.140/- per kg | 10% or Rs.800/= per kg,0,0.18,,,
3307.49,0.3,0.1,0.025,0.1,0,10% or Rs.600/= per kg,0,0.18,,,
3307.90.10,0,0,0.025,0,0,,0,0.18,,,
3307.90.90,0.1,0,0.025,0,0,,880,0.18,,,
3401.11.20,0.2,0,0.025,0.3,0,30% or Rs.600/= per kg,0,0.18,,,
3401.11.30,0,0.1,0.025,0.3,0,20% or Rs.100/- per kg | 30% or 30% of 65% of MRP or Rs.500/= per kg,0,0.18,,,
3401.11.90,0,0.1,0.025,0.3,0,20% or Rs.100/- per kg | 30% or Rs.500/= per kg,0,0.18,,,
3401.19.20,0.2,0.1,0.025,0.3,0,30% or Rs.750/= per kg,0,0.18,,,
3401.19.30,0,0,0.025,0.3,0,20% or Rs.100/- per kg | 30% or 30% of 65% of MRP or Rs.500/= per kg,0,0.18,,,
3401.19.90,0,0.1,0.025,0.3,0,20% or Rs.100/- per kg | 30% or Rs.500/= per kg,0,0.18,,,
3401.20,0,0,0,0,0,,0,0,,,
3401.20.10,0.2,0.16,0.025,0.05,0,,0,0.18,,,
3401.20.90,0.2,0.1,0.025,0.3,0,30% or Rs.280/= per kg,0,0.18,,,
3401.30.20,0.638,0.1,0.025,0.35,0,35% or Rs.600/= per kg,0,0.18,,,
3401.30.90,0.1,0,0.025,0,0,,1242,0.18,,,
3402.31,0,0.07,0.025,0,0,,0,0.18,,,
3402.39,0,0.07,0.025,0,0,,0,0.18,,,
3402.41,0,0.07,0.025,0,0,,0,0.18,,,
3402.42,0,0.07,0.025,0,0,,0,0.18,,,
3402.49,0,0.07,0.025,0,0,,0,0.18,,,
3402.50,0.638,0.16,0.025,0.1,0,,0,0.18,,,
3402.90.10,0.638,0.16,0.025,0.41,0,25% or Rs.80/= per kg | 16% or Rs.20/= per kg,0,0.18,,,
3402.90.20,0,0.16,0.025,0,0,,0,0.18,,,
3402.90.30,0,0.16,0.025,0,0,,0,0.18,,,
3402.90.90,0,0.16,0.025,0,0,,0,0.18,,,
3403.11,0,0.16,0.025,0,0,,0,0.18,,,
3403.19.10,0,0.1,0.025,0.4,0,20% or Rs.260/- per kg | 40% or Rs.350/= per kg,0,0.18,,,
3403.19.90,0,0.16,0.025,0,0,,0,0.18,,,
3403.91,0,0.16,0.025,0,0,,0,0.18,,,
3403.99.10,0,0.1,0.025,0.4,0,20% or Rs.260/- per kg | 40% or Rs.350/= per kg,0,0.18,,,
3403.99.90,0,0.16,0.025,0,0,,0,0.18,,,
3404.20,0,0.16,0.025,0,0,,0,0.18,,,
3404.90,0,0.16,0.025,0,0,,0,0.18,,,
3405.10,0.48,0.16,0.025,0.42,0,30% or Rs.180/= per kg | 12% or Rs.24/= per kg,0,0.18,,,
3405.20,0.3,0.16,0.025,0.42,0,30% or Rs.180/= per kg | 12% or Rs.24/= per kg,0,0.18,,,
3405.30,0.3,0.16,0.025,0.42,0,30% or Rs.300/= per kg | 12% or Rs.24/= per kg,0,0.18,,,
3405.40.10,0,0.16,0.025,0,0,,0,0.18,,,
3405.40.90,0.3,0.16,0.025,0.42,0,30% or Rs.160/= per kg | 12% or Rs.24/= per kg,0,0.18,,,
3405.90,0.3,0.16,0.025,0.42,0,30% or Rs.220/= per kg | 12% or Rs.24/= per kg,0,0.18,,,
3501.10,0,0.16,0.025,0,0,,0,0.18,,,
3501.90,0,0.16,0.025,0,0,,0,0.18,,,
3502.11,0,0,0.025,0,0,,0,0.18,,,
3502.19,0,0.16,0.025,0,0,,0,0.18,,,
3502.20,0,0.16,0.025,0,0,,0,0.18,,,
3502.90,0,0,0.025,0,0,,0,0.18,,,
3505.10.10,0,0.16,0.025,0,0,,0,0.18,,,
3505.10.90,0.395,0.16,0.025,0,0,,0,0.18,,,
3505.20,0.2,0.16,0.025,0,0,,0,0.18,,,
3506.10.10,0,0.16,0.025,0,0,,0,0.18,,,
3506.10.90,0.2,0.16,0.025,0.19,0,,0,0.18,,,
3506.91.10,0,0.16,0.025,0,0,,0,0.18,,,
3506.91.20,0.48,0.16,0.025,0.05,0,5% or Rs.85/= per kg,56,0.18,,,
3506.91.90,0.479,0.16,0.025,0.05,0,5% or Rs.85/= per kg,56,0.18,,,
3506.99.10,0,0.16,0.025,0,0,,0,0.18,,,
3506.99.20,0.3,0.16,0.025,0,0,,0,0.18,,,
3506.99.90,0.295,0.16,0.025,0,0,,0,0.18,,,
3507.10,0,0.16,0.025,0,0,,0,0.18,,,
3507.90.10,0,0,0.025,0,0,,0,0.18,,,
3507.90.90,0,0.16,0.025,0,0,,0,0.18,,,
3601.00,0.295,0,0.025,0,0,,0,0.18,,,
3602.00,0.385,0,0.025,0,0,,0,0.18,,,
3603.10,0.295,0,0.025,0,0,,0,0.18,,,
3603.20,0.295,0,0.025,0,0,,0,0.18,,,
3603.30,0.295,0,0.025,0,0,,0,0.18,,,
3603.40,0.295,0,0.025,0,0,,0,0.18,,,
3603.50,0.295,0,0.025,0,0,,0,0.18,,,
3603.60,0.295,0,0.025,0,0,,0,0.18,,,
3604.10,0.48,0,0.025,0.05,0,,0,0.18,,,
3604.90,0.295,0.16,0.025,0,0,,0,0.18,,,
3605.00,0.2,0,0,0.1,0,,0,0.18,,,
3606.10,0.45,0,0.025,0.15,0,15% or Rs. 120/= per kg,0,0.18,,,
3606.90,0.1,0,0.025,0.08,0,8% or Rs. 60/= per kg,0,0.18,,,
3701.10,0,0.16,0.025,0,0,,0,0.18,,,
3701.20,0.195,0,0.025,0,0,,0,0.18,,,
3701.30,0.395,0.16,0.025,0,0,,0,0.18,,,
3701.91,0.295,0,0.025,0,0,,0,0.18,,,
3701.99,0.295,0.16,0.025,0,0,,0,0.18,,,
3702.10,0,0.16,0.025,0,0,,0,0.18,,,
3702.31,0,0,0,0,0,,0,0,,,
3702.31.10,0.295,0,0.025,0,0,,0,0.18,,,
3702.31.90,0,0.16,0.025,0,0,,0,0.18,,,
3702.32,0.295,0,0.025,0,0,,0,0.18,,,
3702.39,0.295,0,0.025,0,0,,0,0.18,,,
3702.41,0.295,0,0.025,0,0,,0,0.18,,,
3702.42,0.295,0,0.025,0,0,,0,0.18,,,
3702.43,0.295,0.16,0.025,0,0,,0,0.18,,,
3702.44,0.295,0.16,0.025,0,0,,0,0.18,,,
3702.52,0,0,0,0,0,,0,0,,,
3702.52.10,0,0,0.025,0,0,,0,0.18,,,
3702.52.90,0.395,0,0.025,0,0,,0,0.18,,,
3702.53,0,0,0,0,0,,0,0,,,
3702.53.10,0,0,0.025,0,0,,0,0.18,,,
3702.53.90,0.395,0,0.025,0,0,,0,0.18,,,
3702.54,0,0,0.025,0,0,,0,0.18,,,
3702.55,0,0,0,0,0,,0,0,,,
3702.55.10,0,0,0.025,0,0,,0,0.18,,,
3702.55.90,0.295,0,0.025,0,0,,0,0.18,,,
3702.56,0.295,0,0.025,0,0,,0,0.18,,,
3702.96,0,0,0,0,0,,0,0,,,
3702.96.10,0,0,0.025,0,0,,0,0.18,,,
3702.96.20,0,0,0.025,0,0,,0,0.18,,,
3702.96.90,0.395,0,0.025,0,0,,0,0.18,,,
3702.97,0,0,0,0,0,,0,0,,,
3702.97.10,0,0,0.025,0,0,,0,0.18,,,
3702.97.20,0,0,0.025,0,0,,0,0.18,,,
3702.97.90,0.295,0,0.025,0,0,,0,0.18,,,
3702.98,0.295,0,0.025,0,0,,0,0.18,,,
3703.10,0.295,0.16,0.025,0,0,,0,0.18,,,
3703.20,0.295,0.16,0.025,0,0,,0,0.18,,,
3703.90,0.295,0.16,0.025,0,0,,0,0.18,,,
3704.00,0,0,0,0,0,,0,0,,,
3704.00.10,0,0,0.025,0,0,,0,0.18,,,
3704.00.90,0.295,0.16,0.025,0,0,,0,0.18,,,
3705.00.00,0,0,0,0,0,,0,0,,,
3705.00.10,0,0,0.025,0,0,,0,0.18,,,
3705.00.90,0.295,0.16,0.025,0,0,,0,0.18,,,
3706.10,0,0,0.025,0,0,,0,0.18,,,
3706.90,0,0,0.025,0,0,,0,0.18,,,
3707.10,0.295,0.16,0.025,0,0,,0,0.18,,,
3707.90,0.395,0.16,0.025,0,0,,0,0.18,,,
3801.10,0,0.16,0.025,0,0,,0,0.18,,,
3801.20,0,0,0.025,0,0,,0,0.18,,,
3801.30,0,0,0.025,0,0,,0,0.18,,,
3801.90,0,0,0,0,0,,0,0,,,
3801.90.10,0,0,0.025,0,0,,0,0.18,,,
3801.90.90,0,0.16,0.025,0,0,,0,0.18,,,
3802.10,0,0,0,0,0,,0,0,,,
3802.10.10,0,0.16,0.025,0,0,,0,0.18,,,
3802.10.21,0,0.16,0.025,0,0,,0,0.18,,,
3802.10.22,0,0.16,0.025,0,0,,0,0.18,,,
3802.10.23,0,0,0.025,0,0,,0,0.18,,,
3802.10.24,0,0.16,0.025,0,0,,0,0.18,,,
3802.10.25,0,0,0.025,0,0,,0,0.18,,,
3802.10.29,0,0.16,0.025,0,0,,0,0.18,,,
3802.10.31,0,0,0.025,0,0,,0,0.18,,,
3802.10.32,0,0,0.025,0,0,,0,0.18,,,
3802.10.33,0,0,0.025,0,0,,0,0.18,,,
3802.10.34,0,0,0.025,0,0,,0,0.18,,,
3802.10.35,0,0,0.025,0,0,,0,0.18,,,
3802.10.39,0,0.16,0.025,0,0,,0,0.18,,,
3802.90,0,0.16,0.025,0,0,,0,0.18,,,
3805.10,0,0.16,0.025,0,0,,0,0.18,,,
3805.90,0,0.16,0.025,0,0,,0,0.18,,,
3806.10,0,0.16,0.025,0,0,,0,0.18,,,
3806.20,0,0,0.025,0,0,,0,0.18,,,
3806.30,0,0.16,0.025,0,0,,0,0.18,,,
3806.90,0,0.16,0.025,0,0,,0,0.18,,,
3807.00.10,0.3,0,0.025,0.05,0,,0,0.18,,,
3807.00.90,0.295,0.16,0.025,0,0,,0,0.18,,,
3808.52,0,0,0.025,0,0,,0,0.18,,,
3808.59,0,0,0,0,0,,0,0,,,
3808.59.10,0.2,0.16,0.025,0.5,0,,0,0.18,,,
3808.59.20,0,0.16,0.025,0,0,,0,0.18,,,
3808.59.91,0,0.16,0.025,0,0,,0,0.18,,,
3808.59.92,0,0,0.025,0.27,0,,0,0.18,,,
3808.59.99,0,0.16,0.025,0,0,,0,0.18,,,
3808.61,0,0,0,0,0,,0,0,,,
3808.61.10,0.2,0,0.025,0.5,0,,0,0.18,,,
3808.61.20,0,0,0.025,0,0,,0,0.18,,,
3808.61.30,0,0,0.025,0.27,0,,0,0.18,,,
3808.61.90,0,0.16,0.025,0,0,,0,0.18,,,
3808.62,0,0,0,0,0,,0,0,,,
3808.62.10,0.2,0,0.025,0.5,0,,0,0.18,,,
3808.62.20,0,0,0.025,0,0,,0,0.18,,,
3808.62.30,0,0,0.025,0.27,0,,0,0.18,,,
3808.62.90,0,0.16,0.025,0,0,,0,0.18,,,
3808.69,0,0,0,0,0,,0,0,,,
3808.69.10,0.2,0,0.025,0.5,0,,0,0.18,,,
3808.69.20,0,0,0.025,0,0,,0,0.18,,,
3808.69.90,0,0,0.025,0,0,,0,0.18,,,
3808.91,0,0,0,0,0,,0,0,,,
3808.91.10,0.2,0,0.025,0.3,0,,0,0.18,,,
3808.91.20,0,0.16,0.025,0,0,,0,0.18,,,
3808.91.30,0,0,0.025,0,0,,0,0.18,,,
3808.91.40,0,0.16,0.025,0.07,0,,0,0.18,,,
3808.91.90,0,0.16,0.025,0,0,,0,0.18,,,
3808.92,0,0,0,0,0,,0,0,,,
3808.92.10,0,0.16,0.025,0,0,,0,0.18,,,
3808.92.90,0,0.16,0.025,0,0,,0,0.18,,,
3808.93,0,0,0,0,0,,0,0,,,
3808.93.10,0,0,0.025,0,0,,0,0.18,,,
3808.93.20,0,0,0.025,0,0,,0,0.18,,,
3808.93.90,0,0.16,0.025,0,0,,0,0.18,,,
3808.94,0,0,0,0,0,,0,0,,,
3808.94.10,0,0.16,0.025,0,0,,0,0.18,,,
3808.94.90,0,0.16,0.025,0,0,,0,0.18,,,
3808.99,0,0,0,0,0,,0,0,,,
3808.99.10,0,0,0.025,0,0,,0,0.18,,,
3808.99.90,0,0.16,0.025,0,0,,0,0.18,,,
3809.10,0,0,0.025,0,0,,0,0.18,,,
3809.91,0,0,0,0,0,,0,0,,,
3809.91.11,0,0.16,0.025,0.04,0,,0,0.18,,,
3809.91.19,0,0.16,0.025,0,0,,0,0.18,,,
3809.91.90,0,0.16,0.025,0,0,,0,0.18,,,
3809.92,0,0.16,0.025,0,0,,0,0.18,,,
3809.93,0,0.16,0.025,0,0,,0,0.18,,,
3810.10,0,0.16,0.025,0,0,,0,0.18,,,
3810.90,0,0.16,0.025,0,0,,0,0.18,,,
3811.11,0,0,0.025,0,0,,0,0.18,,,
3811.19,0,0.16,0.025,0,0,,0,0.18,,,
3811.21,0,0.16,0.025,0,0,,0,0.18,,,
3811.29,0,0.16,0.025,0,0,,0,0.18,,,
3811.90,0,0.16,0.025,0,0,,0,0.18,,,
3812.10,0,0.16,0.025,0,0,,0,0.18,,,
3812.20,0,0.16,0.025,0,0,,0,0.18,,,
3812.31,0,0.16,0.025,0,0,,0,0.18,,,
3812.39,0,0.16,0.025,0,0,,0,0.18,,,
3813.00.10,0,0,0.025,0,0,,0,0.18,,,
3813.00.20,0,0,0.025,0,0,,0,0.18,,,
3813.00.30,0,0,0.025,0,0,,0,0.18,,,
3813.00.40,0,0,0.025,0,0,,0,0.18,,,
3813.00.90,0,0.16,0.025,0,0,,0,0.18,,,
3814.00.10,0,0.16,0.025,0,0,,0,0.18,,,
3814.00.20,0,0,0.025,0,0,,0,0.18,,,
3814.00.30,0,0,0.025,0,0,,0,0.18,,,
3814.00.90,0,0.16,0.025,0,0,,0,0.18,,,
3815.11,0,0,0.025,0,0,,0,0.18,,,
3815.12,0,0,0.025,0,0,,0,0.18,,,
3815.19,0,0.16,0.025,0,0,,0,0.18,,,
3815.90,0,0.16,0.025,0,0,,0,0.18,,,
3817.00.10,0,0.16,0.025,0,0,,0,0.18,,,
3817.00.20,0,0,0.025,0,0,,0,0.18,,,
3822.11,0,0,0.025,0,0,,0,0.18,,,
3822.12,0,0,0.025,0,0,,0,0.18,,,
3822.13,0,0,0.025,0,0,,0,0.18,,,
3822.19,0,0,0.025,0,0,,0,0.18,,,
3822.90,0,0,0.025,0,0,,0,0.18,,,
3823.11,0,0.16,0.025,0,0,,0,0.18,,,
3823.12,0,0.16,0.025,0,0,,0,0.18,,,
3823.13,0,0,0.025,0,0,,0,0.18,,,
3823.19,0,0,0,0,0,,0,0,,,
3823.19.10,0.395,0.16,0.025,0,0,,0,0.18,,,
3823.19.20,0.195,0.16,0.025,0,0,,0,0.18,,,
3823.19.30,0.195,0,0.025,0,0,,0,0.18,,,
3823.19.90,0.295,0.16,0.025,0,0,,0,0.18,,,
3823.70,0,0.16,0.025,0,0,,0,0.18,,,
3824.10,0,0.16,0.025,0,0,,0,0.18,,,
3824.30,0,0,0.025,0,0,,0,0.18,,,
3824.40,0,0.16,0.025,0,0,,0,0.18,,,
3824.50,0,0.16,0.025,0,0,,29,0.18,,,
3824.60,0,0.16,0.025,0,0,,23,0.18,,,
3824.81,0,0,0.025,0,0,,0,0.18,,,
3824.82,0,0,0.025,0,0,,0,0.18,,,
3824.83,0,0,0.025,0,0,,0,0.18,,,
3824.84,0,0,0.025,0,0,,0,0.18,,,
3824.85,0,0,0.025,0,0,,0,0.18,,,
3824.86,0,0,0.025,0,0,,0,0.18,,,
3824.87,0,0,0.025,0,0,,0,0.18,,,
3824.88,0,0,0.025,0,0,,0,0.18,,,
3824.89,0,0,0.025,0,0,,0,0.18,,,
3824.91,0,0.16,0.025,0,0,,0,0.18,,,
3824.92,0,0,0.025,0,0,,0,0.18,,,
3824.99,0,0,0,0,0,,0,0,,,
3824.99.10,0,0.16,0.025,0,0,,0,0.18,,,
3824.99.20,0.2,0,0.025,0.05,0,,0,0.18,,,
3824.99.90,0,0.16,0.025,0,0,,0,0.18,,,
3825.10,0,0,0.025,0,0,,0,0.18,,,
3825.20,0,0,0.025,0,0,,0,0.18,,,
3825.30,0,0,0.025,0,0,,0,0.18,,,
3825.41,0,0,0.025,0,0,,0,0.18,,,
3825.49,0,0,0.025,0,0,,0,0.18,,,
3825.50,0,0,0.025,0,0,,0,0.18,,,
3825.61,0,0,0.025,0,0,,0,0.18,,,
3825.69,0,0.16,0.025,0,0,,0,0.18,,,
3825.90,0,0.16,0.025,0,0,,0,0.18,,,
3827.11,0,0,0.025,0,0,,0,0.18,,,
3827.12,0,0,0.025,0,0,,0,0.18,,,
3827.13,0,0,0.025,0,0,,0,0.18,,,
3827.14,0,0,0.025,0,0,,0,0.18,,,
3827.20,0,0,0.025,0,0,,0,0.18,,,
3827.31,0,0,0,0,0,,0,0,,,
3827.31.10,0,0,0.025,0,0,,0,0.18,,,
3827.31.90,0,0,0.025,0,0,,0,0.18,,,
3827.32,0,0,0.025,0,0,,0,0.18,,,
3827.39,0,0,0.025,0,0,,0,0.18,,,
3827.40,0,0,0.025,0,0,,0,0.18,,,
3827.51,0,0,0.025,0,0,,0,0,,,
3827.51.10,0,0,0.025,0,0,,0,0.18,,,
3827.51.20,0,0,0.025,0,0,,0,0.18,,,
3827.51.90,0,0,0.025,0,0,,0,0.18,,,
3827.59,0,0,0.025,0,0,,0,0.18,,,
3827.61,0,0,0,0,0,,0,0,,,
3827.61.10,0,0,0.025,0,0,,0,0.18,,,
3827.61.20,0,0,0.025,0,0,,0,0.18,,,
3827.61.90,0,0,0.025,0,0,,0,0.18,,,
3827.62,0,0,0,0,0,,0,0,,,
3827.62.10,0,0,0.025,0,0,,0,0.18,,,
3827.62.90,0,0,0.025,0,0,,0,0.18,,,
3827.63,0,0,0,0,0,,0,0,,,
3827.63.10,0,0,0.025,0,0,,0,0.18,,,
3827.63.20,0,0,0.025,0,0,,0,0.18,,,
3827.63.90,0,0,0.025,0,0,,0,0.18,,,
3827.64,0,0,0,0,0,,0,0,,,
3827.64.10,0,0,0.025,0,0,,0,0.18,,,
3827.64.90,0,0,0.025,0,0,,0,0.18,,,
3827.65,0,0,0.025,0,0,,0,0.18,,,
3827.68,0,0,0.025,0,0,,0,0.18,,,
3827.69,0,0,0.025,0,0,,0,0.18,,,
3827.90,0,0,0.025,0,0,,0,0.18,,,
3901.10,0,0.16,0.025,0,0,,12,0.18,,,
3901.20,0,0.16,0.025,0,0,,12,0.18,,,
3901.30,0,0.16,0.025,0,0,,0,0.18,,,
3901.40,0,0.16,0.025,0,0,,0,0.18,,,
3901.90,0,0.16,0.025,0,0,,0,0.18,,,
3902.10,0,0.16,0.025,0,0,,12,0.18,,,
3902.20,0,0.16,0.025,0,0,,0,0.18,,,
3902.30,0,0.16,0.025,0,0,,0,0.18,,,
3902.90,0,0.16,0.025,0,0,,0,0.18,,,
3903.11,0,0.16,0.025,0,0,,12,0.18,,,
3903.19,0,0.16,0.025,0,0,,0,0.18,,,
3903.20,0,0.16,0.025,0,0,,0,0.18,,,
3903.30,0,0.16,0.025,0,0,,0,0.18,,,
3903.90,0,0,0,0,0,,0,0,,,
3903.90.10,0.375,0.16,0.025,0.45,0,,0,0.18,,,
3903.90.90,0,0.16,0.025,0,0,,0,0.18,,,
3904.10,0,0.16,0.025,0,0,,12,0.18,,,
3904.21,0,0.16,0.025,0,0,,0,0.18,,,
3904.22,0,0.16,0.025,0,0,,0,0.18,,,
3904.30,0,0.16,0.025,0,0,,0,0.18,,,
3904.40,0,0.16,0.025,0,0,,0,0.18,,,
3904.50,0,0,0.025,0,0,,0,0.18,,,
3904.61,0,0,0.025,0,0,,0,0.18,,,
3904.69,0,0,0.025,0,0,,0,0.18,,,
3904.90,0,0.16,0.025,0,0,,0,0.18,,,
3905.12,0.255,0.16,0.025,0.45,0,,0,0.18,,,
3905.19,0,0.16,0.025,0,0,,0,0.18,,,
3905.21,0.255,0.16,0.025,0.45,0,,0,0.18,,,
3905.29,0,0.16,0.025,0,0,,0,0.18,,,
3905.30,0,0.16,0.025,0,0,,0,0.18,,,
3905.91,0,0.16,0.025,0,0,,0,0.18,,,
3905.99,0,0.16,0.025,0,0,,0,0.18,,,
3906.10,0,0,0,0,0,,0,0,,,
3906.10.10,0.255,0.16,0.025,0.45,0,,0,0.18,,,
3906.10.90,0.055,0.16,0.025,0,0,,0,0.18,,,
3906.90,0,0,0,0,0,,0,0,,,
3906.90.10,0.435,0.16,0.025,0.33,0,,0,0.18,,,
3906.90.90,0,0.16,0.025,0,0,,0,0.18,,,
3907.10,0,0.16,0.025,0,0,,0,0.18,,,
3907.21,0,0.16,0.025,0,0,,0,0.18,,,
3907.29,0,0,0.025,0,0,,0,0.18,,,
3907.30,0,0.16,0.025,0,0,,0,0.18,,,
3907.40,0,0.16,0.025,0,0,,0,0.18,,,
3907.50,0,0,0,0,0,,0,0,,,
3907.50.10,0,0.16,0.025,0,0,,0,0.18,,,
3907.50.90,0.055,0.16,0.025,0.104,0,4% or Rs.15/= per kg | 6.4% or Rs.20/= per kg,0,0.18,,,
3907.61,0,0.16,0.025,0,0,,0,0.18,,,
3907.69,0,0.16,0.025,0,0,,0,0.18,,,
3907.70,0.055,0,0.025,0,0,,0,0.18,,,
3907.91,0,0.16,0.025,0.04,0,,0,0.18,,,
3907.99,0,0.16,0.025,0,0,,0,0.18,,,
3908.10,0,0.16,0.025,0,0,,0,0.18,,,
3908.90,0,0.16,0.025,0,0,,0,0.18,,,
3909.10,0,0.16,0.025,0,0,,0,0.18,,,
3909.20,0,0.16,0.025,0,0,,0,0.18,,,
3909.31,0,0.16,0.025,0,0,,0,0.18,,,
3909.39,0,0.16,0.025,0,0,,0,0.18,,,
3909.40,0,0.16,0.025,0,0,,0,0.18,,,
3909.50,0,0.16,0.025,0.04,0,,0,0.18,,,
3910.00,0,0.16,0.025,0,0,,0,0.18,,,
3911.10,0,0.16,0.025,0,0,,0,0.18,,,
3911.20,0,0,0.025,0,0,,0,0.18,,,
3911.90,0,0.16,0.025,0,0,,0,0.18,,,
3912.11,0,0,0.025,0,0,,0,0.18,,,
3912.12,0,0.16,0.025,0,0,,0,0.18,,,
3912.20,0,0.16,0.025,0,0,,0,0.18,,,
3912.31,0,0.16,0.025,0,0,,0,0.18,,,
3912.39,0,0.16,0.025,0,0,,0,0.18,,,
3912.90,0,0.16,0.025,0,0,,0,0.18,,,
3913.10,0,0.16,0.025,0,0,,0,0.18,,,
3913.90,0,0.16,0.025,0,0,,0,0.18,,,
3914.00,0,0.16,0.025,0,0,,0,0.18,,,
3915.10,0,0.16,0.025,0,0,,0,0.18,,,
3915.20,0,0,0.025,0,0,,0,0.18,,,
3915.30,0,0.16,0.025,0,0,,0,0.18,,,
3915.90,0,0.16,0.025,0,0,,0,0.18,,,
3916.10,0.545,0.16,0.025,0,0,,0,0.18,,,
3916.20,0.395,0.16,0.025,0,0,,0,0.18,,,
3916.90,0.295,0.16,0.025,0.04,0,,0,0.18,,,
3917.10,0.055,0.16,0.025,0.17,0,,0,0.18,,,
3917.21,0.3,0.16,0.025,0.16,0,,0,0.18,,,
3917.22,0,0,0,0,0,,0,0,,,
3917.22.10,0.195,0.16,0.025,0.13,0,,0,0.18,,,
3917.22.90,0.3,0.16,0.025,0.22,0,,0,0.18,,,
3917.23,0.2,0.16,0.025,0.29,0,,0,0.18,,,
3917.29,0,0,0,0,0,,0,0,,,
3917.29.10,0.5,0.16,0.025,0,0,,0,0.18,,,
3917.29.90,0.3,0.16,0.025,0.22,0,,0,0.18,,,
3917.31,0,0,0,0,0,,0,0,,,
3917.31.10,0.055,0.16,0.025,0.17,0,,0,0.18,,,
3917.31.90,0.055,0.16,0.025,0.17,0,,0,0.18,,,
3917.32,0.295,0.16,0.025,0.13,0,,0,0.18,,,
3917.33,0.1,0.16,0.025,0.13,0,,0,0.18,,,
3917.39,0,0,0,0,0,,0,0,,,
3917.39.10,0.285,0.16,0.025,0.13,0,,0,0.18,,,
3917.39.90,0.285,0.16,0.025,0.13,0,,0,0.18,,,
3917.40,0,0,0,0,0,,0,0,,,
3917.40.10,0.2,0.16,0.025,0.05,0,,0,0.18,,,
3917.40.90,0.2,0.16,0.025,0.22,0,,0,0.18,,,
3918.10,0.48,0.16,0.025,0.34,0,10% or Rs.45/= per kg | 24% or Rs.72/= per kg.,0,0.18,,,
3918.90,0.48,0.16,0.025,0.34,0,10% or Rs.45/= per kg | 24% or Rs.72/= per kg.,0,0.18,,,
3919.10,0.3,0.16,0.025,0.22,0,,0,0.18,,,
3919.90,0,0,0,0,0,,0,0,,,
3919.90.10,0,0.16,0.025,0,0,,0,0.18,,,
3919.90.90,0.295,0.16,0.025,0.17,0,,0,0.18,,,
3920.10,0,0,0,0,0,,0,0,,,
3920.10.10,0,0.16,0.025,0,0,,0,0.18,,,
3920.10.20,0.3,0.16,0.025,0,0,,0,0.18,,,
3920.10.90,0.2,0.16,0.025,0.17,0,5% or Rs.100/= per kg | 12% or Rs.120/= per kg,0,0.18,,,
3920.20,0,0,0,0,0,,0,0,,,
3920.20.10,0,0.16,0.025,0,0,,0,0.18,,,
3920.20.20,0.2,0.16,0.025,0.05,0,,0,0.18,,,
3920.20.90,0.2,0.16,0.025,0.17,0,5% or Rs.100/= per kg | 12% or Rs.120/= per kg,0,0.18,,,
3920.30,0,0,0,0,0,,0,0,,,
3920.30.10,0.3,0.07,0.025,0.05,0,,0,0.18,,,
3920.30.20,0.395,0,0.025,0,0,,0,0.18,,,
3920.30.90,0.295,0.16,0.025,0.17,0,5% or Rs.100/= per kg | 12% or Rs.120/= per kg,0,0.18,,,
3920.43,0,0,0,0,0,,0,0,,,
3920.43.10,0,0.16,0.025,0,0,,0,0.18,,,
3920.43.20,0,0.16,0.025,0,0,,0,0.18,,,
3920.43.30,0.475,0.16,0.025,0.17,0,,0,0.18,,,
3920.43.90,0.475,0.16,0.025,0.17,0,5% or Rs.100/= per kg | 12% or Rs.120/= per kg,0,0.18,,,
3920.49,0,0,0,0,0,,0,0,,,
3920.49.10,0.295,0.16,0.025,0.17,0,5% or Rs.100/= per kg | 12% or Rs.120/= per kg,0,0.18,,,
3920.49.20,0.395,0.16,0.025,0,0,,0,0.18,,,
3920.49.30,0.395,0,0.025,0,0,,0,0.18,,,
3920.49.40,0.395,0.16,0.025,0,0,,0,0.18,,,
3920.49.50,0,0.16,0.025,0,0,,0,0.18,,,
3920.49.90,0.295,0.16,0.025,0.17,0,,0,0.18,,,
3920.51,0,0,0,0,0,,0,0,,,
3920.51.10,0.395,0.16,0.025,0,0,,0,0.18,,,
3920.51.90,0,0,0,0,0,,0,0,,,
3920.51.91,0.1,0.16,0.025,0.17,0,5% or Rs.100/= per kg | 12% or Rs.120/= per kg,0,0.18,,,
3920.51.99,0.3,0.16,0.025,0.22,0,10% or Rs.200/= per kg | 12% or Rs.120/= per kg,0,0.18,,,
3920.59,0,0,0,0,0,,0,0,,,
3920.59.10,0,0.16,0.025,0,0,,0,0.18,,,
3920.59.90,0.295,0.16,0.025,0.17,0,5% or Rs.100/= per kg | 12% or Rs.120/= per kg,0,0.18,,,
3920.61,0,0,0,0,0,,0,0,,,
3920.61.10,0.295,0.16,0.025,0,0,,0,0.18,,,
3920.61.20,0.395,0,0.025,0,0,,0,0.18,,,
3920.61.90,0.3,0.16,0.025,0.22,0,10% or Rs.200/= per kg | 12% or Rs.120/= per kg,0,0.18,,,
3920.62,0,0,0,0,0,,0,0,,,
3920.62.10,0,0.16,0.025,0,0,,0,0.18,,,
3920.62.90,0.295,0.16,0.025,0.17,0,5% or Rs.100/= per kg | 12% or Rs.120/= per kg,0,0.18,,,
3920.63,0,0,0,0,0,,0,0,,,
3920.63.11,0,0.16,0.025,0,0,,0,0.18,,,
3920.63.19,0,0.16,0.025,0,0,,0,0.18,,,
3920.63.90,0,0,0,0,0,,0,0,,,
3920.63.91,0.295,0,0.025,0.17,0,5% or Rs.100/= per kg | 12% or Rs.120/= per kg,0,0.18,,,
3920.63.99,0.295,0,0.025,0.17,0,5% or Rs.100/= per kg | 12% or Rs.120/= per kg,0,0.18,,,
3920.69,0,0,0,0,0,,0,0,,,
3920.69.10,0,0,0,0,0,,0,0,,,
3920.69.11,0,0,0.025,0,0,,0,0.18,,,
3920.69.19,0,0.1,0.025,0,0,,0,0.18,,,
3920.69.90,0,0,0.025,0,0,,0,0.18,,,
3920.69.91,0.295,0,0.025,0.21,0,5% or Rs.100/= per kg | 16% or Rs.120/= per kg,0,0.18,,,
3920.69.99,0.295,0.16,0.025,0.24,0,8% or Rs.100/= per kg | 16% or Rs.120/= per kg,0,0.18,,,
3920.71,0,0,0,0,0,,0,0,,,
3920.71.10,0.48,0.16,0.025,0.22,0,10% or Rs.200/= per kg | 12% or Rs.120/= per kg,0,0.18,,,
3920.71.90,0.485,0.16,0.025,0.17,0,5% or Rs.100/= per kg | 12% or Rs.120/= per kg,0,0.18,,,
3920.73,0.395,0.16,0.025,0,0,,0,0.18,,,
3920.79,0,0,0,0,0,,0,0,,,
3920.79.10,0.295,0,0.025,0,0,,0,0.18,,,
3920.79.20,0.395,0,0.025,0,0,,0,0.18,,,
3920.79.90,0.3,0.16,0.025,0.22,0,10% or Rs.200/= per kg | 12% or Rs.120/= per kg,0,0.18,,,
3920.91,0,0,0,0,0,,0,0,,,
3920.91.10,0.295,0,0.025,0,0,,0,0.18,,,
3920.91.90,0.3,0.16,0.025,0.22,0,10% or Rs.200/= per kg | 12% or Rs.120/= per kg,0,0.18,,,
3920.92,0,0,0,0,0,,0,0,,,
3920.92.10,0,0.16,0.025,0,0,,0,0.18,,,
3920.92.90,0.295,0.16,0.025,0.17,0,5% or Rs.100/= per kg | 12% or Rs.120/= per kg,0,0.18,,,
3920.93,0.395,0,0.025,0,0,,0,0.18,,,
3920.94,0.395,0.16,0.025,0,0,,0,0.18,,,
3920.99,0,0,0,0,0,,0,0.18,,,
3920.99.10,0.395,0.16,0.025,0,0,,0,0.18,,,
3920.99.20,0.295,0,0.025,0,0,,0,0.18,,,
3920.99.30,0.295,0,0.025,0,0,,0,0.18,,,
3920.99.90,0.3,0.16,0.025,0.22,0,10% or Rs.200/= per kg | 12% or Rs.120/= per kg,0,0.18,,,
3921.11,0,0,0,0,0,,0,0,,,
3921.11.10,0.3,0.16,0.025,0.22,0,,0,0.18,,,
3921.11.90,0.295,0.16,0.025,0.12,0,,0,0.18,,,
3921.12,0,0,0,0,0,,0,0,,,
3921.12.10,0,0.16,0.025,0.12,0,19.2% or Rs.135/= per kg | 5% or RS.34/ = per kg | 4.5% or Rs.30/= per kg | 20% or RS.140/= per kg | 8% or Rs.24/= per kg,0,0.18,,,
3921.12.90,0,0.16,0.025,0.05,0,18% or Rs.55/= per kg | 5% or Rs.16/ = per kg | 5% or Rs.16/= per kg | 20% or Rs.60/= per kg | 5% or Rs.10/= per kg,0,0.18,,,
3921.13,0,0,0,0,0,,0,0,,,
3921.13.10,0,0.16,0.025,0,0,,0,0.18,,,
3921.13.90,0.48,0.16,0.025,0.05,0,,0,0.18,,,
3921.14,0,0,0,0,0,,0,0,,,
3921.14.10,0.2,0.16,0.025,0.22,0,,0,0.18,,,
3921.14.90,0.2,0.16,0.025,0.08,0,,0,0.18,,,
3921.19,0,0,0,0,0,,0,0,,,
3921.19.10,0.475,0.16,0.025,0.12,0,,0,0.18,,,
3921.19.20,0.475,0.16,0.025,0.12,0,,0,0.18,,,
3921.19.30,0.475,0.16,0.025,0.12,0,,0,0.18,,,
3921.19.40,0.475,0.16,0.025,0.12,0,,0,0.18,,,
3921.19.50,0.475,0.16,0.025,0.12,0,,0,0.18,,,
3921.19.90,0.48,0.16,0.025,0.16,0,,0,0.18,,,
3921.90,0,0,0,0,0,,0,0,,,
3921.90.11,0.2,0.16,0.025,0,0,,0,0.18,,,
3921.90.12,0,0,0.025,0,0,,0,0.18,,,
3921.90.13,0,0.16,0.025,0,0,,0,0.18,,,
3921.90.19,0.2,0.16,0.025,0.13,0,5% or Rs.60/= per kg,0,0.18,,,
3921.90.90,0,0.16,0.025,0,0,,0,0.18,,,
3922.10,0.3,0.16,0.025,0.46,0,,0,0.18,,,
3922.20,0.48,0.16,0.025,0.63,0,,0,0.18,,,
3922.90,0,0,0,0,0,,0,0,,,
3922.90.10,0,0,0.025,0,0,,0,0.18,,,
3922.90.20,0.48,0,0,0.46,0,,0,0,,,
3922.90.90,0.48,0.16,0.025,0.46,0,,0,0.18,,,
3923.10,0,0,0,0,0,,0,0,,,
3923.10.10,0.075,0.16,0.025,0,0,,0,0.18,,,
3923.10.20,0,0.16,0.025,0,0,,0,0.18,,,
3923.10.30,0.2,0.16,0.025,0,0,,0,0.18,,,
3923.10.40,0.2,0,0.025,0.05,0,,0,0.18,,,
3923.10.50,0.2,0,0.025,0.13,0,,0,0.18,,,
3923.10.90,0.2,0.16,0.025,0.16,0,,0,0.18,,,
3923.21,0,0,0,0,0,,0,0,,,
3923.21.10,0.2,0.1,0.025,0.08,0,,0,0.18,,,
3923.21.20,0,0,0.025,0.05,0,,0,0.18,,,
3923.21.90,0.2,0.1,0.025,0.08,0,,0,0.18,,,
3923.29,0,0,0,0,0,,0,0,,,
3923.29.10,0.347,0,0.025,0.08,0,,0,0.18,,,
3923.29.20,0,0,0.025,0.04,0,,0,0.18,,,
3923.29.30,0.347,0,0.025,0.05,0,,0,0.18,,,
3923.29.90,0.347,0.1,0.025,0.08,0,,0,0.18,,,
3923.30,0,0,0,0,0,,0,0,,,
3923.30.10,0.2,0.1,0.025,0.05,0,5% or Rs.20/= per kg,0,0.18,,,
3923.30.20,0.2,0.1,0.025,0.05,0,5% or Rs.20/= per kg,0,0.18,,,
3923.30.90,0.2,0.1,0.025,0.1,0,10% or Rs.40/= per kg,0,0.18,,,
3923.40,0,0.16,0.025,0.17,0,5% or Rs.20/= per kg | 12% or Rs.24/= per kg,0,0.18,,,
3923.50,0,0,0,0,0,,0,0,,,
3923.50.10,0.3,0.16,0.025,0,0,,0,0.18,,,
3923.50.90,0.4,0.16,0.025,0.05,0,,0,0.18,,,
3923.90,0,0,0,0,0,,0,0,,,
3923.90.10,0.2,0.1,0.025,0,0,,0,0.18,,,
3923.90.20,0.1,0.16,0.025,0.04,0,,0,0.18,,,
3923.90.30,0.3,0,0.025,0,0,,0,0.18,,,
3923.90.90,0.3,0.16,0.025,0.04,0,,0,0.18,,,
3924.10,0,0,0,0,0,,0,0,,,
3924.10.10,0,0,0.025,0.3,0,13% or Rs.39/ = per kg | 5% or Rs.18/ = per kg | 5% or Rs.18/= per kg | 20% or Rs.75/= per kg | 30% or Rs.300/= per kg,0,0.18,,,
3924.10.90,0,0.1,0.025,0.3,0,13% or Rs.39/ = per kg | 5% or Rs.18/ = per kg | 5% or Rs.18/= per kg | 20% or Rs.75/= per kg | 30% or Rs.300/= per kg,0,0.18,,,
3924.90,0,0,0,0,0,,0,0,,,
3924.90.10,0.575,0.16,0.025,0,0,,0,0.18,,,
3924.90.20,0.095,0.16,0.025,0,0,,0,0.18,,,
3924.90.90,0,0.16,0.025,0.54,0,18% or Rs.65/= per kg | 5% or Rs.18/ = per kg | 5% or Rs.18/= per kg | 20% or Rs.75/= per kg | 30% or Rs.300/= per kg | 24% or Rs.100/= per kg.,0,0.18,,,
3925.10,0.295,0.16,0.025,0.12,0,,0,0.18,,,
3925.20,0.48,0.16,0.025,0.22,0,,0,0.18,,,
3925.30,0.48,0.16,0.025,0.32,0,,0,0.18,,,
3925.90,0.48,0.16,0.025,0.22,0,10% or Rs.20/= per kg,0,0.18,,,
3926.10,0,0,0,0,0,,0,0,,,
3926.10.10,0.395,0.16,0.025,0,0,,0,0.18,,,
3926.10.90,0.48,0.16,0.025,0.19,0,,0,0.18,,,
3926.20,0,0,0,0,0,,0,0,,,
3926.20.10,0.485,0.16,0.025,0.15,0,,0,0.18,,,
3926.20.20,0.49,0.16,0.025,0.15,0,,0,0.18,,,
3926.20.90,0.48,0.16,0.025,0.15,0,,0,0.18,,,
3926.30,0.3,0.16,0.025,0.32,0,,0,0.18,,,
3926.40,0,0.06,0,0.32,0,18% or Rs.72/= per kg | 5% or Rs.20/ = per kg | 5% or Rs.20/= per kg | 20% or Rs 80/= per Kg | 20% or Rs.80 per Kg,0,0,,,
3926.90,0,0,0,0,0,,0,0,,,
3926.90.10,0.095,0.16,0.025,0,0,,0,0.18,,,
3926.90.20,0,0.16,0.025,0,0,,0,0.18,,,
3926.90.30,0,0.16,0.025,0,0,,0,0.18,,,
3926.90.40,0,0.16,0.025,0,0,,0,0.18,,,
3926.90.50,0,0.16,0.025,0,0,,0,0.18,,,
3926.90.60,0.2,0.16,0.025,0.4,0,20% or Rs.200/= per kg | 20% or Rs.200/= per kg,0,0.18,,,
3926.90.70,0,0.16,0.025,0,0,,0,0.18,,,
3926.90.80,0,0.11,0.025,0,0,,0,0.18,,,
3926.90.91,0,0.16,0.025,0,0,19.2% or Rs.36/= per kg | 5% or Rs.14/ = per kg | 5% or Rs.14/= per kg | 10% or Rs.14/= per kg | 20% or Rs.40/= per kg,0,0.18,,,
3926.90.99,0,0,0,0,0,19.2% or Rs.58/= per kg | 5% or Rs.16/ = per kg | 4.8% or Rs.14/= per kg,0,0,,,
4001.10,0,0,0,0,0,,0,0,,,
4001.10.10,0.2,0.1,0.025,0,0,,15,0.18,,,
4001.10.90,0.2,0.1,0.025,0,0,,15,0.18,,,
4001.21,0,0,0,0,0,,0,0,,,
4001.21.10,0.2,0,0.025,0,0,,15,0.18,,,
4001.21.20,0.2,0,0.025,0,0,,15,0.18,,,
4001.21.30,0.2,0.1,0.025,0,0,,15,0.18,,,
4001.21.40,0.2,0,0.025,0,0,,15,0.18,,,
4001.21.50,0.2,0,0.025,0,0,,15,0.18,,,
4001.21.90,0.2,0.1,0.025,0,0,,15,0.18,,,
4001.22,0,0,0,0,0,,0,0,,,
4001.22.10,0.2,0,0.025,0,0,,15,0.18,,,
4001.22.20,0.2,0,0.025,0,0,,15,0.18,,,
4001.22.30,0.2,0,0.025,0,0,,15,0.18,,,
4001.22.40,0.2,0,0.025,0,0,,15,0.18,,,
4001.22.50,0.2,0,0.025,0,0,,15,0.18,,,
4001.22.60,0.2,0,0.025,0,0,,15,0.18,,,
4001.22.90,0.2,0,0.025,0,0,,15,0.18,,,
4001.29,0,0,0,0,0,,0,0,,,
4001.29.11,0.2,0,0.025,0,0,,15,0.18,,,
4001.29.12,0.2,0,0.025,0,0,,15,0.18,,,
4001.29.13,0.2,0,0.025,0,0,,15,0.18,,,
4001.29.14,0.2,0,0.025,0,0,,15,0.18,,,
4001.29.20,0.2,0,0.025,0,0,,15,0.18,,,
4001.29.30,0.2,0,0.025,0,0,,15,0.18,,,
4001.29.40,0.2,0,0.025,0,0,,15,0.18,,,
4001.29.50,0.2,0,0.025,0,0,,15,0.18,,,
4001.29.60,0.2,0,0.025,0,0,,15,0.18,,,
4001.29.70,0.2,0,0.025,0,0,,15,0.18,,,
4001.29.80,0.2,0,0.025,0,0,,15,0.18,,,
4001.29.90,0.2,0.1,0.025,0,0,,15,0.18,,,
4001.30,0.2,0,0.025,0,0,,15,0.18,,,
4002.11,0,0.16,0.025,0,0,,0,0.18,,,
4002.19,0,0.16,0.025,0,0,,0,0.18,,,
4002.20,0,0.16,0.025,0,0,,0,0.18,,,
4002.31,0,0.16,0.025,0,0,,0,0.18,,,
4002.39,0,0.16,0.025,0,0,,0,0.18,,,
4002.41,0,0.16,0.025,0,0,,0,0.18,,,
4002.49,0,0.16,0.025,0,0,,0,0.18,,,
4002.51,0,0.16,0.025,0,0,,0,0.18,,,
4002.59,0,0.16,0.025,0,0,,0,0.18,,,
4002.60,0.2,0.16,0.025,0,0,,0,0.18,,,
4002.70,0,0.16,0.025,0,0,,0,0.18,,,
4002.80,0,0,0.025,0,0,,0,0.18,,,
4002.91,0,0.16,0.025,0,0,,0,0.18,,,
4002.99,0,0.16,0.025,0,0,,0,0.18,,,
4004.00.10,0.2,0.16,0.025,0,0,,0,0.18,,,
4004.00.20,0.2,0,0.025,0,0,,0,0.18,,,
4004.00.90,0.2,0.16,0.025,0,0,,0,0.18,,,
4005.10,0,0,0,0,0,,0,0,,,
4005.10.11,0.2,0.1,0.025,0,0,,5,0.18,,,
4005.10.19,0,0.16,0.025,0,0,,0,0.18,,,
4005.10.21,0.2,0.1,0.025,0,0,,5,0.18,,,
4005.10.29,0,0.16,0.025,0,0,,0,0.18,,,
4005.20,0.2,0.1,0.025,0,0,,5,0.18,,,
4005.91,0.2,0.1,0.025,0,0,,5,0.18,,,
4005.99,0.2,0.1,0.025,0,0,,5,0.18,,,
4006.10,0.2,0,0.025,0,0,,5,0.18,,,
4006.90,0.2,0.1,0.025,0,0,,5,0.18,,,
4008.11,0.2,0.1,0.025,0.05,0,5% or Rs.18/= per kg,0,0.18,,,
4008.19,0.2,0.1,0.025,0.05,0,5% or Rs.18/= per kg,0,0.18,,,
4008.21,0.2,0.1,0.025,0.05,0,5% or Rs.18/= per kg,0,0.18,,,
4008.29,0.2,0.1,0.025,0.05,0,5% or Rs.18/= per kg,0,0.18,,,
4009.11,0.2,0.1,0.025,0.05,0,5% or Rs.18/= per kg,0,0.18,,,
4009.12,0.2,0.1,0.025,0.05,0,5% or Rs.18/= per kg,0,0.18,,,
4009.21,0,0,0,0,0,,0,0,,,
4009.21.10,0.2,0.1,0.025,0.05,0,5% or Rs.18/= per kg,0,0.18,,,
4009.21.90,0.2,0.1,0.025,0.05,0,5% or Rs.18/= per kg,0,0.18,,,
4009.22,0,0,0,0,0,,0,0,,,
4009.22.10,0.2,0,0.025,0.05,0,5% or Rs.18/= per kg,0,0.18,,,
4009.22.90,0.2,0.1,0.025,0.05,0,5% or Rs.18/= per kg,0,0.18,,,
4009.31,0,0,0,0,0,,0,0,,,
4009.31.10,0.2,0.1,0.025,0.05,0,5% or Rs.18/= per kg,0,0.18,,,
4009.31.90,0.2,0.1,0.025,0.05,0,5% or Rs.18/= per kg,0,0.18,,,
4009.32,0,0,0,0,0,,0,0,,,
4009.32.10,0.2,0.1,0.025,0.05,0,5% or Rs.18/= per kg,0,0.18,,,
4009.32.90,0.2,0.1,0.025,0.05,0,5% or Rs.18/= per kg,0,0.18,,,
4009.41,0,0,0,0,0,,0,0,,,
4009.41.10,0.2,0.1,0.025,0.05,0,5% or Rs.18/= per kg,0,0.18,,,
4009.41.90,0.2,0.1,0.025,0.05,0,5% or Rs.18/= per kg,0,0.18,,,
4009.42,0,0,0,0,0,,0,0,,,
4009.42.10,0.2,0.1,0.025,0.05,0,5% or Rs.18/= per kg,0,0.18,,,
4009.42.90,0.2,0.1,0.025,0.05,0,5% or Rs.18/= per kg,0,0.18,,,
4010.11,0.2,0.1,0.025,0,0,,0,0.18,,,
4010.12,0.2,0.1,0.025,0,0,,0,0.18,,,
4010.19,0.2,0.1,0.025,0,0,,0,0.18,,,
4010.31,0.2,0.1,0.025,0,0,,0,0.18,,,
4010.32,0.2,0.1,0.025,0,0,,0,0.18,,,
4010.33,0.2,0.1,0.025,0,0,,0,0.18,,,
4010.34,0.2,0.1,0.025,0,0,,0,0.18,,,
4010.35,0.1,0.1,0.025,0,0,,0,0.18,,,
4010.36,0.2,0.1,0.025,0,0,,0,0.18,,,
4010.39,0.2,0.16,0.025,0,0,,0,0.18,,,
4011.10,0,0,0,0,0,,0,0,,,
4011.10.10,0,0,0.025,0,0,,0,0.18,,,
4011.10.90,0,0.1,0.025,0.25,0,20% or Rs.270/= per kg | 25% or Rs.330/= per kg,0,0.18,,,
4011.20,0,0,0,0,0,,0,0,,,
4011.20.11,0,0.1,0.025,0,0,20% or Rs.220/= per kg,0,0.18,,,
4011.20.19,0,0.1,0.025,0,0,20% or Rs.220/= per kg,0,0.18,,,
4011.20.90,0,0.1,0.025,0.3,0,20% or Rs.200/= per kg | 30% or Rs.350/= per kg,0,0.18,,,
4011.30,0.295,0,0.025,0,0,,0,0.18,,,
4011.40,0,0.1,0.025,0.25,0,20% or Rs.240/= per kg | 25% or Rs.300/= per kg,0,0.18,,,
4011.50,0.2,0.1,0.025,0.25,0,,0,0.18,,,
4011.70,0.2,0.1,0.025,0.1,0,,0,0.18,,,
4011.80,0,0,0,0,0,,0,0,,,
4011.80.10,0.2,0.1,0.025,0.05,0,,0,0.18,,,
4011.80.90,0.2,0.1,0.025,0.05,0,,0,0.18,,,
4011.90,0,0,0,0,0,,0,0,,,
4011.90.10,0,0.1,0.025,0.25,0,20% or Rs.140/= per kg | 25% or Rs.170/= per kg,0,0.18,,,
4011.90.90,0,0.1,0.025,0.13,0,20% or Rs.350/= per kg | 13% or Rs.250/= per kg,0,0.18,,,
4012.11,0.2,0,0.025,0.08,0,,0,0.18,,,
4012.12,0.2,0,0.025,0.08,0,,0,0.18,,,
4012.13,0.2,0,0.025,0.05,0,,0,0.18,,,
4012.19,0.2,0,0.025,0.08,0,,0,0.18,,,
4012.20,0.2,0,0.025,0.08,0,,0,0.18,,,
4012.90,0,0,0,0,0,,0,0,,,
4012.90.10,0.2,0.1,0.025,0.05,0,,0,0.18,,,
4012.90.90,0.2,0.1,0.025,0.08,0,,0,0.18,,,
4013.10,0.2,0.1,0.025,0.1,0,,0,0.18,,,
4013.20,0,0.1,0.025,0.1,0,20% or Rs.140/= per kg | 10% or Rs.100/= per kg,0,0.18,,,
4013.90,0,0,0,0,0,,0,0,,,
4013.90.10,0,0.1,0.025,0.2,0,20% or Rs.140/= per kg | 20% or Rs.200/= per kg,0,0.18,,,
4013.90.90,0,0.1,0.025,0.1,0,20% or Rs.140/= per kg | 10% or Rs.100/= per kg,0,0.18,,,
4014.10,0,0.16,0.025,0,0,,0,0.18,,,
4014.90,0,0.16,0.025,0,0,,0,0.18,,,
4015.12,0.2,0,0.025,0,0,,0,0.18,,,
4015.19,0.2,0.1,0.025,0.15,0,,0,0.18,,,
4015.90,0.2,0.1,0.025,0.15,0,,0,0.18,,,
4016.10,0.2,0.1,0.025,0.05,0,,0,0.18,,,
4016.91,0.2,0.1,0.025,0.2,0,,0,0.18,,,
4016.92,0.2,0.1,0.025,0.2,0,,0,0.18,,,
4016.93,0,0,0,0,0,,0,0,,,
4016.93.10,0,0.16,0.025,0,0,,0,0.18,,,
4016.93.20,0,0.16,0.025,0,0,,0,0.18,,,
4016.93.90,0.1,0.1,0.025,0.05,0,,0,0.18,,,
4016.94,0.2,0.1,0.025,0.1,0,,0,0.18,,,
4016.95,0,0,0,0,0,,0,0,,,
4016.95.10,0.2,0.1,0.025,0.05,0,,0,0.18,,,
4016.95.20,0.3,0,0.025,0,0,,0,0.18,,,
4016.95.90,0.2,0.1,0.025,0.15,0,,0,0.18,,,
4016.99,0,0,0,0,0,,0,0.18,,,
4016.99.10,0,0.16,0.025,0,0,,0,0.18,,,
4016.99.20,0,0.16,0.025,0,0,,0,0.18,,,
4016.99.90,0.2,0.1,0.025,0.04,0,,0,0.18,,,
4017.00,0,0,0,0,0,,0,0,,,
4017.00.10,0.2,0,0.025,0,0,,0,0.18,,,
4017.00.90,0.2,0.1,0.025,0,0,,0,0.18,,,
4101.20,0.295,0,0.025,0,0,,0,0.18,,,
4101.50,0.295,0,0.025,0,0,,0,0.18,,,
4101.90,0.295,0,0.025,0,0,,0,0.18,,,
4102.10,0.295,0,0.025,0,0,,0,0.18,,,
4102.21,0.295,0,0.025,0,0,,0,0.18,,,
4102.29,0.295,0,0.025,0,0,,0,0.18,,,
4103.20,0.295,0,0.025,0,0,,0,0.18,,,
4103.30,0.295,0,0.025,0,0,,0,0.18,,,
4103.90,0,0,0,0,0,,0,0,,,
4103.90.10,0.295,0,0.025,0,0,,0,0.18,,,
4103.90.90,0.295,0,0.025,0,0,,0,0.18,,,
4104.11,0,0,0,0,0,,0,0,,,
4104.11.10,0,0,0.025,0,0,,0,0.18,,,
4104.11.90,0.345,0,0.025,0,0,,0,0.18,,,
4104.19,0,0,0,0,0,,0,0,,,
4104.19.10,0,0,0.025,0,0,,0,0.18,,,
4104.19.90,0.345,0,0.025,0,0,,0,0.18,,,
4104.41,0.195,0,0.025,0,0,,0,0.18,,,
4104.49,0.195,0,0.025,0,0,,0,0.18,,,
4105.10,0,0,0.025,0,0,,0,0.18,,,
4105.30,0.295,0,0.025,0,0,,0,0.18,,,
4106.21,0,0,0.025,0,0,,0,0.18,,,
4106.22,0.1,0,0.025,0,0,,0,0.18,,,
4106.31,0.305,0,0.025,0,0,,0,0.18,,,
4106.32,0.205,0,0.025,0,0,,0,0.18,,,
4106.40,0,0,0,0,0,,0,0,,,
4106.40.10,0.355,0,0.025,0,0,,0,0.18,,,
4106.40.90,0.205,0,0.025,0,0,,0,0.18,,,
4106.91,0.305,0,0.025,0,0,,0,0.18,,,
4106.92,0.295,0,0.025,0,0,,0,0.18,,,
4107.11,0.345,0.16,0.025,0,0,,0,0.18,,,
4107.12,0.345,0,0.025,0,0,,0,0.18,,,
4107.19,0.345,0.16,0.025,0,0,,0,0.18,,,
4107.91,0.345,0,0.025,0,0,,0,0.18,,,
4107.92,0.345,0,0.025,0,0,,0,0.18,,,
4107.99,0.345,0.16,0.025,0,0,,0,0.18,,,
4112.00,0.295,0,0.025,0,0,,0,0.18,,,
4113.10,0.295,0,0.025,0,0,,0,0.18,,,
4113.20,0.295,0,0.025,0,0,,0,0.18,,,
4113.30,0,0,0,0,0,,0,0,,,
4113.30.10,0.345,0,0.025,0,0,,0,0.18,,,
4113.30.90,0.295,0,0.025,0,0,,0,0.18,,,
4113.90,0.295,0,0.025,0,0,,0,0.18,,,
4114.10,0.295,0,0.025,0,0,,0,0.18,,,
4114.20,0.295,0,0.025,0,0,,0,0.18,,,
4115.10,0.295,0,0.025,0,0,,0,0.18,,,
4115.20,0.295,0,0.025,0,0,,0,0.18,,,
4202.11,0.125,0,0.025,0,0,,1760,0.18,,,
4202.12,0.125,0,0.025,0,0,,890,0.18,,,
4202.19,0.125,0,0.025,0,0,,643,0.18,,,
4202.21,0.505,0,0.025,0,0,,700,0.18,,,
4202.22,0.505,0,0.025,0,0,,700,0.18,,,
4202.29,0.515,0.1,0.025,0,0,,150,0.18,,,
4202.31,0.505,0,0.025,0,0,,500,0.18,,,
4202.32,0.125,0,0.025,0,0,,1270,0.18,,,
4202.39,0.505,0,0.025,0,0,,350,0.18,,,
4202.91,0.505,0.1,0.025,0,0,,200,0.18,,,
4202.92,0.505,0.1,0.025,0,0,,200,0.18,,,
4202.99,0.505,0.1,0.025,0,0,,200,0.18,,,
4203.10,0.505,0.1,0.025,0,0,,300,0.18,,,
4203.21,0.505,0.16,0.025,0,0,,460,0.18,,,
4203.29,0.505,0.1,0.025,0,0,,300,0.18,,,
4203.30,0.125,0,0.025,0,0,,750,0.18,,,
4203.40,0.325,0.1,0.025,0,0,,300,0.18,,,
4205.00.10,0.405,0.16,0.025,0,0,,0,0.18,,,
4205.00.90,0.505,0.1,0.025,0,0,,300,0.18,,,
4301.10,0.3,0,0.025,0,0,,0,0.18,,,
4301.30,0.3,0,0.025,0,0,,0,0.18,,,
4301.60,0.3,0,0.025,0,0,,0,0.18,,,
4301.80,0.3,0,0.025,0,0,,0,0.18,,,
4301.90,0.3,0,0.025,0,0,,0,0.18,,,
4302.11,0.48,0,0.025,0,0,,0,0.18,,,
4302.19,0,0,0,0,0,,0,0,,,
4302.19.10,0.3,0,0.025,0,0,,0,0.18,,,
4302.19.90,0.48,0,0.025,0,0,,0,0.18,,,
4302.20,0.3,0,0.025,0,0,,0,0.18,,,
4302.30,0.48,0,0.025,0,0,,0,0.18,,,
4303.10,0.48,0,0.025,0,0,,0,0.18,,,
4303.90,0.46,0,0.025,0.3,0,30% or Rs.450/= per kg,0,0.18,,,
4304.00,0.48,0,0.025,0,0,,0,0.18,,,
4401.11,0.295,0,0.025,0,0,,0,0.18,,,
4401.12,0.295,0,0.025,0,0,,0,0.18,,,
4401.21,0.295,0,0.025,0,0,,0,0.18,,,
4401.22,0.295,0,0.025,0,0,,0,0.18,,,
4401.31,0.295,0,0.025,0,0,,0,0.18,,,
4401.32,0.295,0,0.025,0,0,,0,0.18,,,
4401.39,0.295,0,0.025,0,0,,0,0.18,,,
4401.41,0.295,0,0.025,0,0,,0,0.18,,,
4401.49,0.295,0,0.025,0,0,,0,0.18,,,
4402.10,0.295,0,0.025,0,0,,0,0.18,,,
4402.20,0,0,0,0,0,,0,0,,,
4402.20.10,0.295,0,0.025,0,0,,0,0.18,,,
4402.20.90,0.295,0,0.025,0,0,,0,0.18,,,
4402.90,0.295,0,0.025,0,0,,0,0.18,,,
4403.11,0,0.135,0.025,0,0,,0,0.18,,,
4403.12,0,0.135,0.025,0,0,,0,0.18,,,
4403.21,0,0.135,0.025,0,0,,0,0.18,,,
4403.22,0,0.135,0.025,0,0,,0,0.18,,,
4403.23,0,0.135,0.025,0,0,,0,0.18,,,
4403.24,0,0.135,0.025,0,0,,0,0.18,,,
4403.25,0,0.135,0.025,0,0,,0,0.18,,,
4403.26,0,0.135,0.025,0,0,,0,0.18,,,
4403.41,0,0.135,0.025,0,0,,0,0.18,,,
4403.42,0,0.135,0.025,0,0,,0,0.18,,,
4403.49,0,0.135,0.025,0,0,,0,0.18,,,
4403.91,0,0.135,0.025,0,0,,0,0.18,,,
4403.93,0,0.135,0.025,0,0,,0,0.18,,,
4403.94,0,0.135,0.025,0,0,,0,0.18,,,
4403.95,0,0.135,0.025,0,0,,0,0.18,,,
4403.96,0,0.135,0.025,0,0,,0,0.18,,,
4403.97,0,0.135,0.025,0,0,,0,0.18,,,
4403.98,0,0.135,0.025,0,0,,0,0.18,,,
4403.99,0,0.135,0.025,0,0,,0,0.18,,,
4404.10,0,0,0.025,0,0,,0,0.18,,,
4404.20,0,0,0.025,0,0,,0,0.18,,,
4405.00,0,0.16,0.025,0,0,,0,0.18,,,
4406.11,0,0,0.025,0,0,,0,0.18,,,
4406.12,0,0,0.025,0,0,,0,0.18,,,
4406.91,0,0,0.025,0,0,,0,0.18,,,
4406.92,0,0.16,0.025,0,0,,0,0.18,,,
4407.11,0,0.16,0.025,0,0,,0,0.18,,,
4407.12,0,0,0.025,0,0,,0,0.18,,,
4407.13,0,0,0.025,0,0,,0,0.18,,,
4407.14,0,0,0.025,0,0,,0,0.18,,,
4407.19,0,0,0.025,0,0,,0,0.18,,,
4407.21,0,0,0.025,0,0,,0,0.18,,,
4407.22,0,0,0.025,0,0,,0,0.18,,,
4407.23,0,0,0.025,0,0,,0,0.18,,,
4407.25,0,0,0.025,0,0,,0,0.18,,,
4407.26,0,0,0.025,0,0,,0,0.18,,,
4407.27,0,0,0.025,0,0,,0,0.18,,,
4407.28,0,0,0.025,0,0,,0,0.18,,,
4407.29,0,0.16,0.025,0,0,,0,0.18,,,
4407.91,0,0.16,0.025,0,0,,0,0.18,,,
4407.92,0,0.16,0.025,0,0,,0,0.18,,,
4407.93,0,0,0.025,0,0,,0,0.18,,,
4407.94,0,0,0.025,0,0,,0,0.18,,,
4407.95,0,0,0.025,0,0,,0,0.18,,,
4407.96,0,0,0.025,0,0,,0,0.18,,,
4407.97,0,0,0.025,0,0,,0,0.18,,,
4407.99,0,0,0,0,0,,0,0,,,
4407.99.10,0,0,0.025,0,0,,0,0.18,,,
4407.99.20,0,0,0.025,0,0,,0,0.18,,,
4407.99.30,0,0,0.025,0,0,,0,0.18,,,
4407.99.90,0,0.16,0.025,0,0,,0,0.18,,,
4408.10,0,0.16,0.025,0,0,,0,0.18,,,
4408.31,0,0,0.025,0,0,,0,0.18,,,
4408.39,0,0.16,0.025,0,0,,0,0.18,,,
4408.90,0,0.16,0.025,0,0,,0,0.18,,,
4409.10,0,0,0.025,0,0,,0,0.18,,,
4409.21,0,0.16,0.025,0,0,,50,0.18,,,
4409.22,0,0.16,0.025,0,0,,0,0.18,,,
4409.29,0,0.16,0.025,0,0,,0,0.18,,,
4410.11,0,0,0,0,0,,0,0,,,
4410.11.10,0,0.16,0.025,0.05,0,,0,0.18,,,
4410.11.90,0.055,0.16,0.025,0.04,0,,0,0.18,,,
4410.12,0.055,0,0.025,0.05,0,,0,0.18,,,
4410.19,0.055,0,0.025,0.05,0,,0,0.18,,,
4410.90,0.055,0.16,0.025,0.05,0,,0,0.18,,,
4411.12,0,0,0,0,0,,0,0,,,
4411.12.10,0,0.16,0.025,0,0,,0,0.18,,,
4411.12.90,0,0.16,0.025,0,0,,0,0.18,,,
4411.13,0,0,0,0,0,,0,0,,,
4411.13.10,0,0.16,0.025,0,0,,0,0.18,,,
4411.13.90,0,0.16,0.025,0,0,,0,0.18,,,
4411.14,0,0,0,0,0,,0,0,,,
4411.14.10,0,0.16,0.025,0,0,,0,0.18,,,
4411.14.90,0,0.16,0.025,0,0,,0,0.18,,,
4411.92,0,0,0,0,0,,0,0,,,
4411.92.10,0,0.16,0.025,0,0,,0,0.18,,,
4411.92.90,0,0.16,0.025,0,0,,0,0.18,,,
4411.93,0,0.16,0.025,0,0,,0,0.18,,,
4411.94,0,0.16,0.025,0,0,,0,0.18,,,
4412.10,0,0,0,0,0,,0,0,,,
4412.10.10,0,0,0.025,0,0,,0,0.18,,,
4412.10.90,0.295,0,0.025,0,0,,0,0.18,,,
4412.31,0,0,0,0,0,,0,0,,,
4412.31.10,0.295,0.16,0.025,0.05,0,5% or Rs.10/= per kg,0,0.18,,,
4412.31.90,0.295,0.16,0.025,0,0,,0,0.18,,,
4412.33,0,0,0,0,0,,0,0,,,
4412.33.10,0.295,0.16,0.025,0.05,0,5% or Rs.10/= per kg,0,0.18,,,
4412.33.90,0.295,0.16,0.025,0,0,,0,0.18,,,
4412.34,0,0,0,0,0,,0,0,,,
4412.34.10,0.295,0.16,0.025,0.05,0,5% or Rs.10/= per kg,0,0.18,,,
4412.34.90,0.295,0.16,0.025,0,0,,0,0.18,,,
4412.39,0,0,0,0,0,,0,0,,,
4412.39.10,0,0,0.025,0,0,,0,0.18,,,
4412.39.91,0.295,0.16,0.025,0.05,0,5% or Rs.10/= per kg,0,0.18,,,
4412.39.99,0.295,0.16,0.025,0,0,,0,0.18,,,
4412.41,0.295,0,0.025,0,0,,0,0.18,,,
4412.42,0.295,0,0.025,0,0,,0,0.18,,,
4412.49,0.295,0,0.025,0,0,,0,0.18,,,
4412.51,0.295,0,0.025,0,0,,0,0.18,,,
4412.52,0.295,0,0.025,0,0,,0,0.18,,,
4412.59,0.295,0,0.025,0,0,,0,0.18,,,
4412.91,0.295,0,0,0,0,,0,0.18,,,
4412.92,0.295,0,0,0,0,,0,0.18,,,
4412.99,0.295,0.16,0,0,0,,0,0.18,,,
4413.00,0,0,0,0,0,,0,0,,,
4413.00.10,0.295,0,0.025,0,0,,0,0.18,,,
4413.00.90,0.295,0.16,0.025,0,0,,0,0.18,,,
4414.10,0.48,0,0.025,0.1,0,,0,0.18,,,
4414.90,0.48,0,0.025,0.1,0,,0,0.18,,,
4415.10,0.48,0.16,0.025,0.05,0,,0,0.18,,,
4415.20,0.48,0.16,0.025,0.05,0,,0,0.18,,,
4416.00,0.3,0.16,0.025,0.05,0,,0,0.18,,,
4417.00,0,0,0,0,0,,0,0,,,
4417.00.10,0.295,0,0.025,0,0,,0,0.18,,,
4417.00.90,0.3,0.16,0.025,0.05,0,,0,0.18,,,
4418.11,0.48,0,0.025,0.1,0,10% or Rs.35/= per kg,0,0.18,,,
4418.19,0.48,0,0.025,0.1,0,10% or Rs.35/= per kg,0,0.18,,,
4418.21,0.48,0,0.025,0.2,0,20% or Rs.70/= per kg,0,0.18,,,
4418.29,0.48,0,0.025,0.2,0,20% or Rs.70/= per kg,0,0.18,,,
4418.30,0.3,0,0.025,0.2,0,20% or Rs.70/= per kg,0,0.18,,,
4418.40,0.5,0,0.025,0.1,0,,0,0.18,,,
4418.50,0.3,0,0.025,0.1,0,,0,0.18,,,
4418.73,0.1,0.16,0.025,0,0,,0,0.18,,,
4418.74,0,0,0,0,0,,0,0,,,
4418.74.10,0.3,0,0.025,0.05,0,,0,0.18,,,
4418.74.90,0.3,0,0.025,0.05,0,,0,0.18,,,
4418.75,0,0,0,0,0,,0,0,,,
4418.75.10,0.3,0,0.025,0.05,0,,0,0.18,,,
4418.75.90,0.3,0,0.025,0.05,0,,0,0.18,,,
4418.79,0,0,0,0,0,,0,0,,,
4418.79.10,0.3,0,0.025,0.05,0,,0,0.18,,,
4418.79.90,0.3,0.16,0.025,0.05,0,,0,0.18,,,
4418.81,0.3,0,0.025,0.1,0,10% or Rs.35/= per kg,0,0.18,,,
4418.82,0.3,0,0.025,0.1,0,10% or Rs.35/= per kg,0,0.18,,,
4418.83,0.3,0,0.025,0.1,0,10% or Rs.35/= per kg,0,0.18,,,
4418.89,0.3,0,0.025,0.1,0,10% or Rs.35/= per kg,0,0.18,,,
4418.91,0.1,0.16,0.025,0.05,0,5% or Rs.18/= per kg,0,0.18,,,
4418.92,0.3,0,0.025,0.1,0,10% or Rs.35/= per kg,0,0.18,,,
4418.99,0.3,0.1,0.025,0.1,0,10% or Rs.35/= per kg,0,0.18,,,
4419.11,0.48,0.16,0.025,0.15,0,15% or Rs.70/= per kg,0,0.18,,,
4419.12,0.48,0.16,0.025,0.15,0,15% or Rs.70/= per kg,0,0.18,,,
4419.19,0.48,0.1,0.025,0.25,0,25% or Rs.70/= per kg,0,0.18,,,
4419.20,0.48,0,0.025,0.25,0,25% or Rs.70/= per kg,0,0.18,,,
4419.90,0.48,0.1,0.025,0.25,0,25% or Rs.70/= per kg,0,0.18,,,
4420.11,0.48,0,0.025,0.2,0,20% or Rs.35/= per kg,0,0.18,,,
4420.19,0.48,0,0.025,0.2,0,20% or Rs.35/= per kg,0,0.18,,,
4420.90,0.48,0.1,0.025,0.2,0,20% or Rs.35/= per kg,0,0.18,,,
4421.10,0.48,0.16,0.025,0.1,0,,0,0.18,,,
4421.20,0.295,0,0.025,0.05,0,,0,0.18,,,
4421.91,0,0,0,0,0,,0,0,,,
4421.91.10,0.395,0,0.025,0,0,,0,0.18,,,
4421.91.20,0,0,0.025,0,0,,0,0.18,,,
4421.91.30,0.3,0.16,0.025,0,0,,0,0.18,,,
4421.91.90,0,0.16,0.025,0,0,,0,0.18,,,
4421.99,0,0,0,0,0,,0,0,,,
4421.99.10,0.395,0,0.025,0,0,,0,0.18,,,
4421.99.20,0,0,0.025,0,0,,0,0.18,,,
4421.99.30,0.3,0.16,0.025,0,0,,0,0.18,,,
4421.99.41,0.3,0,0.025,0.13,0,13% or Rs.35/= per kg,0,0.18,,,
4421.99.49,0.3,0.1,0.025,0.13,0,13% or Rs.35/= per kg,0,0.18,,,
4421.99.90,0.3,0.1,0.025,0.13,0,13% or Rs.35/= per kg,0,0.18,,,
4501.10,0,0,0.025,0,0,,0,0.18,,,
4501.90,0,0,0.025,0,0,,0,0.18,,,
4502.00,0,0,0.025,0,0,,0,0.18,,,
4503.10,0.195,0,0.025,0,0,,0,0.18,,,
4503.90,0.295,0,0.025,0,0,,0,0.18,,,
4504.10,0.195,0,0.025,0,0,,0,0.18,,,
4504.90,0.295,0,0.025,0,0,,0,0.18,,,
4601.21,0.3,0,0.025,0.3,0,30% or Rs.200/= per kg,0,0.18,,,
4601.22,0.3,0.1,0.025,0.3,0,30% or Rs.140/= per kg,0,0.18,,,
4601.29,0,0,0,0,0,,0,0,,,
4601.29.10,0.3,0,0.025,0.3,0,30% or Rs.100/= per kg,0,0.18,,,
4601.29.90,0.3,0,0,0.3,0,30% or Rs.100/= per kg,0,0,,,
4601.92,0.3,0,0.025,0.3,0,30% or Rs.140/= per kg,0,0.18,,,
4601.93,0.3,0,0.025,0.3,0,30% or Rs.140/= per kg,0,0.18,,,
4601.94,0,0,0,0,0,,0,0,,,
4602.94.10,0.3,0,0,0.3,0,30% or Rs.140/= per kg,0,0,,,
4602.94.90,0.3,0,0,0.3,0,30% or Rs.140/= per kg,0,0,,,
4601.99,0.3,0,0.025,0.3,0,30% or Rs.140/= per kg,0,0.18,,,
4602.11,0.2,0,0.025,0.1,0,,0,0.18,,,
4602.12,0.2,0,0.025,0.1,0,,0,0.18,,,
4602.19,0,0,0,0,0,,0,0,,,
4602.19.10,0.2,0,0.025,0.1,0,,0,0.18,,,
4602.19.90,0.2,0,0.025,0.1,0,,0,0.18,,,
4602.90,0.2,0,0.025,0.1,0,,0,0.18,,,
4701.00.00,0,0,0.025,0,0,,0,0.18,,,
4702.00.00,0,0,0.025,0,0,,0,0.18,,,
4703.11.00,0,0.05,0.025,0,0,,0,0.18,,,
4703.19.00,0,0,0.025,0,0,,0,0.18,,,
4703.21.00,0,0,0.025,0,0,,0,0.18,,,
4703.29.00,0,0,0.025,0,0,,0,0.18,,,
4704.11.00,0,0,0.025,0,0,,0,0.18,,,
4704.19.00,0,0,0.025,0,0,,0,0.18,,,
4704.21.00,0,0,0.025,0,0,,0,0.18,,,
4704.29.00,0,0,0.025,0,0,,0,0.18,,,
4705.00.00,0,0.11,0.025,0,0,,0,0.18,,,
4706.10.00,0,0,0.025,0,0,,0,0.18,,,
4706.20.00,0,0,0.025,0,0,,0,0.18,,,
4706.30.00,0,0,0.025,0,0,,0,0.18,,,
4706.91.00,0,0,0.025,0,0,,0,0.18,,,
4706.92.00,0,0,0.025,0,0,,0,0.18,,,
4706.93.00,0,0,0.025,0,0,,0,0.18,,,
4707.10.00,0,0,0.025,0,0,,0,0.18,,,
4707.20.00,0,0,0.025,0,0,,0,0.18,,,
4707.30.00,0,0,0.025,0,0,,0,0.18,,,
4707.90.00,0,0,0.025,0,0,,0,0.18,,,
4801.00,0,0.16,0.025,0.04,0,,0,0.18,,,
4802.10,0.2,0,0.025,0,0,,0,0.18,,,
4802.20,0.3,0,0.025,0,0,,0,0.18,,,
4802.40,0.395,0,0.025,0,0,,0,0.18,,,
4802.54,0,0,0,0,0,,0,0,,,
4802.54.10,0,0.16,0.025,0,0,,0,0.18,,,
4802.54.20,0.395,0,0.025,0,0,,0,0.18,,,
4802.54.90,0.395,0.16,0.025,0,0,,0,0.18,,,
4802.55,0,0,0,0,0,,0,0,,,
4802.55.10,0.395,0,0.025,0,0,,0,0.18,,,
4802.55.90,0,0.16,0.025,0,0,,0,0.18,,,
4802.56,0,0,0,0,0,,0,0,,,
4802.56.10,0.395,0,0.025,0,0,,0,0.18,,,
4802.56.90,0.48,0.16,0.025,0,0,,0,0.18,,,
4802.57,0,0,0,0,0,,0,0,,,
4802.57.10,0.395,0,0.025,0,0,,0,0.18,,,
4802.57.90,0,0.16,0.025,0,0,,0,0.18,,,
4802.58,0,0,0,0,0,,0,0,,,
4802.58.10,0,0.16,0.025,0,0,,0,0.18,,,
4802.58.20,0.395,0,0.025,0,0,,0,0.18,,,
4802.58.90,0.3,0.16,0.025,0,0,,0,0.18,,,
4802.61,0,0,0,0,0,,0,0,,,
4802.61.10,0,0,0.025,0,0,,0,0.18,,,
4802.61.20,0.395,0,0.025,0,0,,0,0.18,,,
4802.61.90,0.3,0.16,0.025,0,0,,0,0.18,,,
4802.62,0,0,0,0,0,,0,0,,,
4802.62.10,0,0,0.025,0,0,,0,0.18,,,
4802.62.20,0.395,0,0.025,0,0,,0,0.18,,,
4802.62.90,0.3,0,0.025,0,0,,0,0.18,,,
4802.69,0,0,0,0,0,,0,0,,,
4802.69.10,0,0,0.025,0,0,,0,0.18,,,
4802.69.20,0.395,0,0.025,0,0,,0,0.18,,,
4802.69.90,0.3,0.16,0.025,0,0,,0,0.18,,,
4803.00,0.395,0.16,0.025,0,0,,0,0.18,,,
4804.11,0,0.16,0.025,0.04,0,,0,0.18,,,
4804.19,0,0.16,0.025,0.04,0,,0,0.18,,,
4804.21,0,0.16,0.025,0,0,,0,0.18,,,
4804.29,0,0.16,0.025,0,0,,0,0.18,,,
4804.31,0.195,0.11,0.025,0,0,,0,0.18,,,
4804.39,0.195,0.11,0.025,0,0,,0,0.18,,,
4804.41,0.495,0,0.025,0,0,,0,0.18,,,
4804.42,0.495,0.16,0.025,0,0,,0,0.18,,,
4804.49,0.495,0,0.025,0,0,,0,0.18,,,
4804.51,0.495,0,0.025,0,0,,0,0.18,,,
4804.52,0.495,0,0.025,0,0,,0,0.18,,,
4804.59,0.495,0.16,0.025,0,0,,0,0.18,,,
4805.11,0,0.16,0.025,0.1,0,,0,0.18,,,
4805.12,0,0,0.025,0,0,,0,0.18,,,
4805.19,0,0.16,0.025,0.1,0,,0,0.18,,,
4805.24,0.055,0.16,0.025,0.04,0,,0,0.18,,,
4805.25,0.055,0.16,0.025,0.04,0,,0,0.18,,,
4805.30,0.395,0,0.025,0,0,,0,0.18,,,
4805.40,0,0,0,0,0,,0,0,,,
4805.40.10,0,0.16,0.025,0,0,,0,0.18,,,
4805.40.90,0.395,0.16,0.025,0,0,,0,0.18,,,
4805.50,0.395,0,0.025,0,0,,0,0.18,,,
4805.91,0.055,0,0.025,0,0,,0,0.18,,,
4805.92,0,0,0,0,0,,0,0,,,
4805.92.10,0.3,0,0.025,0.05,0,,0,0.18,,,
4805.92.90,0.055,0,0.025,0,0,,0,0.18,,,
4805.93,0,0,0,0,0,,0,0,,,
4805.93.10,0.3,0,0.025,0.05,0,,0,0.18,,,
4805.93.90,0.395,0.16,0.025,0,0,,0,0.18,,,
4806.10,0.395,0.16,0.025,0,0,,0,0.18,,,
4806.20,0.395,0,0.025,0,0,,0,0.18,,,
4806.30,0.395,0.16,0.025,0,0,,0,0.18,,,
4806.40,0.575,0.16,0.025,0,0,,0,0.18,,,
4807.00,0,0,0,0,0,,0,0,,,
4807.00.10,0.395,0.16,0.025,0,0,,0,0.18,,,
4807.00.90,0.395,0.16,0.025,0,0,,0,0.18,,,
4808.10,0.3,0.16,0.025,0,0,,0,0.18,,,
4808.40,0,0,0,0,0,,0,0,,,
4808.40.10,0.3,0,0.025,0,0,,0,0.18,,,
4808.40.90,0.345,0.16,0.025,0,0,,0,0.18,,,
4808.90,0,0.16,0.025,0,0,,0,0.18,,,
4809.20,0,0.16,0.025,0,0,,0,0.18,,,
4809.90,0,0,0,0,0,,0,0,,,
4809.90.10,0.5,0.16,0.025,0.05,0,,0,0.18,,,
4809.90.90,0.395,0.16,0.025,0,0,,0,0.18,,,
4810.13,0,0,0,0,0,,0,0,,,
4810.13.10,0.395,0,0.025,0,0,,0,0.18,,,
4810.13.90,0,0.16,0.025,0,0,,0,0.18,,,
4810.14,0,0,0,0,0,,0,0,,,
4810.14.10,0.395,0,0.025,0,0,,0,0.18,,,
4810.14.90,0.395,0.16,0.025,0,0,,0,0.18,,,
4810.19,0,0,0,0,0,,0,0,,,
4810.19.10,0.395,0.16,0.025,0,0,,0,0.18,,,
4810.19.90,0,0.16,0.025,0,0,,0,0.18,,,
4810.22,0.055,0.16,0.025,0,0,,0,0.18,,,
4810.29,0.055,0.16,0.025,0.04,0,,0,0.18,,,
4810.31,0.395,0,0.025,0,0,,0,0.18,,,
4810.32,0.395,0,0.025,0,0,,0,0.18,,,
4810.39,0.395,0,0.025,0,0,,0,0.18,,,
4810.92,0,0.16,0.025,0,0,,0,0.18,,,
4810.99,0.395,0.16,0.025,0,0,,0,0.18,,,
4811.10,0.395,0,0.025,0,0,,0,0.18,,,
4811.41,0,0,0,0,0,,0,0,,,
4811.41.11,0.055,0.16,0.025,0.2,0,,0,0.18,,,
4811.41.19,0.055,0.16,0.025,0,0,,0,0.18,,,
4811.41.20,0.3,0.16,0.025,0,0,,310,0.18,,,
4811.41.91,0,0.16,0.025,0.16,0,,0,0.18,,,
4811.41.99,0,0.16,0.025,0,0,,0,0.18,,,
4811.49,0,0,0,0,0,,0,0,,,
4811.49.10,0.3,0.16,0.025,0,0,,310,0.18,,,
4811.49.20,0.3,0,0.025,0,0,,310,0.18,,,
4811.49.90,0.295,0.16,0.025,0.12,0,,0,0.18,,,
4811.51,0,0,0,0,0,,0,0,,,
4811.51.10,0,0.16,0.025,0,0,,0,0.18,,,
4811.51.20,0.3,0,0.025,0,0,,310,0.18,,,
4811.51.90,0.295,0.16,0.025,0.15,0,,0,0.18,,,
4811.59,0,0,0,0,0,,0,0,,,
4811.59.10,0,0.16,0.025,0.12,0,,0,0.18,,,
4811.59.20,0.3,0.16,0.025,0,0,,310,0.18,,,
4811.59.90,0.295,0.16,0.025,0.12,0,,0,0.18,,,
4811.60,0,0,0,0,0,,0,0,,,
4811.60.10,0.3,0,0.025,0,0,,310,0.18,,,
4811.60.90,0.295,0.16,0.025,0.15,0,,0,0.18,,,
4811.90,0,0,0,0,0,,0,0,,,
4811.90.10,0.48,0,0.025,0,0,,310,0.18,,,
4811.90.20,0,0,0.025,0.12,0,,0,0.18,,,
4811.90.30,0.055,0.16,0.025,0.17,0,,0,0.18,,,
4811.90.90,0.055,0.16,0.025,0.17,0,,0,0.18,,,
4812.00,0.395,0,0.025,0,0,,0,0.18,,,
4813.10,0.495,0,0.025,0,0,,0,0.18,,,
4813.20,0.395,0.16,0.025,0,0,,0,0.18,,,
4813.90,0.395,0.16,0.025,0,0,,0,0.18,,,
4814.20,0.475,0.16,0.025,0.1,0,,0,0.18,,,
4814.90,0,0,0,0,0,,0,0,,,
4814.90.10,0.475,0.16,0.025,0.1,0,,0,0.18,,,
4814.90.90,0.3,0.16,0.025,0.1,0,,0,0.18,,,
4816.20,0,0.16,0.025,0,0,,0,0.18,,,
4816.90,0,0,0,0,0,,0,0,,,
4816.90.10,0.2,0.16,0.025,0.1,0,,0,0.18,,,
4816.90.90,0.395,0.16,0.025,0,0,,0,0.18,,,
4817.10,0.2,0.16,0.025,0.22,0,,0,0.18,,,
4817.20,0.2,0.16,0.025,0.22,0,,0,0.18,,,
4817.30,0.2,0.16,0.025,0,0,,0,0.18,,,
4818.10,0,0,0,0,0,,0,0,,,
4818.10.10,0.2,0.16,0.025,0.23,0,,0,0.18,,,
4818.10.90,0.2,0,0.025,0.13,0,,0,0.18,,,
4818.20,0.2,0.16,0.025,0.23,0,,0,0.18,,,
4818.30,0.2,0.16,0.025,0.23,0,,0,0.18,,,
4818.50,0,0,0,0,0,,0,0,,,
4818.50.10,0,0,0.025,0,0,,0,0.18,,,
4818.50.90,0.3,0.16,0.025,0.23,0,,0,0.18,,,
4818.90,0,0,0,0,0,,0,0,,,
4818.90.10,0.495,0.16,0.025,0,0,,0,0.18,,,
4818.90.20,0.495,0.16,0.025,0,0,,0,0.18,,,
4818.90.90,0.3,0.16,0.025,0.23,0,,0,0.18,,,
4819.10,0.2,0.16,0.025,0.23,0,,0,0.18,,,
4819.20,0.2,0.16,0.025,0.23,0,,0,0.18,,,
4819.30,0.2,0.16,0.025,0.23,0,,0,0.18,,,
4819.40,0,0,0,0,0,,0,0,,,
4819.40.10,0.3,0.16,0.025,0,0,,0,0.18,,,
4819.40.20,0.3,0.16,0.025,0,0,,0,0.18,,,
4819.40.30,0,0.16,0.025,0,0,,0,0.18,,,
4819.40.90,0.2,0.16,0.025,0.05,0,,0,0.18,,,
4819.50,0.2,0.16,0.025,0.1,0,,0,0.18,,,
4819.60,0.2,0.16,0.025,0.1,0,,0,0.18,,,
4820.10,0.2,0.16,0.025,0.41,0,25% or Rs.180/= per kg | 16% or Rs.100/= per kg,0,0.18,,,
4820.20,0.3,0,0.025,0,0,,0,0.18,,,
4820.30,0.2,0.16,0.025,0.41,0,25% or Rs.180/= per kg | 16% or Rs.100/= per kg,0,0.18,,,
4820.40,0.2,0.16,0.025,0.41,0,25% or Rs. 150/= per kg | 16% or Rs.80/= per kg,0,0.18,,,
4820.50,0.2,0.16,0.025,0.41,0,25% or Rs. 150/= per kg | 16% or Rs.80/= per kg,0,0.18,,,
4820.90,0.2,0.16,0.025,0.41,0,25% or Rs. 150/= per kg | 16% or Rs.80/= per kg,0,0.18,,,
4821.10,0,0,0,0,0,,0,0,,,
4821.10.10,0.2,0.16,0.025,0.25,0,25% or Rs. 150/= per kg,160,0.18,,,
4821.10.90,0.2,0.16,0.025,0.23,0,,0,0.18,,,
4821.90,0.2,0.16,0.025,0.23,0,,0,0.18,,,
4822.10,0,0,0.025,0,0,,0,0.18,,,
4822.90,0.395,0.16,0.025,0,0,,0,0.18,,,
4823.20,0,0,0,0,0,,0,0,,,
4823.20.10,0,0.16,0.025,0,0,,0,0.18,,,
4823.20.20,0.345,0.16,0.025,0,0,,0,0.18,,,
4823.40,0.3,0.16,0.025,0,0,,0,0.18,,,
4823.61,0.2,0,0.025,0.1,0,,0,0.18,,,
4823.69,0.2,0.16,0.025,0.1,0,,0,0.18,,,
4823.70,0,0.16,0.025,0,0,,0,0.18,,,
4823.90,0,0,0,0,0,,0,0,,,
4823.90.10,0,0.16,0.025,0.1,0,,0,0.18,,,
4823.90.20,0.2,0.16,0.025,0.1,0,,0,0.18,,,
4823.90.90,0.2,0.16,0.025,0.05,0,,0,0.18,,,
4901.10,0,0,0.025,0,0,,0,0.18,,,
4901.91,0,0,0.025,0,0,,0,0.18,,,
4901.99,0,0,0,0,0,,0,0,,,
4901.99.10,0,0,0.025,0,0,,0,0.18,,,
4901.99.20,0,0,0.025,0,0,,0,0.18,,,
4901.99.90,0,0.16,0.025,0,0,,0,0.18,,,
4902.10,0,0,0,0,0,,0,0,,,
4902.10.11,0,0,0,0,0,,5,0.18,,,
4902.10.19,0,0,0.025,0,0,,0,0.18,,,
4902.10.91,0,0,0,0,0,,5,0.18,,,
4902.10.99,0,0,0.025,0,0,,0,0.18,,,
4902.90,0,0,0,0,0,,0,0,,,
4902.90.11,0,0,0,0,0,,5,0.18,,,
4902.90.19,0,0,0.025,0,0,,0,0.18,,,
4902.90.91,0,0,0,0,0,,5,0.18,,,
4902.90.99,0,0,0.025,0,0,,0,0.18,,,
4903.00,0,0,0.025,0,0,,0,0.18,,,
4904.00,0,0,0,0,0,,0,0,,,
4904.00.10,0,0,0.025,0,0,,0,0.18,,,
4904.00.90,0,0,0.025,0,0,,0,0.18,,,
4905.20,0,0,0.025,0,0,,0,0.18,,,
4905.90,0,0,0.025,0,0,,0,0.18,,,
4906.00,0,0.16,0.025,0,0,,0,0.18,,,
4907.00,0,0,0,0,0,,0,0,,,
4907.00.10,0.2,0,0.025,0.05,0,,0,0.18,,,
4907.00.20,0.3,0,0.025,0,0,,0,0.18,,,
4907.00.30,0.3,0,0.025,0,0,,0,0.18,,,
4907.00.40,0,0,0,0,0,,0,0,,,
4907.00.90,0,0.16,0.025,0,0,,0,0.18,,,
4908.10,0,0,0,0,0,,0,0,,,
4908.10.10,0,0.16,0.025,0,0,,0,0.18,,,
4908.10.90,0.295,0.16,0.025,0,0,,0,0.18,,,
4908.90,0,0,0,0,0,,0,0,,,
4908.90.10,0,0.16,0.025,0,0,,0,0.18,,,
4908.90.90,0.395,0.16,0.025,0,0,,0,0.18,,,
4909.00,0.2,0.1,0.025,0.15,0,,0,0.18,,,
4910.00,0.2,0.1,0.025,0.3,0,30% or Rs.200/= per kg,0,0.18,,,
4911.10,0,0,0,0,0,,0,0,,,
4911.10.10,0,0.16,0.025,0,0,,0,0.18,,,
4911.10.90,0.2,0.1,0.025,0.1,0,10% or Rs.200/= per kg,0,0.18,,,
4911.91,0,0,0,0,0,,0,0,,,
4911.91.10,0.2,0.1,0.025,0.3,0,,0,0.18,,,
4911.91.20,0.2,0.1,0.025,0.3,0,,0,0.18,,,
4911.91.30,0,0,0.025,0,0,,0,0.18,,,
4911.99,0,0,0,0,0,,0,0,,,
4911.99.10,0,0.16,0.025,0,0,,0,0.18,,,
4911.99.20,0.3,0.1,0.025,0,0,,180,0.18,,,
4911.99.30,0,0.1,0.025,0.1,0,5% or Rs.131/ =per kg | 5% or Rs.131/ = per kg | 20% or Rs.520/= per kg | 10% or Rs.250/= per kg,0,0.18,,,
4911.99.40,0.295,0.1,0.025,0.1,0,10% or Rs.200/= per kg,0,0.18,,,
4911.99.50,0.3,0.1,0.025,0.1,0,,0,0.18,,,
4911.99.90,0.2,0.1,0.025,0.1,0,10% or Rs.200/= per kg,0,0.18,,,
5001.00,0,0,0.025,0,0,,0,0.18,,,
5002.00,0,0,0.025,0,0,,0,0.18,,,
5003.00,0,0,0.025,0,0,,0,0.18,,,
5004.00,0,0,0.025,0,0,,0,0,,,
5005.00,0,0,0.025,0,0,,0,0,,,
5006.00,0,0,0.025,0,0,,0,0,,,
5007.10,0,0,0.025,0,0,,110,0.18,,,
5007.20,0,0,0.025,0,0,,110,0.18,,,
5007.90,0,0,0.025,0,0,,110,0.18,,,
5101.11,0,0,0.025,0,0,,0,0.18,,,
5101.19,0,0,0.025,0,0,,0,0.18,,,
5101.21,0,0,0.025,0,0,,0,0.18,,,
5101.29,0,0,0.025,0,0,,0,0.18,,,
5101.30,0,0,0.025,0,0,,0,0.18,,,
5102.11,0,0,0.025,0,0,,0,0.18,,,
5102.19,0,0,0.025,0,0,,0,0.18,,,
5102.20,0,0,0.025,0,0,,0,0.18,,,
5103.10,0,0,0.025,0,0,,0,0.18,,,
5103.20,0,0,0.025,0,0,,0,0.18,,,
5103.30,0,0,0.025,0,0,,0,0.18,,,
5104.00,0,0,0.025,0,0,,0,0.18,,,
5105.10,0,0,0.025,0,0,,0,0.18,,,
5105.21,0,0,0.025,0,0,,0,0.18,,,
5105.29,0,0,0.025,0,0,,0,0.18,,,
5105.31,0,0,0.025,0,0,,0,0.18,,,
5105.39,0,0,0.025,0,0,,0,0.18,,,
5105.40,0,0,0.025,0,0,,0,0.18,,,
5106.10,0,0,0.025,0,0,,0,0.18,,,
5106.20,0,0,0.025,0,0,,0,0.18,,,
5107.10,0,0,0.025,0,0,,0,0.18,,,
5107.20,0,0,0.025,0,0,,0,0.18,,,
5108.10,0,0,0.025,0,0,,0,0.18,,,
5108.20,0,0,0.025,0,0,,0,0.18,,,
5109.10,0,0,0.025,0,0,,0,0.18,,,
5109.90,0,0,0.025,0,0,,0,0.18,,,
5110.00,0,0,0.025,0,0,,0,0.18,,,
5111.11,0,0,0.025,0,0,,110,0.18,,,
5111.19,0,0,0.025,0,0,,110,0.18,,,
5111.20,0,0,0.025,0,0,,110,0.18,,,
5111.30,0,0,0.025,0,0,,110,0.18,,,
5111.90,0,0,0.025,0,0,,110,0.18,,,
5112.11,0,0,0.025,0,0,,110,0.18,,,
5112.19,0,0,0.025,0,0,,110,0.18,,,
5112.20,0,0,0.025,0,0,,110,0.18,,,
5112.30,0,0,0.025,0,0,,110,0.18,,,
5112.90,0,0,0.025,0,0,,110,0.18,,,
5113.00,0,0,0.025,0,0,,110,0.18,,,
5201.00,0,0,0,0,0,,0,0,,,
5201.00.10,0,0,0.025,0,0,,0,0.18,,,
5201.00.90,0,0,0.025,0,0,,0,0.18,,,
5202.10,0,0,0.025,0,0,,0,0.18,,,
5202.91,0,0,0.025,0,0,,0,0.18,,,
5202.99,0,0.1,0.025,0,0,,0,0.18,,,
5203.00,0,0,0,0,0,,0,0,,,
5203.00.10,0,0,0.025,0,0,,0,0.18,,,
5203.00.90,0,0,0.025,0,0,,0,0.18,,,
5204.11,0,0.16,0.025,0,0,,0,0.18,,,
5204.19,0,0.16,0.025,0,0,,0,0.18,,,
5204.20,0,0.16,0.025,0,0,,0,0.18,,,
5205.11,0,0,0.025,0,0,,0,0,,,
5205.12,0,0,0.025,0,0,,0,0,,,
5205.13,0,0,0.025,0,0,,0,0,,,
5205.14,0,0,0.025,0,0,,0,0,,,
5205.15,0,0,0.025,0,0,,0,0,,,
5205.21,0,0,0.025,0,0,,0,0,,,
5205.22,0,0,0.025,0,0,,0,0,,,
5205.23,0,0,0.025,0,0,,0,0,,,
5205.24,0,0,0.025,0,0,,0,0,,,
5205.26,0,0,0.025,0,0,,0,0,,,
5205.27,0,0,0.025,0,0,,0,0,,,
5205.28,0,0,0.025,0,0,,0,0,,,
5205.31,0,0,0.025,0,0,,0,0,,,
5205.32,0,0,0.025,0,0,,0,0,,,
5205.33,0,0,0.025,0,0,,0,0,,,
5205.34,0,0,0.025,0,0,,0,0,,,
5205.35,0,0,0.025,0,0,,0,0,,,
5205.41,0,0,0.025,0,0,,0,0,,,
5205.42,0,0,0.025,0,0,,0,0,,,
5205.43,0,0,0.025,0,0,,0,0,,,
5205.44,0,0,0.025,0,0,,0,0,,,
5205.46,0,0,0.025,0,0,,0,0,,,
5205.47,0,0,0.025,0,0,,0,0,,,
5205.48,0,0,0.025,0,0,,0,0,,,
5206.11,0,0,0.025,0,0,,0,0,,,
5206.12,0,0,0.025,0,0,,0,0,,,
5206.13,0,0,0.025,0,0,,0,0,,,
5206.14,0,0,0.025,0,0,,0,0,,,
5206.15,0,0,0.025,0,0,,0,0,,,
5206.21,0,0,0.025,0,0,,0,0,,,
5206.22,0,0,0.025,0,0,,0,0,,,
5206.23,0,0,0.025,0,0,,0,0,,,
5206.24,0,0,0.025,0,0,,0,0,,,
5206.25,0,0,0.025,0,0,,0,0,,,
5206.31,0,0,0.025,0,0,,0,0,,,
5206.32,0,0,0.025,0,0,,0,0,,,
5206.33,0,0,0.025,0,0,,0,0,,,
5206.34,0,0,0.025,0,0,,0,0,,,
5206.35,0,0,0.025,0,0,,0,0,,,
5206.41,0,0,0.025,0,0,,0,0,,,
5206.42,0,0,0.025,0,0,,0,0,,,
5206.43,0,0,0.025,0,0,,0,0,,,
5206.44,0,0,0.025,0,0,,0,0,,,
5206.45,0,0,0.025,0,0,,0,0,,,
5207.10,0,0.16,0.025,0,0,,0,0.18,,,
5207.90,0,0,0.025,0,0,,0,0.18,,,
5208.11,0,0,0,0,0,,0,0,,,
5208.11.20,0,0,0.025,0,0,,340,0.18,,,
5208.11.90,0,0,0.025,0,0,,55,0.18,,,
5208.12,0,0,0.025,0,0,,85,0.18,,,
5208.13,0,0,0.025,0,0,,85,0.18,,,
5208.19,0,0,0.025,0,0,,85,0.18,,,
5208.21,0,0,0,0,0,,0,0.18,,,
5208.21.10,0,0,0.025,0,0,,340,0.18,,,
5208.21.90,0,0,0.025,0,0,,110,0.18,,,
5208.22,0,0,0.025,0,0,,110,0.18,,,
5208.23,0,0,0.025,0,0,,110,0.18,,,
5208.29,0,0,0.025,0,0,,110,0.18,,,
5208.31,0,0,0.025,0,0,,110,0.18,,,
5208.32,0,0,0.025,0,0,,110,0.18,,,
5208.33,0,0,0.025,0,0,,110,0.18,,,
5208.39,0,0,0.025,0,0,,110,0.18,,,
5208.41,0,0,0.025,0,0,,110,0.18,,,
5208.42,0,0,0.025,0,0,,110,0.18,,,
5208.43,0,0,0.025,0,0,,110,0.18,,,
5208.49,0,0,0.025,0,0,,110,0.18,,,
5208.51,0,0,0.025,0,0,,110,0.18,,,
5208.52,0,0,0.025,0,0,,110,0.18,,,
5208.59,0,0,0.025,0,0,,110,0.18,,,
5209.11,0,0,0.025,0,0,,85,0.18,,,
5209.12,0,0,0.025,0,0,,85,0.18,,,
5209.19,0,0,0.025,0,0,,85,0.18,,,
5209.21,0,0,0.025,0,0,,110,0.18,,,
5209.22,0,0,0.025,0,0,,110,0.18,,,
5209.29,0,0,0.025,0,0,,110,0.18,,,
5209.31,0,0,0.025,0,0,,110,0.18,,,
5209.32,0,0,0.025,0,0,,110,0.18,,,
5209.39,0,0,0.025,0,0,,110,0.18,,,
5209.41,0,0,0.025,0,0,,110,0.18,,,
5209.42,0,0,0.025,0,0,,110,0.18,,,
5209.43,0,0,0.025,0,0,,110,0.18,,,
5209.49,0,0,0.025,0,0,,110,0.18,,,
5209.51,0,0,0.025,0,0,,110,0.18,,,
5209.52,0,0,0.025,0,0,,110,0.18,,,
5209.59,0,0,0.025,0,0,,110,0.18,,,
5210.11,0,0,0.025,0,0,,85,0.18,,,
5210.19,0,0,0.025,0,0,,85,0.18,,,
5210.21,0,0,0.025,0,0,,110,0.18,,,
5210.29,0,0,0.025,0,0,,110,0.18,,,
5210.31,0,0,0.025,0,0,,110,0.18,,,
5210.32,0,0,0.025,0,0,,110,0.18,,,
5210.39,0,0,0.025,0,0,,110,0.18,,,
5210.41,0,0,0.025,0,0,,110,0.18,,,
5210.49,0,0,0.025,0,0,,110,0.18,,,
5210.51,0,0,0.025,0,0,,110,0.18,,,
5210.59,0,0,0.025,0,0,,110,0.18,,,
5211.11,0,0,0.025,0,0,,85,0.18,,,
5211.12,0,0,0.025,0,0,,85,0.18,,,
5211.19,0,0,0.025,0,0,,85,0.18,,,
5211.20,0,0,0.025,0,0,,110,0.18,,,
5211.31,0,0,0.025,0,0,,110,0.18,,,
5211.32,0,0,0.025,0,0,,110,0.18,,,
5211.39,0,0,0.025,0,0,,110,0.18,,,
5211.41,0,0,0.025,0,0,,110,0.18,,,
5211.42,0,0,0.025,0,0,,110,0.18,,,
5211.43,0,0,0.025,0,0,,110,0.18,,,
5211.49,0,0,0.025,0,0,,110,0.18,,,
5211.51,0,0,0.025,0,0,,110,0.18,,,
5211.52,0,0,0.025,0,0,,110,0.18,,,
5211.59,0,0,0.025,0,0,,110,0.18,,,
5212.11,0,0,0.025,0,0,,85,0.18,,,
5212.12,0,0,0.025,0,0,,110,0.18,,,
5212.13,0,0,0.025,0,0,,110,0.18,,,
5212.14,0,0,0.025,0,0,,110,0.18,,,
5212.15,0,0,0.025,0,0,,110,0.18,,,
5212.21,0,0,0.025,0,0,,85,0.18,,,
5212.22,0,0,0.025,0,0,,110,0.18,,,
5212.23,0,0,0.025,0,0,,110,0.18,,,
5212.24,0,0,0.025,0,0,,110,0.18,,,
5212.25,0,0,0.025,0,0,,110,0.18,,,
5301.10,0,0,0.025,0,0,,0,0.18,,,
5301.21,0,0,0.025,0,0,,0,0.18,,,
5301.29,0,0,0.025,0,0,,0,0.18,,,
5301.30,0,0,0.025,0,0,,0,0.18,,,
5302.10,0,0,0.025,0,0,,0,0.18,,,
5302.90,0,0,0,0,0,,0,0,,,
5302.90.10,0,0,0.025,0,0,,0,0.18,,,
5302.90.90,0,0,0.025,0,0,,0,0.18,,,
5303.10,0,0,0.025,0,0,,0,0.18,,,
5303.90,0,0,0,0,0,,0,0,,,
5303.90.10,0,0,0.025,0,0,,0,0.18,,,
5303.90.90,0,0,0.025,0,0,,0,0.18,,,
5305.00,0,0,0,0,0,,0,0,,,
5305.00.11,0.2,0,0.025,0,0,,0,0.18,,,
5305.00.12,0.2,0,0.025,0,0,,0,0.18,,,
5305.00.13,0.2,0,0.025,0,0,,0,0.18,,,
5305.00.14,0.2,0,0.025,0,0,,0,0.18,,,
5305.00.21,0.2,0,0.025,0,0,,0,0.18,,,
5305.00.22,0.2,0,0.025,0,0,,0,0.18,,,
5305.00.23,0.2,0,0.025,0,0,,0,0.18,,,
5305.00.30,0.2,0,0.025,0,0,,0,0.18,,,
5305.00.41,0.2,0,0.025,0,0,,0,0.18,,,
5305.00.42,0.2,0,0.025,0,0,,0,0.18,,,
5305.00.50,0.2,0,0.025,0,0,,0,0.18,,,
5305.00.61,0.2,0,0.025,0,0,,0,0.18,,,
5305.00.69,0.2,0,0.025,0,0,,0,0.18,,,
5305.00.71,0.2,0,0.025,0,0,,0,0.18,,,
5305.00.72,0.2,0,0.025,0,0,,0,0.18,,,
5305.00.79,0.2,0,0.025,0,0,,0,0.18,,,
5305.00.81,0.2,0,0.025,0,0,,0,0.18,,,
5305.00.82,0.2,0,0.025,0.04,0,,0,0.18,,,
5305.00.89,0.2,0,0.025,0.04,0,,0,0.18,,,
5305.00.91,0,0,0.025,0,0,,0,0.18,,,
5305.00.92,0,0,0.025,0,0,,0,0.18,,,
5305.00.93,0,0,0.025,0,0,,0,0.18,,,
5305.00.94,0.2,0,0.025,0.04,0,,0,0.18,,,
5305.00.99,0.2,0,0.025,0.04,0,,0,0.18,,,
5306.10,0,0,0.025,0,0,,0,0.18,,,
5306.20,0,0,0.025,0,0,,0,0.18,,,
5307.10,0,0,0,0,0,,0,0,,,
5307.10.10,0,0,0.025,0,0,,0,0.18,,,
5307.10.90,0,0,0.025,0,0,,0,0.18,,,
5307.20,0,0,0,0,0,,0,0,,,
5307.20.10,0,0,0.025,0,0,,0,0.18,,,
5307.20.90,0,0,0.025,0,0,,0,0.18,,,
5308.10,0,0,0.025,0,0,,0,0.18,,,
5308.20,0,0,0.025,0,0,,0,0.18,,,
5308.90,0,0,0.025,0,0,,0,0.18,,,
5309.11,0,0,0.025,0,0,,110,0.18,,,
5309.19,0,0,0.025,0,0,,110,0.18,,,
5309.21,0,0,0.025,0,0,,110,0.18,,,
5309.29,0,0,0.025,0,0,,110,0.18,,,
5310.10,0,0,0.025,0.2,0,,0,0.18,,,
5310.90,0,0,0.025,0.2,0,,0,0.18,,,
5311.00,0,0,0,0,0,,0,0,,,
5311.00.10,0,0,0.025,0,0,,0,0.18,,,
5311.00.90,0,0,0.025,0,0,,0,0.18,,,
5401.10,0,0.16,0.025,0,0,,0,0.18,,,
5401.20,0,0.16,0.025,0,0,,0,0.18,,,
5402.11,0,0,0.025,0,0,,0,0,,,
5402.19,0,0,0.025,0,0,,0,0,,,
5402.20,0,0,0.025,0,0,,0,0,,,
5402.31,0,0,0.025,0,0,,0,0,,,
5402.32,0,0,0.025,0,0,,0,0,,,
5402.33,0,0,0.025,0,0,,0,0,,,
5402.34,0,0,0.025,0,0,,0,0,,,
5402.39,0,0,0.025,0,0,,0,0,,,
5402.44,0,0,0.025,0,0,,0,0,,,
5402.45,0,0,0.025,0,0,,0,0,,,
5402.46,0,0,0.025,0,0,,0,0,,,
5402.47,0,0,0.025,0,0,,0,0,,,
5402.48,0,0,0.025,0,0,,0,0,,,
5402.49,0,0,0.025,0,0,,0,0,,,
5402.51,0,0,0.025,0,0,,0,0,,,
5402.52,0,0,0.025,0,0,,0,0,,,
5402.53,0,0,0.025,0,0,,0,0,,,
5402.59,0,0,0.025,0,0,,0,0,,,
5402.61,0,0,0.025,0,0,,0,0,,,
5402.62,0,0,0.025,0,0,,0,0,,,
5402.63,0,0,0.025,0,0,,0,0,,,
5402.69,0,0,0.025,0,0,,0,0,,,
5403.10,0,0,0.025,0,0,,0,0,,,
5403.31,0,0,0.025,0,0,,0,0,,,
5403.32,0,0,0.025,0,0,,0,0,,,
5403.33,0,0,0.025,0,0,,0,0,,,
5403.39,0,0,0.025,0,0,,0,0,,,
5403.41,0,0,0.025,0,0,,0,0,,,
5403.42,0,0,0.025,0,0,,0,0,,,
5403.49,0,0,0.025,0,0,,0,0,,,
5404.11,0,0,0.025,0,0,,0,0.18,,,
5404.12,0,0,0.025,0,0,,0,0.18,,,
5404.19,0,0,0.025,0,0,,0,0.18,,,
5404.90,0,0,0.025,0,0,,0,0.18,,,
5405.00,0,0.16,0.025,0,0,,0,0.18,,,
5406.00,0,0,0.025,0,0,,0,0.18,,,
5407.10,0,0,0.025,0,0,,110,0.18,,,
5407.20,0,0,0.025,0,0,5% or Rs. 90/- per kg | 4.5% or Rs. 82/- per kg | 20% or Rs.240/- per kg,0,0.18,,,
5407.30,0,0,0.025,0,0,,110,0.18,,,
5407.41,0,0,0.025,0,0,,110,0.18,,,
5407.42,0,0,0.025,0,0,,110,0.18,,,
5407.43,0,0,0.025,0,0,,110,0.18,,,
5407.44,0,0,0.025,0,0,,110,0.18,,,
5407.51,0,0,0.025,0,0,,110,0.18,,,
5407.52,0,0,0.025,0,0,,110,0.18,,,
5407.53,0,0,0.025,0,0,,110,0.18,,,
5407.54,0,0,0.025,0,0,,128,0.18,,,
5407.61,0,0,0.025,0,0,,110,0.18,,,
5407.69,0,0,0.025,0,0,,110,0.18,,,
5407.71,0,0,0.025,0,0,,110,0.18,,,
5407.72,0,0,0.025,0,0,,110,0.18,,,
5407.73,0,0,0.025,0,0,,110,0.18,,,
5407.74,0,0,0.025,0,0,,110,0.18,,,
5407.81,0,0,0.025,0,0,,110,0.18,,,
5407.82,0,0,0.025,0,0,,110,0.18,,,
5407.83,0,0,0.025,0,0,,110,0.18,,,
5407.84,0,0,0.025,0,0,,110,0.18,,,
5407.91,0,0,0.025,0,0,,110,0.18,,,
5407.92,0,0,0.025,0,0,,110,0.18,,,
5407.93,0,0,0.025,0,0,,110,0.18,,,
5407.94,0,0,0.025,0,0,,110,0.18,,,
5408.10,0,0,0.025,0,0,,110,0.18,,,
5408.21,0,0,0.025,0,0,,110,0.18,,,
5408.22,0,0,0.025,0,0,,110,0.18,,,
5408.23,0,0,0.025,0,0,,110,0.18,,,
5408.24,0,0,0.025,0,0,,110,0.18,,,
5408.31,0,0,0.025,0,0,,110,0.18,,,
5408.32,0,0,0.025,0,0,,110,0.18,,,
5408.33,0,0,0.025,0,0,,110,0.18,,,
5408.34,0,0,0.025,0,0,,110,0.18,,,
5501.11,0,0,0.025,0,0,,0,0.18,,,
5501.19,0,0,0.025,0,0,,0,0.18,,,
5501.20,0,0,0.025,0,0,,0,0.18,,,
5501.30,0,0,0.025,0,0,,0,0.18,,,
5501.40,0,0,0.025,0,0,,0,0.18,,,
5501.90,0,0,0.025,0,0,,0,0.18,,,
5502.10,0,0,0.025,0,0,,0,0.18,,,
5502.90,0,0,0.025,0,0,,0,0.18,,,
5503.11,0,0,0.025,0,0,,0,0.18,,,
5503.19,0,0,0.025,0,0,,0,0.18,,,
5503.20,0,0,0.025,0,0,,0,0.18,,,
5503.30,0,0,0.025,0,0,,0,0.18,,,
5503.40,0,0,0.025,0,0,,0,0.18,,,
5503.90,0,0,0.025,0,0,,0,0.18,,,
5504.10,0,0,0.025,0,0,,0,0.18,,,
5504.90,0,0,0.025,0,0,,0,0.18,,,
5505.10,0,0,0.025,0,0,,0,0.18,,,
5505.20,0,0,0.025,0,0,,0,0.18,,,
5506.10,0,0,0.025,0,0,,0,0.18,,,
5506.20,0,0,0.025,0,0,,0,0.18,,,
5506.30,0,0,0.025,0,0,,0,0.18,,,
5506.40,0,0,0.025,0,0,,0,0.18,,,
5506.90,0,0,0.025,0,0,,0,0.18,,,
5507.00,0,0,0.025,0,0,,0,0.18,,,
5508.10,0,0.16,0.025,0,0,,0,0.18,,,
5508.20,0,0.16,0.025,0,0,,0,0.18,,,
5509.11,0,0,0.025,0,0,,0,0,,,
5509.12,0,0,0.025,0,0,,0,0,,,
5509.21,0,0,0.025,0,0,,0,0,,,
5509.22,0,0,0.025,0,0,,0,0,,,
5509.31,0,0,0.025,0,0,,0,0,,,
5509.32,0,0,0.025,0,0,,0,0,,,
5509.41,0,0,0.025,0,0,,0,0,,,
5509.42,0,0,0.025,0,0,,0,0,,,
5509.51,0,0,0.025,0,0,,0,0,,,
5509.52,0,0,0.025,0,0,,0,0,,,
5509.53,0,0,0.025,0,0,,0,0,,,
5509.59,0,0,0.025,0,0,,0,0,,,
5509.61,0,0,0.025,0,0,,0,0,,,
5509.62,0,0,0.025,0,0,,0,0,,,
5509.69,0,0,0.025,0,0,,0,0,,,
5509.91,0,0,0.025,0,0,,0,0,,,
5509.92,0,0,0.025,0,0,,0,0,,,
5509.99,0,0,0.025,0,0,,0,0,,,
5510.11,0,0,0.025,0,0,,0,0,,,
5510.12,0,0,0.025,0,0,,0,0,,,
5510.20,0,0,0.025,0,0,,0,0,,,
5510.30,0,0,0.025,0,0,,0,0,,,
5510.90,0,0,0.025,0,0,,0,0,,,
5511.10,0,0,0.025,0,0,,0,0.18,,,
5511.20,0,0,0.025,0,0,,0,0.18,,,
5511.30,0,0,0.025,0,0,,0,0.18,,,
5512.11,0,0,0.025,0,0,,110,0.18,,,
5512.19,0,0,0.025,0,0,,110,0.18,,,
5512.21,0,0,0.025,0,0,,110,0.18,,,
5512.29,0,0,0.025,0,0,,110,0.18,,,
5512.91,0,0,0.025,0,0,,110,0.18,,,
5512.99,0,0,0.025,0,0,,110,0.18,,,
5513.11,0,0,0.025,0,0,,110,0.18,,,
5513.12,0,0,0.025,0,0,,110,0.18,,,
5513.13,0,0,0.025,0,0,,110,0.18,,,
5513.19,0,0,0.025,0,0,,110,0.18,,,
5513.21,0,0,0.025,0,0,,110,0.18,,,
5513.23,0,0,0.025,0,0,,110,0.18,,,
5513.29,0,0,0.025,0,0,,110,0.18,,,
5513.31,0,0,0.025,0,0,,110,0.18,,,
5513.39,0,0,0.025,0,0,,110,0.18,,,
5513.41,0,0,0.025,0,0,,110,0.18,,,
5513.49,0,0,0.025,0,0,,110,0.18,,,
5514.11,0,0,0.025,0,0,,110,0.18,,,
5514.12,0,0,0.025,0,0,,110,0.18,,,
5514.19,0,0,0.025,0,0,,110,0.18,,,
5514.21,0,0,0.025,0,0,,110,0.18,,,
5514.22,0,0,0.025,0,0,,110,0.18,,,
5514.23,0,0,0.025,0,0,,110,0.18,,,
5514.29,0,0,0.025,0,0,,110,0.18,,,
5514.30,0,0,0.025,0,0,,110,0.18,,,
5514.41,0,0,0.025,0,0,,110,0.18,,,
5514.42,0,0,0.025,0,0,,110,0.18,,,
5514.43,0,0,0.025,0,0,,110,0.18,,,
5514.49,0,0,0.025,0,0,,110,0.18,,,
5515.11,0,0,0.025,0,0,,110,0.18,,,
5515.12,0,0,0.025,0,0,,110,0.18,,,
5515.13,0,0,0.025,0,0,,110,0.18,,,
5515.19,0,0,0.025,0,0,,110,0.18,,,
5515.21,0,0,0.025,0,0,,110,0.18,,,
5515.22,0,0,0.025,0,0,,110,0.18,,,
5515.29,0,0,0.025,0,0,,110,0.18,,,
5515.91,0,0,0.025,0,0,,110,0.18,,,
5515.99,0,0,0.025,0,0,,110,0.18,,,
5516.11,0,0,0.025,0,0,,110,0.18,,,
5516.12,0,0,0.025,0,0,,110,0.18,,,
5516.13,0,0,0.025,0,0,,110,0.18,,,
5516.14,0,0,0.025,0,0,,110,0.18,,,
5516.21,0,0,0.025,0,0,,110,0.18,,,
5516.22,0,0,0.025,0,0,,128,0.18,,,
5516.23,0,0,0.025,0,0,,110,0.18,,,
5516.24,0,0,0.025,0,0,,110,0.18,,,
5516.31,0,0,0.025,0,0,,110,0.18,,,
5516.32,0,0,0.025,0,0,,110,0.18,,,
5516.33,0,0,0.025,0,0,,110,0.18,,,
5516.34,0,0,0.025,0,0,,110,0.18,,,
5516.41,0,0,0.025,0,0,,110,0.18,,,
5516.42,0,0,0.025,0,0,,110,0.18,,,
5516.43,0,0,0.025,0,0,,110,0.18,,,
5516.44,0,0,0.025,0,0,,110,0.18,,,
5516.91,0,0,0.025,0,0,,110,0.18,,,
5516.92,0,0,0.025,0,0,,110,0.18,,,
5516.93,0,0,0.025,0,0,,110,0.18,,,
5516.94,0,0,0.025,0,0,,110,0.18,,,
5601.21,0,0.16,0.025,0,0,,110,0.18,,,
5601.22,0,0.16,0.025,0,0,,110,0.18,,,
5601.29,0,0.16,0.025,0,0,,110,0.18,,,
5601.30,0,0.16,0.025,0,0,,110,0.18,,,
5602.10,0,0.16,0.025,0,0,,0,0.18,,,
5602.21,0,0.16,0.025,0,0,,0,0.18,,,
5602.29,0,0.16,0.025,0,0,,0,0.18,,,
5602.90,0,0.16,0.025,0,0,,0,0.18,,,
5603.11,0,0.16,0.025,0,0,,0,0.18,,,
5603.12,0,0.16,0.025,0,0,,0,0.18,,,
5603.13,0,0.16,0.025,0,0,,0,0.18,,,
5603.14,0,0.16,0.025,0,0,,0,0.18,,,
5603.91,0,0.16,0.025,0,0,,0,0.18,,,
5603.92,0,0.16,0.025,0,0,,0,0.18,,,
5603.93,0,0.16,0.025,0,0,,0,0.18,,,
5603.94,0,0.16,0.025,0,0,,0,0.18,,,
5604.10,0,0,0.025,0,0,,0,0.18,,,
5604.90,0,0,0.025,0,0,,0,0.18,,,
5605.00,0,0,0.025,0,0,,0,0.18,,,
5606.00,0,0,0.025,0,0,,0,0.18,,,
5607.21,0.2,0,0.025,0,0,,0,0.18,,,
5607.29,0,0,0.025,0,0,,0,0.18,,,
5607.41,0,0.1,0.025,0.08,0,20% or Rs.120/- per kg | 8% or Rs.30/= per kg,0,0.18,,,
5607.49,0,0,0,0,0,,0,0,,,
5607.49.10,0,0.16,0.025,0,0,10% or Rs.30/- per kg,0,0.18,,,
5607.49.90,0,0.1,0.025,0.08,0,20% or Rs.60/- per kg | 8% or Rs.30/= per kg,0,0.18,,,
5607.50,0,0,0,0,0,,0,0,,,
5607.50.10,0,0.16,0.025,0,0,6.67% or Rs. 27/- per kg | 10% or Rs. 30/- per kg,0,0.18,,,
5607.50.90,0,0.16,0.025,0.08,0,20% or Rs.300/- per kg | 8% or Rs.80/= per kg,0,0.18,,,
5607.90,0,0,0,0,0,,0,0,,,
5607.90.10,0,0,0.025,0,0,,0,0.18,,,
5607.90.20,0,0,0.025,0.1,0,16.67% or Rs. 44/- per kg | 10% or Rs.50/= per kg,0,0.18,,,
5607.90.30,0,0,0.025,0.08,0,20% or Rs.45/- per kg | 8% or Rs.13/= per kg,0,0.18,,,
5607.90.40,0,0,0.025,0.08,0,16.67% or Rs. 30/- per kg | 20% or Rs.80/- per kg | 8% or Rs.23/= per kg,0,0.18,,,
5607.90.90,0,0.16,0.025,0.08,0,20% or Rs.130/- per kg | 8% or Rs.35/= per kg,0,0.18,,,
5608.11,0,0,0,0,0,,0,0,,,
5608.11.10,0,0,0.025,0,0,10% or Rs.370/- per kg,0,0.18,,,
5608.11.90,0,0.1,0.025,0,0,20% or Rs.735/- per kg,0,0.18,,,
5608.19,0,0,0.025,0,0,,0,0,,,
5608.19.10,0,0.1,0.025,0.08,0,20% or Rs.120/- per kg | 8% or Rs.30/= per kg,0,0.18,,,
5608.19.20,0,0.1,0.025,0.08,0,20% or Rs.120/- per kg | 8% or Rs.30/= per kg,0,0.18,,,
5608.19.90,0,0.1,0.025,0.08,0,20% or Rs.120/- per kg | 8% or Rs.30/= per kg,0,0.18,,,
5608.90,0,0.1,0.025,0.08,0,20% or Rs.150/- per kg | 8% or Rs.30/= per kg,0,0.18,,,
5609.00,0,0.16,0.025,0,0,10% or Rs.30/- per kg,0,0.18,,,
5701.10,0,0.16,0.025,0.4,0,18% or Rs.3240/- per m2 | 5% or Rs.899/- per m2 | 4.5% or Rs.809/- per m2 | 20% or Rs.3600/- per m2 | 20% or RS. 40/= per kg,0,0.18,,,
5701.90,0,0,0,0,0,,0,0,,,
5701.90.10,0,0,0.025,0.4,0,15% or Rs.503/- per m2 | 5% or Rs.166/- per m2 | 4.5% or Rs.150/- per m2 | 20% or Rs.670/- per m2 | 20% or RS. 40/= per kg,0,0.18,,,
5701.90.20,0,0,0.025,0.4,0,15% or Rs.503/- per m2 | 5% or Rs.166/- per m3 | 4.5% or Rs.150/- per m3 | 20% or Rs.670/- per m2 | 20% or RS. 40/= per kg,0,0.18,,,
5701.90.90,0,0.16,0.025,0.4,0,15% or Rs.143/- per m2 | 5% or Rs.45/- per m2 | 4.5% or Rs.41/- per m2 | 20% or Rs.190/- per m2 | 20% or RS. 40/= per kg,0,0.18,,,
5702.10,0,0.16,0.025,0,0,5% or Rs.200/- per m2 | 4.5% or Rs.182/- per m2 | 20% or Rs.535/- per m2,0,0.18,,,
5702.20,0,0,0,0,0,,0,0,,,
5702.20.10,0,0.16,0.025,0.4,0,5% or Rs.68/- per m2 | 4.5% or Rs.61/- per m2 | 20% or Rs.270/- per m2 | 20% or RS. 80/= per kg,0,0.18,,,
5702.20.20,0.295,0.16,0.025,0,0,,0,0.18,,,
5702.20.90,0,0.16,0.025,0,0,5% or Rs.68/- per m2 | 4.5% or Rs.61/- per m2 | 20% or Rs.180/- per m2,0,0.18,,,
5702.31,0,0.16,0.025,0,0,5% or Rs.1000/- per m2 | 4.5% or Rs.909/- per m2 | 20% or Rs.2670/- per m2,0,0.18,,,
5702.32,0.295,0.16,0.025,0,0,,0,0.18,,,
5702.39,0,0,0,0,0,,0,0,,,
5702.39.10,0.445,0,0.025,0,0,,0,0.18,,,
5702.39.90,0,0.16,0.025,0,0,15% or Rs.60/- per m2 | 5% or Rs.32/- per m2 | 4.5% or Rs.32/- per m2 | 20% or Rs.80/- per m2,0,0.18,,,
5702.41,0,0.16,0.025,0,0,5% or Rs. 2376/- per m2 | 4.5% or Rs. 2209/- per m2 | 20% or Rs. 6335/- per m2,0,0.18,,,
5702.42,0,0,0.025,0,0,18% or Rs. 1980/- per m2 | 5% or Rs.826/- per m2 | 4.5% or Rs.750/- per m2 | 20% or Rs.2200/- per m2,0,0.18,,,
5702.49,0,0.16,0.025,0,0,15% or Rs.90/- per m2 | 5% or Rs.45/- per m2 | 4.5% or Rs.41/- per m2 | 20% or Rs.120/- per m2,0,0.18,,,
5702.50,0,0,0,0,0,,0,0,,,
5702.50.10,0.295,0,0.025,0,0,,0,0.18,,,
5702.50.20,0.295,0,0.025,0,0,,0,0.18,,,
5702.50.90,0,0,0.025,0,0,15% or Rs.173/- per m2 | 5% or Rs.86/- per m2 | 4.5% or Rs.82/- per m2 | 20% or Rs.230/- per m2,0,0.18,,,
5702.91,0.295,0,0.025,0,0,,0,0.18,,,
5702.92,0.295,0.16,0.025,0,0,,0,0.18,,,
5702.99,0,0,0.025,0,0,15% or Rs.330/- per m2 | 5% or Rs.166/- per m2 | 4.5% or Rs.150/- per m2 | 20% or Rs.440/- per m2,0,0.18,,,
5703.10,0,0.16,0.025,0,0,18% or Rs. 1980/- per m2 | 5% or Rs.826/- per m2 | 4.5% or Rs.750/- per m2 | 20% or Rs.2200/- per m2,0,0.18,,,
5703.21,0,0,0.025,0,0,5% or Rs.95/- per m2 | 4.5% or Rs.91/- per m2 | 20% or Rs.255/- per m2,0,0.18,,,
5703.29,0,0,0.025,0,0,5% or Rs.95/- per m2 | 4.5% or Rs.91/- per m2 | 20% or Rs.255/- per m2,0,0.18,,,
5703.31,0,0,0.025,0,0,18% or Rs. 216/- per m2 | 5% or Rs.90/- per m2 | 4.5% or Rs.82/- per m2 | 20% or Rs.240/- per m2,0,0.18,,,
5703.39,0,0,0.025,0,0,18% or Rs. 216/- per m2 | 5% or Rs.90/- per m2 | 4.5% or Rs.82/- per m2 | 20% or Rs.240/- per m2,0,0.18,,,
5703.90,0,0,0,0,0,,0,0,,,
5703.90.10,0,0.16,0.025,0,0,18% or Rs. 698/- per m2 | 5% or Rs.290/- per m2 | 4.5% or Rs.264/- per m2 | 20% or Rs.775/- per m2,0,0.18,,,
5703.90.90,0,0.16,0.025,0,0,18% or Rs. 72/- per m2 | 5% or Rs.32/- per m2 | 4.5% or Rs.32/- per m2 | 20% or Rs.80/- per m2,0,0.18,,,
5704.10,0.295,0.16,0.025,0,0,,0,0.18,,,
5704.20,0,0.16,0.025,0,0,5% or Rs.45/- per m2 | 4.5% or Rs. 41/- per m2 | 20% or Rs.120/- per m2,0,0.18,,,
5704.90,0,0,0,0,0,,0,0,,,
5704.90.10,0,0,0.025,0,0,5% or Rs.45/- per m2 | 4.5% or Rs.41/- per m2 | 20% or Rs.120/- per m2,0,0.18,,,
5704.90.90,0,0.16,0.025,0,0,5% or Rs.45/- per m2 | 4.5% or Rs.41/- per m2 | 20% or Rs.120/- per m2,0,0.18,,,
5705.00,0,0.16,0.025,0.15,0,18% or Rs. 50/- per m2 | 5% or Rs.14/- per m2 | 4.5% or Rs.11/- per m2 | 20% or Rs.55/- per m2,0,0.18,,,
5801.10,0,0,0.025,0,0,,110,0.18,,,
5801.21,0,0,0.025,0,0,,110,0.18,,,
5801.22,0,0,0.025,0,0,,110,0.18,,,
5801.23,0,0,0.025,0,0,,110,0.18,,,
5801.26,0,0,0.025,0,0,,110,0.18,,,
5801.27,0,0,0.025,0,0,,110,0.18,,,
5801.31,0,0,0.025,0,0,,110,0.18,,,
5801.32,0,0,0.025,0,0,,110,0.18,,,
5801.33,0,0,0.025,0,0,,110,0.18,,,
5801.36,0,0,0.025,0,0,,110,0.18,,,
5801.37,0,0,0.025,0,0,,110,0.18,,,
5801.90,0,0,0.025,0,0,,110,0.18,,,
5802.10,0,0,0.025,0,0,,135,0.18,,,
5802.20,0,0,0.025,0,0,,110,0.18,,,
5802.30,0,0,0.025,0,0,,110,0.18,,,
5803.00,0,0.1,0.025,0,0,10% or Rs.335/- per kg,0,0.18,,,
5804.10,0,0,0,0,0,,0,0,,,
5804.10.11,0,0,0.025,0,0,5% or Rs. 220/- per kg | 5% or Rs. 220/- per kg | 10% or Rs.440/- per kg,0,0.18,,,
5804.10.19,0.095,0.16,0.025,0,0,,210,0.18,,,
5804.10.90,0,0.1,0.025,0,0,5% or Rs.101/- per kg | 4.5% or Rs.91/- per kg | 10% or Rs.200/- per kg,0,0.18,,,
5804.21,0,0,0.025,0,0,,128,0.18,,,
5804.29,0,0,0.025,0,0,,110,0.18,,,
5804.30,0,0,0.025,0,0,,110,0.18,,,
5805.00,0,0,0.025,0,0,,90,0.18,,,
5806.10,0,0,0.025,0,0,,110,0.18,,,
5806.20,0,0,0.025,0,0,,110,0.18,,,
5806.31,0,0,0.025,0,0,,110,0.18,,,
5806.32,0,0,0.025,0,0,,110,0.18,,,
5806.39,0,0,0.025,0,0,,110,0.18,,,
5806.40,0,0,0.025,0,0,,110,0.18,,,
5807.10,0,0.16,0.025,0,0,,73,0.18,,,
5807.90,0,0.16,0.025,0,0,,73,0.18,,,
5808.10,0,0.16,0.025,0,0,,73,0.18,,,
5808.90,0,0.16,0.025,0,0,,73,0.18,,,
5809.00,0,0,0.025,0,0,,180,0.18,,,
5810.10,0,0.16,0.025,0,0,,73,0.18,,,
5810.91,0,0.16,0.025,0,0,,73,0.18,,,
5810.92,0,0.16,0.025,0,0,,82,0.18,,,
5810.99,0,0.16,0.025,0,0,,73,0.18,,,
5811.00,0,0,0.025,0,0,,110,0.18,,,
5901.10,0,0.16,0.025,0,0,,110,0.18,,,
5901.90,0,0.16,0.025,0,0,,110,0.18,,,
5902.10,0,0.16,0.025,0,0,,0,0.18,,,
5902.20,0,0.16,0.025,0,0,,0,0.18,,,
5902.90,0,0.16,0.025,0,0,,0,0.18,,,
5903.10,0,0,0,0,0,,0,0,,,
5903.10.10,0,0.16,0,0,0,,230,0.18,,,
5903.10.90,0.1,0.16,0,0,0,,0,0.18,,,
5903.20,0,0,0,0,0,,0,0,,,
5903.20.10,0,0.16,0,0,0,,230,0.18,,,
5903.20.90,0,0.16,0,0,0,,0,0.18,,,
5903.90,0,0,0,0,0,,0,0,,,
5903.90.10,0,0.16,0.025,0,0,,230,0.18,,,
5903.90.90,0,0.16,0,0,0,,0,0.18,,,
5904.10,0,0,0.025,0,0,,0,0.18,,,
5904.90,0,0,0.025,0,0,,0,0.18,,,
5905.00,0,0.16,0.025,0,0,,0,0.18,,,
5906.10,0,0.16,0.025,0,0,,0,0.18,,,
5906.91,0,0,0.025,0,0,,0,0.18,,,
5906.99,0,0.16,0.025,0,0,,0,0.18,,,
5907.00,0,0.16,0.025,0,0,,55,0.18,,,
5908.00,0,0,0.025,0,0,5% or Rs.73/- per kg | 4.5% or Rs.70/- per kg | 10% or Rs.100/- per kg,0,0.18,,,
5909.00,0,0.16,0.025,0,0,,0,0.18,,,
5910.00,0,0.16,0.025,0,0,,0,0.18,,,
5911.10,0,0.16,0.025,0,0,,0,0.18,,,
5911.20,0,0.16,0.025,0,0,,0,0.18,,,
5911.31,0,0,0.025,0,0,,0,0.18,,,
5911.32,0,0.16,0.025,0,0,,0,0.18,,,
5911.40,0,0.16,0.025,0,0,,0,0.18,,,
5911.90,0,0.16,0.025,0,0,,0,0.18,,,
6001.10,0,0,0.025,0,0,,128,0.18,,,
6001.21,0,0,0.025,0,0,,110,0.18,,,
6001.22,0,0,0.025,0,0,,110,0.18,,,
6001.29,0,0,0.025,0,0,,110,0.18,,,
6001.91,0,0,0.025,0,0,,110,0.18,,,
6001.92,0,0,0.025,0,0,,110,0.18,,,
6001.99,0,0,0.025,0,0,,110,0.18,,,
6002.40,0,0,0.025,0,0,,110,0.18,,,
6002.90,0,0,0.025,0,0,,110,0.18,,,
6003.10,0,0,0.025,0,0,,110,0.18,,,
6003.20,0,0,0.025,0,0,,110,0.18,,,
6003.30,0,0,0.025,0,0,,110,0.18,,,
6003.40,0,0,0.025,0,0,,110,0.18,,,
6003.90,0,0,0.025,0,0,,110,0.18,,,
6004.10,0,0,0.025,0,0,,110,0.18,,,
6004.90,0,0,0.025,0,0,,110,0.18,,,
6005.21,0,0,0.025,0,0,,110,0.18,,,
6005.22,0,0,0.025,0,0,,110,0.18,,,
6005.23,0,0,0.025,0,0,,110,0.18,,,
6005.24,0,0,0.025,0,0,,110,0.18,,,
6005.35,0,0,0.025,0,0,,110,0.18,,,
6005.36,0,0,0.025,0,0,,110,0.18,,,
6005.37,0,0,0.025,0,0,,110,0.18,,,
6005.38,0,0,0.025,0,0,,110,0.18,,,
6005.39,0,0,0.025,0,0,,110,0.18,,,
6005.41,0,0,0.025,0,0,,110,0.18,,,
6005.42,0,0,0.025,0,0,,110,0.18,,,
6005.43,0,0,0.025,0,0,,110,0.18,,,
6005.44,0,0,0.025,0,0,,110,0.18,,,
6005.90,0,0,0.025,0,0,,110,0.18,,,
6006.10,0,0,0.025,0,0,,110,0.18,,,
6006.21,0,0,0.025,0,0,,110,0.18,,,
6006.22,0,0,0.025,0,0,,110,0.18,,,
6006.23,0,0,0.025,0,0,,110,0.18,,,
6006.24,0,0,0.025,0,0,,110,0.18,,,
6006.31,0,0,0.025,0,0,,110,0.18,,,
6006.32,0,0,0.025,0,0,,110,0.18,,,
6006.33,0,0,0.025,0,0,,110,0.18,,,
6006.34,0,0,0.025,0,0,,110,0.18,,,
6006.41,0,0,0.025,0,0,,110,0.18,,,
6006.42,0,0,0.025,0,0,,128,0.18,,,
6006.43,0,0,0.025,0,0,,110,0.18,,,
6006.44,0,0,0.025,0,0,,110,0.18,,,
6006.90,0,0,0.025,0,0,,110,0.18,,,
6101.20,0.095,0,0.025,0,0,12% or Rs.160/= per unit,200,0.18,,,
6101.30,0.095,0,0.025,0,0,12% or Rs.160/= per unit,200,0.18,,,
6101.90,0.095,0,0.025,0,0,12% or Rs.160/= per unit,200,0.18,,,
6102.10,0.095,0,0.025,0,0,12% or Rs.160/= per unit,300,0.18,,,
6102.20,0.095,0,0.025,0,0,12% or Rs.160/= per unit,300,0.18,,,
6102.30,0.095,0,0.025,0,0,12% or Rs.160/= per unit,300,0.18,,,
6102.90,0.095,0,0.025,0,0,12% or Rs.160/= per unit,300,0.18,,,
6103.10,0.095,0,0.025,0,0,12% or Rs.160/= per unit,300,0.18,,,
6103.22,0.095,0,0.025,0,0,12% or Rs.160/= per unit,300,0.18,,,
6103.23,0.095,0,0.025,0,0,12% or Rs.160/= per unit,300,0.18,,,
6103.29,0.095,0,0.025,0,0,12% or Rs.160/= per unit,300,0.18,,,
6103.31,0.095,0,0.025,0,0,12% or Rs.160/= per unit,300,0.18,,,
6103.32,0.095,0,0.025,0,0,12% or Rs.160/= per unit,300,0.18,,,
6103.33,0.095,0,0.025,0,0,12% or Rs.160/= per unit,300,0.18,,,
6103.39,0.095,0,0.025,0,0,12% or Rs.160/= per unit,300,0.18,,,
6103.41,0.095,0,0.025,0,0,12% or Rs.160/= per unit,300,0.18,,,
6103.42,0.095,0,0.025,0,0,12% or Rs.160/= per unit,390,0.18,,,
6103.43,0.095,0,0.025,0,0,12% or Rs.160/= per unit,390,0.18,,,
6103.49,0.095,0,0.025,0,0,12% or Rs.160/= per unit,390,0.18,,,
6104.13,0.095,0,0.025,0,0,12% or Rs.160/= per unit,300,0.18,,,
6104.19,0.095,0,0.025,0,0,12% or Rs.160/= per unit,300,0.18,,,
6104.22,0.095,0,0.025,0,0,12% or Rs.160/= per unit,300,0.18,,,
6104.23,0.095,0,0.025,0,0,12% or Rs.160/= per unit,300,0.18,,,
6104.29,0.095,0,0.025,0,0,12% or Rs.160/= per unit,300,0.18,,,
6104.31,0.095,0,0.025,0,0,12% or Rs.160/= per unit,300,0.18,,,
6104.32,0.095,0,0.025,0,0,12% or Rs.160/= per unit,300,0.18,,,
6104.33,0.095,0,0.025,0,0,12% or Rs.160/= per unit,300,0.18,,,
6104.39,0.095,0,0.025,0,0,12% or Rs.160/= per unit,300,0.18,,,
6104.41,0.095,0,0.025,0,0,12% or Rs.160/= per unit,300,0.18,,,
6104.42,0.095,0,0.025,0,0,12% or Rs.160/= per unit,300,0.18,,,
6104.43,0.095,0,0.025,0,0,12% or Rs.160/= per unit,300,0.18,,,
6104.44,0.095,0,0.025,0,0,12% or Rs.160/= per unit,300,0.18,,,
6104.49,0.095,0,0.025,0,0,12% or Rs.160/= per unit,300,0.18,,,
6104.51,0.095,0,0.025,0,0,12% or Rs.160/= per unit,300,0.18,,,
6104.52,0.095,0,0.025,0,0,12% or Rs.160/= per unit,300,0.18,,,
6104.53,0.095,0,0.025,0,0,12% or Rs.160/= per unit,300,0.18,,,
6104.59,0.095,0,0.025,0,0,12% or Rs.160/= per unit,300,0.18,,,
6104.61,0.095,0,0.025,0,0,12% or Rs.160/= per unit,300,0.18,,,
6104.62,0.095,0,0.025,0,0,12% or Rs.160/= per unit,300,0.18,,,
6104.63,0.095,0,0.025,0,0,12% or Rs.160/= per unit,300,0.18,,,
6104.69,0.095,0,0.025,0,0,12% or Rs.160/= per unit,300,0.18,,,
6105.10,0.095,0,0.025,0,0,12% or Rs.160/= per unit,390,0.18,,,
6105.20,0.095,0,0.025,0,0,12% or Rs.160/= per unit,390,0.18,,,
6105.90,0.095,0,0.025,0,0,12% or Rs.160/= per unit,390,0.18,,,
6106.10,0.095,0,0.025,0,0,12% or Rs.160/= per unit,390,0.18,,,
6106.20,0.095,0,0.025,0,0,12% or Rs.160/= per unit,390,0.18,,,
6106.90,0.095,0,0.025,0,0,12% or Rs.160/= per unit,390,0.18,,,
6107.11,0.095,0,0.025,0,0,12% or Rs.120/= per unit,292.5,0.18,,,
6107.12,0.095,0,0.025,0,0,12% or Rs.120/= per unit,225,0.18,,,
6107.19,0.095,0,0.025,0,0,12% or Rs.120/= per unit,225,0.18,,,
6107.21,0.095,0,0.025,0,0,12% or Rs.120/= per unit,292.5,0.18,,,
6107.22,0.095,0,0.025,0,0,12% or Rs.120/= per unit,292.5,0.18,,,
6107.29,0.095,0,0.025,0,0,12% or Rs.120/= per unit,292.5,0.18,,,
6107.91,0.095,0,0.025,0,0,12% or Rs.120/= per unit,225,0.18,,,
6107.99,0.095,0,0.025,0,0,12% or Rs.120/= per unit,225,0.18,,,
6108.11,0.095,0,0.025,0,0,12% or Rs.120/= per unit,225,0.18,,,
6108.19,0.095,0,0.025,0,0,12% or Rs.120/= per unit,225,0.18,,,
6108.21,0.095,0,0.025,0,0,12% or Rs.120/= per unit,225,0.18,,,
6108.22,0.095,0,0.025,0,0,12% or Rs.120/= per unit,225,0.18,,,
6108.29,0.095,0,0.025,0,0,12% or Rs.120/= per unit,225,0.18,,,
6108.31,0.095,0,0.025,0,0,12% or Rs.120/= per unit,292.5,0.18,,,
6108.32,0.095,0,0.025,0,0,12% or Rs.120/= per unit,292.5,0.18,,,
6108.39,0.095,0,0.025,0,0,12% or Rs.120/= per unit,292.5,0.18,,,
6108.91,0.095,0,0.025,0,0,12% or Rs.120/= per unit,225,0.18,,,
6108.92,0.095,0,0.025,0,0,12% or Rs.120/= per unit,225,0.18,,,
6108.99,0.095,0,0.025,0,0,12% or Rs.120/= per unit,225,0.18,,,
6109.10,0.095,0,0.025,0,0,12% or Rs.160/= per unit,480,0.18,,,
6109.90,0.095,0,0.025,0,0,12% or Rs.160/= per unit,395,0.18,,,
6110.11,0.095,0,0.025,0,0,12% or Rs.160/= per unit,300,0.18,,,
6110.12,0.095,0,0.025,0,0,12% or Rs.160/= per unit,300,0.18,,,
6110.19,0.095,0,0.025,0,0,12% or Rs.160/= per unit,300,0.18,,,
6110.20,0.095,0,0.025,0,0,12% or Rs.160/= per unit,390,0.18,,,
6110.30,0.095,0,0.025,0,0,12% or Rs.160/= per unit,390,0.18,,,
6110.90,0.095,0,0.025,0,0,12% or Rs.160/= per unit,390,0.18,,,
6111.20,0.095,0,0.025,0,0,12% or Rs.120/= per Unit,225,0.18,,,
6111.30,0.095,0,0.025,0.12,0,,225,0.18,,,
6111.90,0.095,0,0.025,0,0,per Unit 12% or Rs.120/= per Unit,225,0.18,,,
6112.11,0.095,0,0.025,0,0,12% or Rs.120/= per unit,225,0.18,,,
6112.12,0.095,0,0.025,0.12,0,,225,0.18,,,
6112.19,0.095,0,0.025,0.12,0,,300,0.18,,,
6112.20,0.095,0,0.025,0,0,12% or Rs.160/= per unit,300,0.18,,,
6112.31,0.095,0,0.025,0,0,12% or Rs.160/= per unit,300,0.18,,,
6112.39,0.095,0,0.025,0,0,12% or Rs.160/= per unit,300,0.18,,,
6112.41,0.095,0,0.025,0,0,12% or Rs.160/= per unit,300,0.18,,,
6112.49,0.095,0,0.025,0,0,12% or Rs.160/= per unit,300,0.18,,,
6113.00,0.095,0,0.025,0.12,0,12% or Rs.160/= per kg,390,0.18,,,
6114.20,0.095,0,0.025,0.12,0,12% or Rs.120/= per kg,292.5,0.18,,,
6114.30,0.095,0,0.025,0.12,0,12% or Rs.120/= per kg,225,0.18,,,
6114.90,0.095,0,0.025,0.12,0,12% or Rs.120/= per kg,225,0.18,,,
6115.10,0.095,0,0.025,0,0,,1450,0.18,,,
6115.21,0.095,0,0.025,0,0,,1450,0.18,,,
6115.22,0.095,0,0.025,0,0,,1450,0.18,,,
6115.29,0.095,0,0.025,0,0,,1450,0.18,,,
6115.30,0.095,0,0.025,0,0,,1450,0.18,,,
6115.94,0.095,0,0.025,0.12,0,12% or Rs.600/= per kg,1125,0.18,,,
6115.95,0.095,0,0.025,0.12,0,12% or Rs.600/= per kg,1125,0.18,,,
6115.96,0.095,0,0.025,0.12,0,12% or Rs.600/= per kg,1125,0.18,,,
6115.99,0.095,0,0.025,0.12,0,12% or Rs.600/= per kg,1125,0.18,,,
6116.10,0.095,0,0.025,0.12,0,12% or Rs.120/= per kg,225,0.18,,,
6116.91,0.095,0,0.025,0.12,0,12% or Rs.120/= per kg,225,0.18,,,
6116.92,0.095,0,0.025,0.12,0,12% or Rs.120/= per kg,293,0.18,,,
6116.93,0.095,0,0.025,0.12,0,12% or Rs.120/= per kg,225,0.18,,,
6116.99,0.095,0,0.025,0.12,0,12% or Rs.120/= per kg,225,0.18,,,
6117.10,0.095,0,0.025,0.12,0,12% or Rs.120/= per kg,225,0.18,,,
6117.80,0,0,0,0,0,,0,0,,,
6117.80.10,0.095,0,0.025,0.12,0,12% or Rs.120/= per kg,293,0.18,,,
6117.80.20,0.095,0,0.025,0.12,0,12% or Rs.120/= per kg,225,0.18,,,
6117.80.90,0,0,0.025,0.12,0,12% or Rs.120/= per kg,225,0.18,,,
6117.90,0.2,0,0.025,0,0,,0,0.18,,,
6201.20,0.095,0,0.025,0,0,12% or RS.160/= per unit,0,0.18,,,
6201.30,0.095,0,0.025,0,0,12% or RS.160/= per unit,0,0.18,,,
6201.40,0.095,0,0.025,0,0,12% or RS.160/= per unit,0,0.18,,,
6201.90,0.095,0,0.025,0,0,12% or RS.160/= per unit,0,0.18,,,
6202.20,0.095,0,0.025,0,0,12% or RS.160/= per unit,0,0.18,,,
6301.10,0.095,0,0.025,0,0,12% or Rs.160/= per unit,300,0.18,,,
6301.20,0.095,0,0.025,0.12,0,12% or Rs.160/= per kg,300,0.18,,,
6301.30,0.095,0,0.025,0.12,0,12% or Rs.160/= per kg,300,0.18,,,
6301.40,0.095,0,0.025,0.12,0,12% or Rs.160/= per kg,300,0.18,,,
6301.90,0.095,0,0.025,0.12,0,12% or Rs.160/= per kg,300,0.18,,,
6302.10,0.095,0.1,0.025,0.12,0,12% or Rs.160/= per kg,468,0.18,,,
6302.21,0,0,0,0,0,,0,0,,,
6302.21.11,0.095,0,0.025,0.12,0,12% or Rs.160/= per kg,468,0.18,,,
6302.21.19,0.095,0,0.025,0.12,0,12% or Rs.160/= per kg,468,0.18,,,
6302.21.20,0.095,0,0.025,0.12,0,12% or Rs.160/= per kg,468,0.18,,,
6302.21.90,0.095,0,0.025,0.12,0,12% or Rs.160/= per kg,468,0.18,,,
6302.22,0,0,0,0,0,,0,0,,,
6302.22.11,0.095,0,0.025,0.12,0,12% or Rs.160/= per kg,468,0.18,,,
6302.22.19,0.095,0,0.025,0.12,0,12% or Rs.160/= per kg,468,0.18,,,
6302.22.20,0.095,0,0.025,0.12,0,12% or Rs.160/= per kg,468,0.18,,,
6302.22.90,0.095,0,0.025,0.12,0,12% or Rs.160/= per kg,468,0.18,,,
6302.29,0,0,0,0,0,,0,0,,,
6302.29.11,0.095,0,0.025,0.12,0,12% or Rs.160/= per kg,468,0.18,,,
6302.29.19,0.095,0,0.025,0.12,0,12% or Rs.160/= per kg,468,0.18,,,
6302.29.20,0.095,0,0.025,0.12,0,12% or Rs.160/= per kg,468,0.18,,,
6302.29.90,0.095,0,0.025,0.12,0,12% or Rs.160/= per kg,468,0.18,,,
6302.31,0,0,0,0,0,,0,0,,,
6302.31.10,0.095,0,0.025,0.12,0,12% or Rs.160/= per kg,468,0.18,,,
6302.31.90,0.095,0,0.025,0.12,0,12% or Rs.160/= per kg,468,0.18,,,
6302.32,0,0,0,0,0,,0,0,,,
6302.32.10,0.095,0,0.025,0.12,0,12% or Rs.160/= per kg,468,0.18,,,
6302.32.90,0.095,0,0.025,0.12,0,12% or Rs.160/= per kg,468,0.18,,,
6302.39,0,0,0,0,0,,0,0,,,
6302.39.10,0.095,0,0.025,0.12,0,12% or Rs.160/= per kg,300,0.18,,,
6302.39.90,0.095,0,0.025,0.12,0,12% or Rs.160/= per kg,300,0.18,,,
6302.40,0.095,0.1,0.025,0.12,0,12% or Rs.160/= per kg,300,0.18,,,
6302.51,0,0,0,0,0,,0,0,,,
6302.51.11,0.095,0,0.025,0.12,0,12% or Rs.160/= per kg,300,0.18,,,
6302.51.19,0.095,0,0.025,0.12,0,12% or Rs.160/= per kg,300,0.18,,,
6302.51.20,0.095,0,0.025,0.12,0,12% or Rs.160/= per kg,300,0.18,,,
6302.51.90,0.095,0,0.025,0.12,0,12% or Rs.160/= per kg,300,0.18,,,
6302.53,0,0,0,0,0,,0,0,,,
6302.53.11,0.095,0,0.025,0.12,0,12% or Rs.160/= per kg,300,0.18,,,
6302.53.19,0.095,0,0.025,0.12,0,12% or Rs.160/= per kg,300,0.18,,,
6302.53.20,0.095,0,0.025,0.12,0,12% or Rs.160/= per kg,300,0.18,,,
6302.53.90,0.095,0,0.025,0.12,0,12% or Rs.160/= per kg,300,0.18,,,
6302.59,0,0,0,0,0,,0,0,,,
6302.59.11,0.095,0,0.025,0.12,0,12% or Rs.160/= per kg,300,0.18,,,
6302.59.19,0.095,0,0.025,0.12,0,12% or Rs.160/= per kg,300,0.18,,,
6302.59.20,0.095,0,0.025,0.12,0,12% or Rs.160/= per kg,300,0.18,,,
6302.59.90,0.095,0,0.025,0.12,0,12% or Rs.160/= per kg,300,0.18,,,
6302.60,0,0,0,0,0,,0,0,,,
6302.60.10,0.095,0,0.025,0.12,0,12% or Rs.160/= per kg,395,0.18,,,
6302.60.90,0.095,0,0.025,0.12,0,12% or Rs.160/= per kg,395,0.18,,,
6302.91,0,0,0,0,0,,0,0,,,
6302.91.11,0.095,0,0.025,0.12,0,12% or Rs.160/= per kg,300,0.18,,,
6302.91.19,0.095,0,0.025,0.12,0,12% or Rs.160/= per kg,300,0.18,,,
6302.91.20,0.095,0,0.025,0.12,0,12% or Rs.160/= per kg,300,0.18,,,
6302.91.90,0.095,0,0.025,0.12,0,12% or Rs.160/= per kg,300,0.18,,,
6302.93,0,0,0,0,0,,0,0,,,
6302.93.11,0.095,0,0.025,0.12,0,12% or Rs.160/= per kg,300,0.18,,,
6302.93.19,0.095,0,0.025,0.12,0,12% or Rs.160/= per kg,300,0.18,,,
6302.93.20,0.095,0,0.025,0.12,0,12% or Rs.160/= per kg,300,0.18,,,
6302.93.90,0.095,0,0.025,0.12,0,12% or Rs.160/= per kg,300,0.18,,,
6302.99,0,0,0,0,0,,0,0,,,
6302.99.11,0.095,0,0.025,0.12,0,12% or Rs.160/= per kg,300,0.18,,,
6302.99.19,0.095,0,0.025,0.12,0,12% or Rs.160/= per kg,300,0.18,,,
6302.99.20,0.095,0,0.025,0.12,0,12% or Rs.160/= per kg,300,0.18,,,
6302.99.90,0.095,0,0.025,0.12,0,12% or Rs.160/= per kg,300,0.18,,,
6303.12,0.095,0.1,0.025,0.12,0,12% or Rs.120/= per kg,225,0.18,,,
6303.19,0.095,0.1,0.025,0.12,0,12% or Rs.120/= per kg,225,0.18,,,
6303.91,0.095,0.1,0.025,0.12,0,12% or Rs.120/= per kg,225,0.18,,,
6303.92,0.095,0.1,0.025,0,0,,0,0.18,,,
6303.99,0.095,0.1,0.025,0.12,0,12% or Rs.120/= per kg,225,0.18,,,
6304.11,0.095,0.1,0.025,0,0,,0,0.18,,,
6304.19,0,0,0,0,0,,0,0,,,
6304.19.10,0.095,0,0.025,0.12,0,12% or Rs.160/= per kg,384,0.18,,,
6304.19.90,0.095,0,0.025,0.12,0,1 2 % o r Rs.160/= per kg,0,0.18,,,
6304.20,0.095,0.1,0.025,0.12,0,12% or Rs.160/= per kg,384,0.18,,,
6304.91,0.095,0.1,0.025,0.12,0,12% or Rs.160/= per kg,384,0.18,,,
6304.92,0,0,0,0,0,,0,0,,,
6304.92.10,0.095,0,0.025,0.12,0,12% or Rs.160/= per kg,384,0.18,,,
6304.92.90,0.095,0,0.025,0.12,0,1 2 % o r Rs.160/= per kg,0,0.18,,,
6304.93,0,0,0,0,0,,0,0,,,
6304.93.10,0.095,0,0.025,0.12,0,12% or Rs.160/= per kg,384,0.18,,,
6304.93.90,0.095,0,0.025,0.12,0,1 2 % o r Rs.160/= per kg,0,0.18,,,
6304.99,0,0,0,0,0,,0,0,,,
6304.99.10,0.095,0,0.025,0.12,0,12% or Rs.160/= per kg,384,0.18,,,
6304.99.90,0.095,0,0.025,0.12,0,1 2 % o r Rs.160/= per kg,0,0.18,,,
6305.10,0,0,0,0,0,,0,0,,,
6305.10.10,0.245,0.16,0.025,0.35,0,,0,0.18,,,
6305.10.90,0.195,0.16,0.025,0.35,0,,0,0.18,,,
6305.20,0.095,0.16,0.025,0,0,,0,0.18,,,
6305.32,0.095,0.16,0.025,0,0,,50,0.18,,,
6305.33,0.095,0.16,0.025,0.2,0,,50,0.18,,,
6305.39,0.095,0.16,0.025,0.2,0,,50,0.18,,,
6305.90,0.095,0.16,0.025,0.2,0,,50,0.18,,,
6306.12,0.095,0.16,0.025,0.22,0,,0,0.18,,,
6306.19,0.095,0.16,0.025,0.22,0,,0,0.18,,,
6306.22,0.295,0.16,0.025,0.54,0,,0,0.18,,,
6306.29,0.295,0.16,0.025,0.54,0,,0,0.18,,,
6306.30,0.295,0,0.025,0.54,0,,0,0.18,,,
6306.40,0.295,0.16,0.025,0.54,0,,0,0.18,,,
6306.90,0.295,0.16,0.025,0.54,0,,0,0.18,,,
6307.10,0.295,0.16,0.025,0.54,0,,0,0.18,,,
6307.20,0.295,0.16,0.025,0.54,0,,0,0.18,,,
6307.90,0,0,0,0,0,,0,0,,,
6307.90.10,0.395,0,0.025,0.54,0,,0,0.18,,,
6307.90.90,0.395,0.16,0.025,0.54,0,,0,0.18,,,
6308.00,0.095,0.16,0.025,0.24,0,24% or Rs.40/= per kg,75,0.18,,,
6309.00,0,0,0,0,0,,0,0,,,
6309.00.10,0.195,0,0.025,0.39,0,,0,0.18,,,
6309.00.90,0.2,0.16,0.025,0.39,0,,0,0.18,,,
6310.10,0,0,0,0,0,,0,0,,,
6310.10.10,0.195,0,0.025,0.39,0,,0,0.18,,,
6310.10.90,0.195,0.16,0.025,0.39,0,,0,0.18,,,
6310.90,0,0,0,0,0,,0,0,,,
6310.90.10,0.195,0,0.025,0.39,0,,0,0.18,,,
6310.90.90,0.195,0.16,0.025,0.39,0,,0,0.18,,,
6401.10,0,0,0.025,0,0,,1000,0.18,,,
6401.92,0,0,0.025,0,0,,1000,0.18,,,
6401.99,0,0,0.025,0,0,,1000,0.18,,,
6402.12,0,0,0.025,0.12,0,12% or Rs.480/= per pair,1000,0.18,,,
6402.19,0,0,0,0,0,,0,0,,,
6402.19.11,0,0,0.025,0,0,,0,0.18,,,
6402.19.19,0,0,0.025,0,0,,1000,0.18,,,
6402.20,0,0,0.025,0,0,,1000,0.18,,,
6402.91,0.2,0,0.025,0,0,,700,0.18,,,
6402.99,0.2,0,0.025,0,0,,700,0.18,,,
6403.12,0,0,0.025,0.12,0,12% or Rs.480/= per pair,1000,0.18,,,
6403.19,0,0,0,0,0,,0,0,,,
6403.19.11,0,0,0.025,0,0,,0,0.18,,,
6403.19.19,0,0,0.025,0,0,,1000,0.18,,,
6403.20,0,0,0.025,0,0,,1000,0.18,,,
6403.40,0.2,0,0.025,0,0,,700,0.18,,,
6403.51,0.2,0,0.025,0,0,,700,0.18,,,
6403.59,0.2,0,0.025,0,0,,700,0.18,,,
6403.91,0.2,0,0.025,0,0,,700,0.18,,,
6403.99,0.2,0,0.025,0,0,,700,0.18,,,
6404.11,0.2,0,0.025,0,0,,700,0.18,,,
6404.19,0.2,0,0.025,0,0,,700,0.18,,,
6404.20,0.2,0,0.025,0,0,,700,0.18,,,
6405.10,0.2,0,0.025,0,0,,700,0.18,,,
6405.20,0.2,0,0.025,0,0,,700,0.18,,,
6405.90,0.2,0,0.025,0,0,,700,0.18,,,
6406.10,0.2,0.1,0.025,0.1,0,10% or RS.1400/= per kg,0,0.18,,,
6406.20,0,0,0,0,0,,0,0,,,
6406.20.10,0.295,0.1,0.025,0,0,,0,0.18,,,
6406.20.90,0,0.1,0.025,0.15,0,5% or Rs.23/= per pair | 5% or Rs.23/= per pair | 10% or Rs.50/= per pair | 15% or RS.70/= per pair,0,0.18,,,
6406.90,0,0,0,0,0,,0,0,,,
6406.90.10,0.3,0,0.025,0,0,,0,0.18,,,
6406.90.91,0,0.1,0.025,0,0,5% or Rs.23/= per pair | 5% or Rs. 23/= per pair | 20% Rs.95/= per pair,800,0.18,,,
6406.90.99,0.295,0.1,0.025,0,0,,0,0.18,,,
6501.00,0.3,0,0.025,0.05,0,,0,0.18,,,
6502.00,0.48,0,0.025,0.05,0,,0,0.18,,,
6504.00,0,0,0,0,0,,0,0,,,
6504.00.10,0.48,0,0.025,0.1,0,10% or Rs.150/= per kg,0,0.18,,,
6504.00.90,0.48,0,0.025,0.1,0,10% or Rs.150/= per kg,0,0.18,,,
6505.00,0,0,0,0,0,,0,0,,,
6505.00.10,0.45,0.1,0.025,0.1,0,10% or Rs.150/= per kg,0,0.18,,,
6505.00.90,0.3,0.1,0.025,0.1,0,10% or Rs.150/= per kg,0,0.18,,,
6506.10,0,0,0,0,0,,0,0,,,
6506.10.10,0.295,0.16,0.025,0,0,25% or Rs.300/= per unit | 20% or Rs.160/= per unit,0,0.18,,,
6506.10.20,0.295,0.1,0.025,0,0,,250,0.18,,,
6506.10.30,0.295,0.16,0.025,0,0,20% or Rs.160/= per unit,150,0.18,,,
6506.10.40,0.295,0.16,0.025,0,0,20% or Rs.160/= per unit,150,0.18,,,
6506.10.50,0.295,0,0.025,0,0,,150,0.18,,,
6506.10.90,0.295,0.1,0.025,0,0,,150,0.18,,,
6506.91,0,0,0,0,0,,0,0,,,
6506.91.10,0.5,0.16,0.025,0.1,0,,0,0.18,,,
6506.91.90,0.3,0.1,0.025,0.3,0,30% or Rs.200/= per kg,0,0.18,,,
6506.99,0,0,0,0,0,,0,0,,,
6506.99.10,0.5,0.16,0.025,0.1,0,,0,0.18,,,
6506.99.90,0.3,0.1,0.025,0.3,0,30% or Rs.200/= per kg,0,0.18,,,
6507.00,0.48,0.1,0.025,0.05,0,5% or Rs.75/= per kg,0,0.18,,,
6601.10,0.2,0.1,0.025,0,0,30% or Rs.200/= per unit,0,0.18,,,
6601.91,0.2,0.1,0.025,0,0,30% or Rs.200/= per unit,0,0.18,,,
6601.99,0.2,0.1,0.025,0,0,30% or Rs. 200/= per unit,0,0.18,,,
6602.00.10,0,0,0.025,0,0,,0,0,,,
6602.00.90,0.5,0,0.025,0.1,0,,0,0.18,,,
6603.20,0.395,0.16,0.025,0,0,,0,0.18,,,
6603.90,0.395,0.16,0.025,0,0,,0,0.18,,,
6701.00,0.45,0,0.025,0.05,0,,0,0.18,,,
6702.10,0.3,0.1,0.025,0.18,0,18% or Rs.1000/ = per kg,0,0.18,,,
6702.90,0.3,0.1,0.025,0.18,0,18% or Rs.1000/ = per kg,0,0.18,,,
6703.00,0.65,0,0.025,0.05,0,,0,0.18,,,
6704.11,0.65,0,0.025,0.1,0,,0,0.18,,,
6704.19,0.65,0,0.025,0.1,0,,0,0.18,,,
6704.20,0.68,0,0.025,0.1,0,,0,0.18,,,
6704.90,0.65,0,0.025,0.1,0,,0,0.18,,,
6801.00,0.4,0,0.025,0.05,0,,0,0.18,,,
6802.10,0.2,0.1,0.025,0.18,0,18% or Rs.35/= per kg,0,0.18,,,
6802.21,0.2,0.1,0.025,0.35,0,35% or Rs.35/= per kg,0,0.18,,,
6802.23,0,0.16,0.025,0.31,0,15% or Rs.40/= per kg | 16% or Rs.24/= per kg,0,0.18,,,
6802.29,0.375,0.1,0.025,0.18,0,18% or Rs.15/= per kg,0,0.18,,,
6802.91,0,0,0,0,0,,0,0,,,
6802.91.10,0,0.16,0.025,0,0,,0,0.18,,,
6802.91.90,0.2,0.1,0.025,0.18,0,18% or Rs.15/= per kg,0,0.18,,,
6802.92,0.375,0.1,0.025,0.18,0,18% or Rs.15/= per kg,0,0.18,,,
6802.93,0.375,0.16,0.025,0.34,0,18% or Rs.15/= per kg | 16% or Rs.32/= per kg,0,0.18,,,
6802.99,0,0,0,0,0,,0,0,,,
6802.99.10,0.3,0,0.025,0,0,,0,0.18,,,
6802.99.90,0.375,0.1,0.025,0.35,0,35% or Rs.30/= per kg,0,0.18,,,
6803.00,0.2,0.1,0.025,0.15,0,15% or Rs.50/= per kg,0,0.18,,,
6804.10,0.575,0.16,0.025,0,0,,0,0.18,,,
6804.21,0.395,0.16,0.025,0,0,,0,0.18,,,
6804.22,0.475,0.16,0.025,0,0,,0,0.18,,,
6804.23,0.295,0.16,0.025,0,0,,0,0.18,,,
6804.30,0.495,0.16,0.025,0,0,,0,0.18,,,
6805.10,0.3,0.1,0.025,0.1,0,,0,0.18,,,
6805.20,0.3,0.1,0.025,0.1,0,,0,0.18,,,
6805.30,0.3,0.1,0.025,0.1,0,,0,0.18,,,
6806.10,0,0,0,0,0,,0,0,,,
6806.10.10,0.395,0.16,0.025,0,0,,0,0.18,,,
6806.10.90,0.395,0.16,0.025,0,0,,0,0.18,,,
6806.20,0.545,0.16,0.025,0,0,,0,0.18,,,
6806.90,0.295,0.1,0.025,0.13,0,13% or Rs.15/= per kg,0,0.18,,,
6807.10,0.295,0.1,0.025,0,0,,0,0.18,,,
6807.90,0.445,0.1,0.025,0,0,,0,0.18,,,
6808.00,0.295,0,0.025,0.1,0,10% or Rs.35/= per kg,0,0.18,,,
6809.11,0,0,0,0,0,,0,0,,,
6809.11.10,0.3,0,0.025,0.18,0,18% or Rs.20/= per kg,0,0.18,,,
6809.11.20,0.3,0.1,0.025,0.18,0,18% or Rs.10/= per kg,0,0.18,,,
6809.11.90,0.3,0.1,0.025,0.18,0,18% or Rs.20/= per kg,0,0.18,,,
6809.19,0,0,0,0,0,,0,0,,,
6809.19.10,0.3,0,0.025,0.18,0,18% or Rs.20/= per kg,0,0.18,,,
6809.19.90,0.3,0.1,0.025,0.18,0,18% or Rs.20/= per kg,0,0.18,,,
6809.90,0.3,0.1,0.025,0.18,0,18% or Rs.20/= per kg,0,0.18,,,
6810.11,0,0,0,0,0,,0,0,,,
6810.11.10,0.3,0,0.025,0.46,0,,0,0.18,,,
6810.11.90,0.3,0.16,0.025,0.05,0,,0,0.18,,,
6810.19,0.3,0.1,0.025,0.18,0,,0,0.18,,,
6810.91,0.45,0.1,0.025,0.18,0,,0,0.18,,,
6810.99,0,0,0,0,0,,0,0,,,
6810.99.10,0.3,0,0.025,0.05,0,,0,0.18,,,
6810.99.90,0.3,0.1,0.025,0.18,0,,0,0.18,,,
6811.40,0,0,0,0,0,,0,0,,,
6811.40.10,0.4,0,0.025,0.05,0,,0,0.18,,,
6811.40.20,0.2,0,0.025,0.46,0,,0,0.18,,,
6811.40.30,0.3,0,0.025,0.05,0,,0,0.18,,,
6811.40.40,0.395,0,0.025,0,0,,0,0.18,,,
6811.40.90,0.3,0.16,0.025,0.46,0,,0,0.18,,,
6811.81,0.25,0,0.025,0.05,0,,0,0.18,,,
6811.82,0.325,0.1,0.025,0.18,0,,0,0.18,,,
6811.89,0,0,0,0,0,,0,0,,,
6811.89.10,0.295,0.1,0.025,0,0,,0,0.18,,,
6811.89.90,0.3,0,0.025,0.18,0,,0,0.18,,,
6812.80,0.545,0,0.025,0,0,,0,0.18,,,
6812.91,0.545,0,0.025,0,0,,0,0.18,,,
6812.99,0.395,0.16,0.025,0,0,,0,0.18,,,
6813.20,0.395,0.16,0.025,0,0,,0,0.18,,,
6813.81,0.295,0.1,0.025,0,0,,0,0.18,,,
6813.89,0.295,0.1,0.025,0,0,,0,0.18,,,
6814.10,0.45,0.16,0.025,0.05,0,,0,0.18,,,
6814.90,0.45,0.16,0.025,0.05,0,,0,0.18,,,
6815.11,0.3,0,0.025,0.1,0,,0,0.18,,,
6815.12,0.3,0,0.025,0.1,0,,0,0.18,,,
6815.13,0.3,0,0.025,0.1,0,,0,0.18,,,
6815.19,0.3,0,0.025,0.1,0,,0,0.18,,,
6815.20,0.45,0.16,0.025,0.05,0,,0,0.18,,,
6815.91,0.45,0,0.025,0.05,0,,0,0.18,,,
6815.99,0.3,0.1,0.025,0.1,0,,0,0.18,,,
6901.00,0,0,0,0,0,,0,0,,,
6901.00.10,0.395,0,0.025,0,0,,0,0.18,,,
6901.00.90,0.45,0.16,0.025,0.05,0,,0,0.18,,,
6902.10,0,0,0,0,0,,0,0,,,
6902.10.10,0.395,0.16,0.025,0,0,,0,0.18,,,
6902.10.90,0.3,0.16,0.025,0.05,0,,0,0.18,,,
6902.20,0.48,0.16,0.025,0.05,0,,0,0.18,,,
6902.90,0.48,0.16,0.025,0.05,0,,0,0.18,,,
6903.10,0,0,0,0,0,,0,0,,,
6903.10.10,0.395,0.16,0.025,0,0,,0,0.18,,,
6903.10.90,0.545,0.16,0.025,0,0,,0,0.18,,,
6903.20,0,0,0,0,0,,0,0,,,
6903.20.10,0.395,0.16,0.025,0,0,,0,0.18,,,
6903.20.90,0.545,0.16,0.025,0,0,,0,0.18,,,
6903.90,0,0,0,0,0,,0,0,,,
6903.90.10,0.395,0.16,0.025,0,0,,0,0.18,,,
6903.90.90,0.545,0.16,0.025,0,0,,0,0.18,,,
6904.10,0.2,0,0.025,0.15,0,,0,0.18,,,
6904.90,0.2,0.16,0.025,0.15,0,,0,0.18,,,
6905.10,0.2,0.1,0.025,0.3,0,,0,0.18,,,
6905.90,0.2,0,0.025,0.15,0,,0,0.18,,,
6906.00,0.3,0.1,0.025,0.15,0,,0,0.18,,,
6907.21,0,0,0,0,0,,0,0,,,
6907.21.10,0,0.1,0.025,0.35,0,20% or Rs. 150/= per m2 | 35% or Rs.520/= per m2,0,0.18,,,
6907.21.90,0,0.1,0.025,0.35,0,20% or Rs. 150/= per m2 | 35% or Rs.520/= per m2,0,0.18,,,
6907.22,0,0,0,0,0,,0,0,,,
6907.22.10,0,0.1,0.025,0.18,0,20% or Rs. 150/= per m2 | 18% or Rs.260/= per m2,0,0.18,,,
6907.22.90,0,0.1,0.025,0.35,0,20% or Rs. 150/= per m2 | 35% or Rs.520/= per m2,0,0.18,,,
6907.23,0,0,0,0,0,,0,0,,,
6907.23.10,0,0.1,0.025,0.18,0,20% or Rs. 150/= per m2 | 18% Rs.260/= per m2,0,0.18,,,
6907.23.90,0,0.1,0.025,0.35,0,20% or Rs. 150/= per m2 | 35% or Rs.520/= per m2,0,0.18,,,
6907.30,0,0,0.025,0.35,0,20% or Rs. 150/= per m2 | 35% or Rs.520/= per m2,0,0.18,,,
6907.40,0,0.1,0.025,0.18,0,20% or Rs. 150/= per m2 | 18% or Rs.260/= per m2,0,0.18,,,
6909.11,0.3,0.1,0.025,0.05,0,,0,0.18,,,
6909.12,0.3,0.16,0.025,0.05,0,,0,0.18,,,
6909.19,0,0,0,0,0,,0,0,,,
6909.19.10,0.295,0.16,0.025,0,0,,0,0.18,,,
6909.19.90,0.3,0.16,0.025,0.05,0,,0,0.18,,,
6909.90,0.66,0.16,0.025,0.05,0,,0,0.18,,,
6910.10,0,0,0,0,0,,0,0,,,
6910.10.10,0,0.16,0.025,0,0,18% or Rs.30/= per kg | 20% or Rs. 35/= per kg,50,0.18,,,
6910.10.20,0.2,0.1,0.025,0,0,,100,0.18,,,
6910.10.30,0.2,0.1,0.025,0,0,,100,0.18,,,
6910.10.90,0.2,0.1,0.025,0,0,,100,0.18,,,
6910.90,0,0,0,0,0,,0,0,,,
6910.90.10,0,0.16,0.025,0,0,18% or Rs.30/= per kg | 20% or Rs. 35/= per kg,50,0.18,,,
6910.90.20,0.2,0.1,0.025,0,0,,100,0.18,,,
6910.90.30,0.2,0.1,0.025,0,0,,100,0.18,,,
6910.90.90,0.2,0.1,0.025,0,0,,100,0.18,,,
6911.10,0,0.1,0.025,0.1,0,20% or Rs. 40/= per kg,0,0.18,,,
6911.90,0,0.1,0.025,0.1,0,20% or Rs. 40/= per kg | 10% or Rs.120/= per kg,0,0.18,,,
6912.00,0,0,0,0,0,,0,0,,,
6912.00.10,0,0.1,0.025,0.1,0,20% or Rs. 30/= per kg,0,0.18,,,
6912.00.90,0,0.1,0.025,0.1,0,20% or Rs. 30/= per kg | 10% or Rs.120/= per kg,0,0.18,,,
6913.10,0,0.1,0.025,0,0,,120,0.18,,,
6913.90,0,0,0,0,0,,0,0,,,
6913.90.10,0,0.1,0.025,0,0,,120,0.18,,,
6913.90.90,0,0.1,0.025,0,0,,120,0.18,,,
6914.10,0,0,0,0,0,,0,0,,,
6914.10.10,0,0.1,0.025,0.1,0,20% or Rs. 50/= per kg | 10% or Rs.120/= per kg,0,0.18,,,
6914.10.90,0,0.1,0.025,0.1,0,20% or Rs. 50/= per kg | 10% or Rs.120/= per kg,0,0.18,,,
6914.90,0,0,0,0,0,,0,0,,,
6914.90.10,0,0.1,0.025,0.1,0,20% or Rs. 40/= per kg | 10% or Rs.120/= per kg,0,0.18,,,
6914.90.90,0,0.1,0.025,0.1,0,20% or Rs. 40/= per kg | 10% or Rs.120/= per kg,0,0.18,,,
7001.00,0,0,0,0,0,,0,0,,,
7001.00.10,0,0,0.025,0,0,,0,0.18,,,
7001.00.90,0,0,0.025,0,0,,0,0.18,,,
7002.10,0.37,0,0.025,0,0,,0,0.18,,,
7002.20,0,0,0.025,0,0,,0,0.18,,,
7002.31,0.37,0,0.025,0,0,,0,0.18,,,
7002.32,0.37,0.16,0.025,0,0,,0,0.18,,,
7002.39,0,0,0.025,0,0,,0,0.18,,,
7003.12,0.295,0.16,0.025,0,0,,0,0.18,,,
7003.19,0.295,0.16,0.025,0,0,,0,0.18,,,
7003.20,0.37,0,0.025,0,0,,0,0.18,,,
7003.30,0.37,0,0.025,0,0,,0,0.18,,,
7004.20,0.27,0.1,0.025,0.05,0,,0,0.18,,,
7004.90,0.29,0.1,0.025,0.05,0,,0,0.18,,,
7005.10,0.195,0.1,0.025,0.05,0,,0,0.18,,,
7005.21,0.195,0.1,0.025,0.08,0,,0,0.18,,,
7005.29,0.195,0.1,0.025,0.08,0,,0,0.18,,,
7005.30,0.27,0,0.025,0.05,0,,0,0.18,,,
7006.00,0.295,0.16,0.025,0,0,,0,0.18,,,
7007.11,0.295,0.1,0.025,0.08,0,,0,0.18,,,
7007.19,0.295,0.1,0.025,0.08,0,,0,0.18,,,
7007.21,0.095,0.1,0.025,0,0,,40,0.18,,,
7007.29,0.095,0.1,0.025,0,0,,45,0.18,,,
7008.00,0.295,0.16,0.025,0,0,,0,0.18,,,
7009.10,0.295,0.1,0.025,0,0,,25,0.18,,,
7009.91,0.2,0.1,0.025,0.05,0,5% or Rs.60/= per kg,0,0.18,,,
7009.92,0.2,0.1,0.025,0.05,0,5% or Rs.60/= per kg,0,0.18,,,
7010.10,0.2,0,0.025,0,0,,0,0.18,,,
7010.20,0.2,0,0.025,0,0,,0,0.18,,,
7010.90,0,0,0,0,0,,0,0,,,
7010.90.10,0,0.16,0.025,0,0,,0,0.18,,,
7010.90.90,0.38,0.1,0.025,0,0,,0,0.18,,,
7011.10,0,0.16,0.025,0,0,,0,0.18,,,
7011.20,0.295,0,0.025,0,0,,0,0.18,,,
7011.90,0.295,0.16,0.025,0,0,,0,0.18,,,
7013.10,0.35,0.16,0.025,0,0,,62,0.18,,,
7013.22,0.35,0.16,0.025,0,0,,62,0.18,,,
7013.28,0.3,0.1,0.025,0.1,0,10% or Rs.90/= per kg,0,0.18,,,
7013.33,0.35,0.16,0.025,0,0,,62,0.18,,,
7013.37,0.3,0.1,0.025,0.1,0,10% or Rs.90/= per kg,0,0.18,,,
7013.41,0.35,0,0.025,0,0,,62,0.18,,,
7013.42,0.45,0.1,0.025,0.1,0,10% or Rs.90/= per kg,0,0.18,,,
7013.49,0.3,0,0.025,0,0,,150,0.18,,,
7013.91,0,0,0.025,0,0,,72,0.18,,,
7013.99,0,0,0,0,0,,0,0,,,
7013.99.10,0,0.16,0.025,0,0,,0,0.18,,,
7013.99.90,0.3,0.1,0.025,0.1,0,10% or Rs.90/= per kg,0,0.18,,,
7014.00,0,0,0,0,0,,0,0,,,
7014.00.10,0,0,0.025,0,0,,0,0.18,,,
7014.00.90,0.195,0.16,0.025,0,0,,0,0.18,,,
7015.10,0.205,0,0.025,0,0,,0,0.18,,,
7015.90,0.195,0.16,0.025,0,0,,0,0.18,,,
7016.10,0.3,0.1,0.025,0.05,0,5% or Rs.50/= per kg,0,0.18,,,
7016.90,0.48,0.1,0.025,0.05,0,5% or Rs.50/= per kg,0,0.18,,,
7017.10,0,0,0,0,0,,0,0,,,
7017.10.10,0,0,0.025,0,0,,0,0.18,,,
7017.10.90,0,0.16,0.025,0,0,,0,0.18,,,
7017.20,0,0,0,0,0,,0,0,,,
7017.20.10,0,0,0.025,0,0,,0,0.18,,,
7017.20.90,0,0.16,0.025,0,0,,0,0.18,,,
7017.90,0,0,0,0,0,,0,0,,,
7017.90.10,0,0.16,0.025,0,0,,0,0.18,,,
7017.90.90,0,0.16,0.025,0,0,,0,0.18,,,
7018.10,0.38,0.16,0.025,0,0,,0,0.18,,,
7018.20,0.2,0.16,0.025,0,0,,0,0.18,,,
7018.90,0.68,0.16,0.025,0,0,,0,0.18,,,
7019.11,0,0.16,0.025,0,0,,0,0.18,,,
7019.12,0,0,0.025,0,0,,0,0.18,,,
7019.13,0,0,0.025,0,0,,0,0.18,,,
7019.14,0,0,0.025,0,0,,0,0.18,,,
7019.15,0,0,0.025,0,0,,0,0.18,,,
7019.19,0,0.16,0.025,0,0,,0,0.18,,,
7019.61,0,0,0.025,0,0,,0,0.18,,,
7019.62,0,0,0.025,0,0,,0,0.18,,,
7019.63,0,0,0.025,0,0,,0,0.18,,,
7019.64,0,0,0.025,0,0,,0,0.18,,,
7019.65,0,0,0.025,0,0,,0,0.18,,,
7019.66,0,0,0.025,0,0,,0,0.18,,,
7019.69,0,0,0.025,0,0,,0,0.18,,,
7019.71,0,0,0.025,0,0,,0,0.18,,,
7019.72,0,0,0.025,0,0,,0,0.18,,,
7019.73,0,0,0.025,0,0,,0,0.18,,,
7019.80,0,0,0.025,0.05,0,,0,0.18,,,
7019.90,0,0,0,0,0,,0,0,,,
7019.90.10,0.48,0.1,0.025,0.05,0,,0,0.18,,,
7019.90.20,0,0,0.025,0,0,,0,0.18,,,
7019.90.90,0,0.16,0.025,0,0,,0,0.18,,,
7020.00,0,0,0,0,0,,0,0,,,
7020.00.10,0.295,0,0.025,0,0,,0,0.18,,,
7020.00.20,0.295,0.16,0.025,0,0,,0,0.18,,,
7020.00.30,0.295,0.16,0.025,0,0,,0,0.18,,,
7020.00.40,0,0,0.025,0,0,,0,0.18,,,
7020.00.50,0.295,0.16,0.025,0,0,,0,0.18,,,
7020.00.90,0.3,0.16,0.025,0,0,,0,0.18,,,
7101.10,0,0,0.025,0,0,,0,0.18,,,
7101.21,0,0,0.025,0,0,,0,0.18,,,
7101.22,0,0,0.025,0,0,,0,0.18,,,
7102.10,0,0,0.025,0,0,,0,0.18,,,
7102.21,0,0,0.025,0,0,,0,0.18,,,
7102.29,0,0,0.025,0,0,,0,0.18,,,
7102.31,0,0,0.025,0,0,,0,0.18,,,
7102.39,0,0,0.025,0,0,,0,0.18,,,
7103.10,0,0,0,0,0,,0,0,,,
7103.10.10,0,0,0,0,0,,0,0.18,,,
7103.10.20,0,0,0,0,0,,0,0.18,,,
7103.91,0,0,0.025,0,0,,0,0.18,,,
7103.99,0,0,0.025,0,0,,0,0.18,,,
7104.10,0,0,0.025,0,0,,0,0.18,,,
7104.21,0,0,0.025,0,0,,0,0.18,,,
7104.29,0,0,0.025,0,0,,0,0.18,,,
7104.91,0,0,0.025,0,0,,0,0.18,,,
7104.99,0,0,0.025,0,0,,0,0.18,,,
7105.10,0,0,0.025,0,0,,0,0.18,,,
7105.90,0,0,0.025,0,0,,0,0.18,,,
7106.10,0,0,0.025,0,0,,0,0.18,,,
7106.91,0,0,0.025,0,0,,0,0.18,,,
7106.92,0,0,0.025,0,0,,0,0.18,,,
7107.00,0,0,0.025,0,0,,0,0.18,,,
7108.11,0.24,0,0.025,0,0,,0,0.18,,,
7108.12,0.24,0,0.025,0,0,,0,0.18,,,
7108.13,0.24,0,0.025,0,0,,0,0.18,,,
7108.20,0.24,0,0.025,0,0,,0,0.18,,,
7109.00,0,0,0.025,0,0,,0,0.18,,,
7110.11,0,0,0.025,0,0,,0,0.18,,,
7110.19,0,0,0.025,0,0,,0,0.18,,,
7110.21,0,0,0.025,0,0,,0,0.18,,,
7110.29,0,0,0.025,0,0,,0,0.18,,,
7110.31,0,0,0.025,0,0,,0,0.18,,,
7110.39,0,0,0.025,0,0,,0,0.18,,,
7110.41,0,0,0.025,0,0,,0,0.18,,,
7110.49,0,0,0.025,0,0,,0,0.18,,,
7111.00,0,0,0.025,0,0,,0,0.18,,,
7112.30,0,0,0,0,0,,0,0,,,
7112.30.10,0,0,0.025,0,0,,0,0.18,,,
7112.30.90,0,0,0.025,0,0,,0,0.18,,,
7112.91,0,0,0.025,0,0,,0,0.18,,,
7112.92,0,0,0.025,0,0,,0,0.18,,,
7112.99,0,0,0.025,0,0,,0,0.18,,,
7113.11,0,0,0,0,0,,0,0,,,
7113.11.10,0,0.16,0.025,0,0,,0,0.18,,,
7113.11.90,0,0,0.025,0,0,,0,0.18,,,
7113.19,0,0,0,0,0,,0,0,,,
7113.19.11,0,0,0.025,0.15,0,,0,0.18,,,
7113.19.12,0,0,0.025,0.15,0,,0,0.18,,,
7113.19.19,0,0,0.025,0.15,0,,0,0.18,,,
7113.19.91,0,0,0.025,0,0,,0,0.18,,,
7113.19.92,0,0,0.025,0,0,,0,0.18,,,
7113.19.99,0,0,0.025,0,0,,0,0.18,,,
7113.20,0,0,0,0,0,,0,0,,,
7113.20.10,0,0,0.025,0,0,,0,0.18,,,
7113.20.90,0,0,0.025,0,0,,0,0.18,,,
7114.11,0,0,0.025,0,0,,0,0.18,,,
7114.19,0,0.16,0.025,0,0,,0,0.18,,,
7114.20,0,0,0.025,0,0,,0,0.18,,,
7115.10,0,0,0.025,0,0,,0,0.18,,,
7115.90,0,0.16,0.025,0,0,,0,0.18,,,
7116.10,0,0,0.025,0,0,,0,0.18,,,
7116.20,0,0.16,0.025,0,0,,0,0.18,,,
7117.11,0,0,0.025,0,0,,200,0.18,,,
7117.19,0,0.1,0.025,0,0,,0,0.18,,,
7117.90,0,0.06,0.025,0,0,,200,0.18,,,
7118.10,0,0,0.025,0,0,,0,0.18,,,
7118.90,0,0,0,0,0,,0,0,,,
7118.90.10,0,0.16,0.025,0,0,,0,0.18,,,
7118.90.90,0,0,0.025,0,0,,0,0.18,,,
7201.10,0,0.16,0.025,0,0,,0,0.18,,,
7201.20,0,0,0.025,0,0,,0,0.18,,,
7201.50,0,0,0.025,0,0,,0,0.18,,,
7202.11,0,0.16,0.025,0,0,,0,0.18,,,
7202.19,0,0,0.025,0,0,,0,0.18,,,
7202.21,0,0.16,0.025,0,0,,0,0.18,,,
7202.29,0,0,0.025,0,0,,0,0.18,,,
7202.30,0,0.16,0.025,0,0,,0,0.18,,,
7202.41,0,0,0.025,0,0,,0,0.18,,,
7202.49,0,0.16,0.025,0,0,,0,0.18,,,
7202.50,0,0,0.025,0,0,,0,0.18,,,
7202.60,0,0,0.025,0,0,,0,0.18,,,
7202.70,0,0,0.025,0,0,,0,0.18,,,
7202.80,0,0,0.025,0,0,,0,0.18,,,
7202.91,0,0,0.025,0,0,,0,0.18,,,
7202.92,0,0,0.025,0,0,,0,0.18,,,
7202.93,0,0,0.025,0,0,,0,0.18,,,
7202.99,0,0,0.025,0,0,,0,0.18,,,
7203.10,0,0.16,0.025,0,0,,0,0.18,,,
7203.90,0,0,0.025,0,0,,0,0.18,,,
7204.10,0,0.16,0.025,0,0,,0,0.18,,,
7204.21,0,0,0.025,0,0,,0,0.18,,,
7204.29,0,0.16,0.025,0,0,,0,0.18,,,
7204.30,0,0.16,0.025,0,0,,0,0.18,,,
7204.41,0,0.16,0.025,0,0,,0,0.18,,,
7204.49,0,0.16,0.025,0,0,,0,0.18,,,
7204.50,0,0,0.025,0,0,,0,0.18,,,
7205.10,0,0.16,0.025,0,0,,0,0.18,,,
7205.21,0,0,0.025,0,0,,0,0.18,,,
7205.29,0,0.16,0.025,0,0,,0,0.18,,,
7206.10,0,0,0.025,0,0,,0,0.18,,,
7206.90,0,0,0.025,0,0,,0,0.18,,,
7207.11,0,0,0,0,0,,0,0,,,
7207.11.10,0,0.085,0.025,0,0,,0,0.18,,,
7207.11.90,0,0,0.025,0,0,,0,0.18,,,
7207.12,0,0,0,0,0,,0,0,,,
7207.12.10,0,0,0.025,0,0,,0,0.18,,,
7207.12.90,0,0,0.025,0,0,,0,0.18,,,
7207.19,0,0,0.025,0,0,,0,0.18,,,
7207.20,0,0,0,0,0,,0,0,,,
7207.20.10,0,0,0.025,0,0,,0,0.18,,,
7207.20.90,0,0,0.025,0,0,,0,0.18,,,
7208.10,0,0,0.025,0,0,,0,0.18,,,
7208.25,0,0.16,0.025,0,0,,0,0.18,,,
7208.26,0,0,0.025,0,0,,0,0.18,,,
7208.27,0,0.11,0.025,0,0,,0,0.18,,,
7208.36,0,0.16,0.025,0,0,,0,0.18,,,
7208.37,0,0,0.025,0,0,,0,0.18,,,
7208.38,0,0,0.025,0,0,,0,0.18,,,
7208.39,0,0.16,0.025,0,0,,0,0.18,,,
7208.40,0,0.16,0.025,0,0,,0,0.18,,,
7208.51,0,0.16,0.025,0,0,,0,0.18,,,
7208.52,0,0.16,0.025,0,0,,0,0.18,,,
7208.53,0,0.16,0.025,0,0,,0,0.18,,,
7208.54,0,0.16,0.025,0,0,,0,0.18,,,
7208.90,0,0.16,0.025,0,0,,0,0.18,,,
7209.15,0,0.16,0.025,0,0,,0,0.18,,,
7209.16,0,0.16,0.025,0,0,,0,0.18,,,
7209.17,0,0.16,0.025,0,0,,0,0.18,,,
7209.18,0,0.16,0.025,0,0,,0,0.18,,,
7209.25,0,0.16,0.025,0,0,,0,0.18,,,
7209.26,0,0.16,0.025,0,0,,0,0.18,,,
7209.27,0,0.16,0.025,0,0,,0,0.18,,,
7209.28,0,0.16,0.025,0,0,,0,0.18,,,
7209.90,0,0.16,0.025,0,0,,0,0.18,,,
7210.11,0,0.16,0.025,0,0,,0,0.18,,,
7210.12,0,0,0,0,0,,0,0,,,
7210.12.10,0,0.16,0.025,0,0,,0,0.18,,,
7210.12.20,0,0.16,0.025,0,0,,0,0.18,,,
7210.12.90,0,0.16,0.025,0,0,,0,0.18,,,
7210.20,0,0.16,0.025,0,0,,0,0.18,,,
7210.30,0,0.07,0.025,0,0,,0,0.18,,,
7210.41,0.2,0.1,0.025,0.1,0,,0,0.18,,,
7210.49,0,0,0,0,0,,0,0,,,
7210.49.10,0,0.16,0.025,0,0,,0,0.18,,,
7210.49.21,0,0.16,0.025,0,0,,0,0.18,,,
7210.49.22,0.2,0.1,0.025,0,0,,0,0.18,,,
7210.49.29,0.2,0.1,0.025,0,0,,0,0.18,,,
7210.49.90,0.2,0.1,0.025,0.05,0,,0,0.18,,,
7210.50,0,0.16,0.025,0,0,,0,0.18,,,
7210.61,0,0.16,0.025,0,0,,0,0.18,,,
7210.69,0,0.16,0.025,0,0,,0,0.18,,,
7210.70,0,0.16,0.025,0,0,,0,0.18,,,
7210.90,0,0.16,0.025,0,0,,0,0.18,,,
7211.13,0,0,0.025,0,0,,0,0.18,,,
7211.14,0,0.16,0.025,0,0,,0,0.18,,,
7211.19,0,0.16,0.025,0,0,,0,0.18,,,
7211.23,0,0.16,0.025,0,0,,0,0.18,,,
7211.29,0,0.16,0.025,0,0,,0,0.18,,,
7211.90,0,0.16,0.025,0,0,,0,0.18,,,
7212.10,0,0,0,0,0,,0,0,,,
7212.10.10,0,0,0.025,0,0,,0,0.18,,,
7212.10.90,0,0.16,0.025,0,0,,0,0.18,,,
7212.20,0,0,0,0,0,,0,0,,,
7212.20.10,0.055,0.16,0.025,0,0,,0,0.18,,,
7212.20.90,0,0.16,0.025,0,0,,0,0.18,,,
7212.30,0,0.1,0.025,0,0,20% or Rs.35/= per kg,0,0.18,,,
7212.40,0.095,0.07,0.025,0,0,,0,0.18,,,
7212.50,0,0,0,0,0,,0,0,,,
7212.50.10,0,0,0.025,0,0,,0,0.18,,,
7212.50.90,0.2125,0.16,0.025,0,0,,0,0.18,,,
7212.60,0.1125,0,0.025,0,0,,0,0.18,,,
7213.10,0,0,0,0,0,,0,0,,,
7213.10.10,0.2,0,0.025,0,0,,5,0.18,,,
7213.10.90,0.2,0,0.025,0.05,0,5% or Rs.13/= per kg,0,0.18,,,
7213.20,0.295,0,0.025,0,0,,5,0.18,,,
7213.91,0,0,0,0,0,,0,0,,,
7213.91.10,0,0.11,0.025,0,0,,22,0.18,,,
7213.91.90,0,0.16,0.025,0,0,,0,0.18,,,
7213.99,0,0.16,0.025,0,0,,0,0.18,,,
7214.10,0,0,0,0,0,,0,0,,,
7214.10.10,0.2,0,0.025,0,0,,5,0.18,,,
7214.10.90,0.2,0.1,0.025,0.05,0,5% or Rs.20/= per kg,0,0.18,,,
7214.20,0,0,0,0,0,,0,0,,,
7214.20.90,0.2,0.1,0.025,0.05,0,5% or Rs.25/= per kg,0,0.18,,,
7214.30,0.2,0.1,0.025,0,0,,5,0.18,,,
7214.91,0,0,0,0,0,,0,0,,,
7214.91.10,0.2,0,0.025,0.05,0,5% or Rs.20/= per kg,0,0.18,,,
7214.91.20,0.2,0,0.025,0.05,0,5% or Rs.20/= per kg,0,0.18,,,
7214.91.90,0,0.1,0.025,0,0,,5,0.18,,,
7214.99,0.2,0.1,0.025,0,0,,5,0.18,,,
7215.10,0.205,0.16,0.025,0,0,,0,0.18,,,
7215.50,0.205,0.16,0.025,0,0,,0,0.18,,,
7215.90,0.205,0.16,0.025,0,0,,0,0.18,,,
7216.10,0.295,0.1,0.025,0,0,,5,0.18,,,
7216.21,0.2,0.1,0.025,0.05,0,5% or Rs.20/= per kg,0,0.18,,,
7216.22,0.295,0.1,0.025,0,0,,5,0.18,,,
7216.31,0.295,0.16,0.025,0,0,,0,0.18,,,
7216.32,0.295,0.16,0.025,0,0,,0,0.18,,,
7216.33,0.095,0.16,0.025,0,0,,0,0.18,,,
7216.50,0.195,0.16,0.025,0,0,,0,0.18,,,
7216.61,0.195,0.16,0.025,0,0,,0,0.18,,,
7216.69,0.195,0.16,0.025,0,0,,0,0.18,,,
7216.91,0.195,0.16,0.025,0,0,,0,0.18,,,
7216.99,0.195,0.16,0.025,0,0,,0,0.18,,,
7217.10,0.285,0.16,0.025,0,0,,0,0.18,,,
7217.20,0,0,0,0,0,,0,0,,,
7217.20.10,0,0.16,0.025,0,0,,0,0.18,,,
7217.20.20,0.295,0.1,0.025,0,0,,6,0.18,,,
7217.20.90,0.295,0.1,0.025,0,0,,6,0.18,,,
7217.30,0,0.16,0.025,0,0,,0,0.18,,,
7217.90,0,0,0,0,0,,0,0,,,
7217.90.10,0.195,0.16,0.025,0,0,,7,0.18,,,
7217.90.90,0.195,0.16,0.025,0,0,,6,0.18,,,
7218.10,0,0,0.025,0,0,,0,0.18,,,
7218.91,0,0,0.025,0,0,,0,0.18,,,
7218.99,0,0,0.025,0,0,,0,0.18,,,
7219.11,0,0.16,0.025,0,0,,0,0.18,,,
7219.12,0,0.16,0.025,0,0,,0,0.18,,,
7219.13,0,0.16,0.025,0,0,,0,0.18,,,
7219.14,0,0.16,0.025,0,0,,0,0.18,,,
7219.21,0,0.16,0.025,0,0,,0,0.18,,,
7219.22,0,0.16,0.025,0,0,,0,0.18,,,
7219.23,0,0.16,0.025,0,0,,0,0.18,,,
7219.24,0,0.16,0.025,0,0,,0,0.18,,,
7219.31,0,0.16,0.025,0,0,,0,0.18,,,
7219.32,0,0.16,0.025,0,0,,0,0.18,,,
7219.33,0,0.16,0.025,0,0,,0,0.18,,,
7219.34,0,0.16,0.025,0,0,,0,0.18,,,
7219.35,0,0.16,0.025,0,0,,0,0.18,,,
7219.90,0,0.16,0.025,0,0,,0,0.18,,,
7220.11,0,0.16,0.025,0,0,,0,0.18,,,
7220.12,0,0.16,0.025,0,0,,0,0.18,,,
7220.20,0,0.16,0.025,0,0,,0,0.18,,,
7220.90,0,0.16,0.025,0,0,,0,0.18,,,
7221.00.00,0.195,0,0.025,0,0,,0,0.18,,,
7222.11,0.195,0,0.025,0,0,,0,0.18,,,
7222.19,0.195,0.16,0.025,0,0,,0,0.18,,,
7222.20,0.195,0.16,0.025,0,0,,0,0.18,,,
7222.30,0.195,0.16,0.025,0,0,,0,0.18,,,
7222.40,0.195,0.16,0.025,0,0,,0,0.18,,,
7223.00,0.195,0.16,0.025,0,0,,0,0.18,,,
7224.10,0,0,0.025,0,0,,0,0.18,,,
7224.90,0,0.16,0.025,0,0,,0,0.18,,,
7225.11,0,0,0.025,0,0,,0,0.18,,,
7225.19,0,0,0.025,0,0,,0,0.18,,,
7225.30,0,0,0.025,0,0,,0,0.18,,,
7225.40,0,0.16,0.025,0,0,,0,0.18,,,
7225.50,0,0,0.025,0,0,,0,0.18,,,
7225.91,0,0.16,0.025,0,0,,0,0.18,,,
7225.92,0,0.11,0.025,0,0,,0,0.18,,,
7225.99,0,0,0.025,0.17,0,5% or Rs.18/= per kg | 12% or Rs.20/= per kg,0,0.18,,,
7226.11,0,0.16,0.025,0,0,,0,0.18,,,
7226.19,0,0,0.025,0,0,,0,0.18,,,
7226.20,0,0,0.025,0,0,,0,0.18,,,
7226.91,0,0.16,0.025,0,0,,0,0.18,,,
7226.92,0,0,0.025,0,0,,0,0.18,,,
7226.99,0,0.16,0.025,0,0,,0,0.18,,,
7227.10,0.095,0,0.025,0,0,,0,0.18,,,
7227.20,0.095,0,0.025,0,0,,0,0.18,,,
7227.90,0.395,0.11,0.025,0,0,,0,0.18,,,
7228.10,0.095,0,0.025,0,0,,0,0.18,,,
7228.20,0.095,0,0.025,0,0,,0,0.18,,,
7228.30,0,0.16,0.025,0,0,,0,0.18,,,
7228.40,0.195,0,0.025,0,0,,0,0.18,,,
7228.50,0.195,0,0.025,0,0,,0,0.18,,,
7228.60,0.195,0.16,0.025,0,0,,0,0.18,,,
7228.70,0.095,0.16,0.025,0,0,,0,0.18,,,
7228.80,0.195,0,0.025,0,0,,0,0.18,,,
7229.20,0.095,0.16,0.025,0,0,,0,0.18,,,
7229.90,0.195,0.16,0.025,0,0,,6,0.18,,,
7301.10,0.395,0.16,0.025,0,0,,0,0.18,,,
7301.20,0.395,0.16,0.025,0,0,,0,0.18,,,
7302.10,0.095,0.16,0.025,0,0,,0,0.18,,,
7302.30,0.395,0,0.025,0,0,,0,0.18,,,
7302.40,0.395,0.16,0.025,0,0,,0,0.18,,,
7302.90,0.395,0.16,0.025,0,0,,0,0.18,,,
7303.00,0.305,0.16,0.025,0,0,,0,0.18,,,
7304.11,0.345,0.16,0.025,0,0,,0,0.18,,,
7304.19,0.345,0.16,0.025,0,0,,0,0.18,,,
7304.22,0.345,0,0.025,0,0,,0,0.18,,,
7304.23,0.345,0.16,0.025,0,0,,0,0.18,,,
7304.24,0,0,0,0,0,,0,0,,,
7304.24.10,0.345,0.16,0.025,0,0,,0,0.18,,,
7304.24.90,0.195,0.16,0.025,0,0,,0,0.18,,,
7304.29,0,0,0,0,0,,0,0,,,
7304.29.10,0.245,0.16,0.025,0,0,,0,0.18,,,
7304.29.90,0.195,0.16,0.025,0,0,,0,0.18,,,
7304.31,0,0,0,0,0,,0,0,,,
7304.31.10,0.245,0.16,0.025,0,0,,0,0.18,,,
7304.31.90,0.195,0.16,0.025,0,0,,0,0.18,,,
7304.39,0,0,0,0,0,,0,0,,,
7304.39.10,0.245,0.16,0.025,0,0,,0,0.18,,,
7304.39.90,0.195,0.16,0.025,0,0,,0,0.18,,,
7304.41,0,0,0,0,0,,0,0,,,
7304.41.10,0.245,0.16,0.025,0,0,,0,0.18,,,
7304.41.90,0.195,0.16,0.025,0,0,,0,0.18,,,
7304.49,0,0,0,0,0,,0,0,,,
7304.49.10,0.345,0.16,0.025,0,0,,0,0.18,,,
7304.49.90,0.295,0.16,0.025,0,0,,0,0.18,,,
7304.51,0,0,0,0,0,,0,0,,,
7304.51.10,0.245,0,0.025,0,0,,0,0.18,,,
7304.51.90,0.195,0.16,0.025,0,0,,0,0.18,,,
7304.59,0,0,0,0,0,,0,0,,,
7304.59.10,0.245,0.16,0.025,0,0,,0,0.18,,,
7304.59.90,0.195,0.16,0.025,0,0,,0,0.18,,,
7304.90,0,0,0,0,0,,0,0,,,
7304.90.10,0.345,0.16,0.025,0,0,,0,0.18,,,
7304.90.90,0.295,0.16,0.025,0,0,,0,0.18,,,
7305.11,0,0,0,0,0,,0,0,,,
7305.11.10,0.385,0,0.025,0,0,,0,0.18,,,
7305.11.90,0.285,0.16,0.025,0,0,,0,0.18,,,
7305.12,0,0,0,0,0,,0,0,,,
7305.12.10,0.345,0,0.025,0,0,,0,0.18,,,
7305.12.90,0.195,0,0.025,0,0,,0,0.18,,,
7305.19,0,0,0,0,0,,0,0,,,
7305.19.10,0.345,0,0.025,0,0,,0,0.18,,,
7305.19.90,0.195,0.16,0.025,0,0,,0,0.18,,,
7305.20,0,0,0,0,0,,0,0,,,
7305.20.10,0.345,0,0.025,0,0,,0,0.18,,,
7305.20.90,0.195,0,0.025,0,0,,0,0.18,,,
7305.31,0,0,0,0,0,,0,0,,,
7305.31.10,0.295,0,0.025,0,0,,0,0.18,,,
7305.31.20,0.345,0,0.025,0,0,,0,0.18,,,
7305.31.90,0.195,0,0.025,0,0,,0,0.18,,,
7305.39,0,0,0,0,0,,0,0,,,
7305.39.10,0.295,0,0.025,0,0,,0,0.18,,,
7305.39.20,0.345,0,0.025,0,0,,0,0.18,,,
7305.39.90,0.195,0.16,0.025,0,0,,0,0.18,,,
7305.90,0,0,0,0,0,,0,0,,,
7305.90.10,0.295,0,0.025,0,0,,0,0.18,,,
7305.90.20,0.345,0,0.025,0,0,,0,0.18,,,
7305.90.90,0.195,0.16,0.025,0,0,,0,0.18,,,
7306.11,0,0,0,0,0,,0,0,,,
7306.11.10,0.345,0,0.025,0,0,,0,0.18,,,
7306.11.90,0.195,0.16,0.025,0,0,,0,0.18,,,
7306.19,0,0,0,0,0,,0,0,,,
7306.19.10,0.345,0,0.025,0,0,,0,0.18,,,
7306.19.90,0.195,0.16,0.025,0,0,,0,0.18,,,
7306.21,0,0,0,0,0,,0,0,,,
7306.21.10,0.345,0,0.025,0,0,,0,0.18,,,
7306.21.90,0.195,0.16,0.025,0,0,,0,0.18,,,
7306.29,0,0,0,0,0,,0,0,,,
7306.29.10,0.4033,0,0.025,0,0,,0,0.18,,,
7306.29.90,0.195,0.16,0.025,0,0,,0,0.18,,,
7306.30,0.245,0.1,0.025,0.13,0,,0,0.18,,,
7306.40,0,0,0,0,0,,0,0,,,
7306.40.10,0.245,0.1,0.025,0.04,0,,0,0.18,,,
7306.40.90,0.195,0.1,0.025,0.04,0,,0,0.18,,,
7306.50,0,0,0,0,0,,0,0,,,
7306.50.10,0.245,0,0.025,0,0,,0,0.18,,,
7306.50.90,0.195,0.1,0.025,0,0,,0,0.18,,,
7306.61,0,0,0,0,0,,0,0,,,
7306.61.10,0.245,0.1,0.025,0,0,,0,0.18,,,
7306.61.90,0.2533,0.1,0.025,0.13,0,,0,0.18,,,
7306.69,0,0,0,0,0,,0,0,,,
7306.69.10,0.195,0,0.025,0,0,,0,0.18,,,
7306.69.90,0.195,0.1,0.025,0.1,0,,0,0.18,,,
7306.90,0,0,0,0,0,,0,0,,,
7306.90.10,0.385,0.16,0.025,0,0,,0,0.18,,,
7306.90.90,0.285,0.16,0.025,0.26,0,,0,0.18,,,
7307.11,0.195,0.16,0.025,0,0,,0,0.18,,,
7307.19,0.195,0.16,0.025,0,0,,0,0.18,,,
7307.21,0.195,0.16,0.025,0,0,,0,0.18,,,
7307.22,0.195,0.16,0.025,0,0,,0,0.18,,,
7307.23,0.195,0.16,0.025,0,0,,0,0.18,,,
7307.29,0.195,0.16,0.025,0,0,,0,0.18,,,
7307.91,0.195,0.16,0.025,0,0,,0,0.18,,,
7307.92,0.195,0.16,0.025,0,0,,0,0.18,,,
7307.93,0.195,0.16,0.025,0,0,,0,0.18,,,
7307.99,0.295,0.16,0.025,0,0,,0,0.18,,,
7308.10,0.4,0.16,0.025,0.1,0,,0,0.18,,,
7308.20.10,0.3,0.1,0.025,0.15,0,,0,0.18,,,
7308.20.90,0.3,0.1,0.025,0.1,0,,0,0.18,,,
7308.30,0.3,0.1,0.025,0.1,0,,0,0.18,,,
7308.40,0,0.16,0.025,0,0,,0,0.18,,,
7308.90.10,0.3,0.1,0.025,0.15,0,,0,0.18,,,
7308.90.90,0.3,0.1,0.025,0.1,0,,0,0.18,,,
7309.00,0,0,0,0,0,,0,0,,,
7309.00.10,0,0.16,0.025,0,0,,0,0.18,,,
7309.00.90,0.145,0.1,0.025,0,0,,0,0.18,,,
7310.10,0,0,0,0,0,,0,0,,,
7310.10.10,0,0,0.025,0,0,,0,0.18,,,
7310.10.90,0.195,0.1,0.025,0,0,,0,0.18,,,
7310.21,0.285,0.1,0.025,0,0,,0,0.18,,,
7310.29,0,0,0,0,0,,0,0,,,
7310.29.10,0,0.16,0.025,0,0,,0,0.18,,,
7310.29.90,0.1,0.1,0.025,0,0,,0,0.18,,,
7311.00,0.055,0.16,0.025,0,0,,0,0.18,,,
7312.10,0.055,0.16,0.025,0,0,,0,0.18,,,
7312.90,0.055,0.16,0.025,0,0,,0,0.18,,,
7313.00,0.325,0.1,0.025,0.05,0,,0,0.18,,,
7314.12,0.2,0.1,0.025,0.05,0,,0,0.18,,,
7314.14,0.2,0.1,0.025,0.05,0,,0,0.18,,,
7314.19,0.3,0.1,0.025,0.05,0,,0,0.18,,,
7314.20,0.2,0.1,0.025,0.08,0,,0,0.18,,,
7314.31,0.2,0.1,0.025,0.08,0,,0,0.18,,,
7314.39,0.2,0.1,0.025,0.05,0,,0,0.18,,,
7314.41,0.2,0.1,0.025,0.08,0,,0,0.18,,,
7314.42,0.2,0.1,0.025,0.08,0,,0,0.18,,,
7314.49,0.2,0.1,0.025,0.08,0,,0,0.18,,,
7314.50,0.2,0.1,0.025,0.05,0,,0,0.18,,,
7315.11,0,0.16,0.025,0,0,,0,0.18,,,
7315.12,0,0.16,0.025,0,0,,0,0.18,,,
7315.19,0,0.16,0.025,0,0,,0,0.18,,,
7315.20,0,0,0.025,0,0,,0,0.18,,,
7315.81,0.295,0.16,0.025,0,0,,0,0.18,,,
7315.82,0.295,0.16,0.025,0,0,,0,0.18,,,
7315.89,0.295,0.16,0.025,0,0,,0,0.18,,,
7315.90,0,0.16,0.025,0,0,,0,0.18,,,
7316.00,0.295,0.16,0.025,0,0,,0,0.18,,,
7317.00,0,0.1,0.025,0.05,0,20% or Rs.90/= per kg | 5% or Rs.20/= per kg,0,0.18,,,
7318.11.00,0,0.1,0.025,0,0,5% or Rs.12/= per kg | 5% or Rs.12/= per kg | 20% or Rs.50/= per kg,4,0.18,,,
7318.12.00,0,0.1,0.025,0.05,0,5% or Rs.12/= per kg | 20% or Rs.50/= per kg | 5% or Rs.10/= per kg,0,0.18,,,
7318.13.00,0,0.1,0.025,0,0,4.5% or Rs.12/= per kg | 20% or Rs.35/= per kg,0,0.18,,,
7318.14.00,0,0.1,0.025,0,0,4.5% or Rs.12/= per kg | 20% or Rs.35/= per kg,0,0.18,,,
7318.15.00,0,0.16,0.025,0,0,20% or Rs.35/= per kg,0,0.18,,,
7318.16.00,0,0.1,0.025,0,0,4.5% or Rs.12/= per kg | 20% or Rs.35/= per kg,0,0.18,,,
7318.19.00,0,0.1,0.025,0,0,20% or Rs.35/= per kg,0,0.18,,,
7318.21.00,0,0.1,0.025,0,0,4.5% or Rs.12/= per kg | 20% or Rs.35/= per kg,0,0.18,,,
7318.22.00,0,0.1,0.025,0,0,20% or Rs.35/= per kg,0,0.18,,,
7318.23.00,0,0.1,0.025,0,0,4.5% or Rs.12/= per kg | 20% or Rs.35/= per kg,0,0.18,,,
7318.24.00,0,0.1,0.025,0,0,6% or Rs.14/= per kg | 4.5% or Rs.10/= per kg | 20% or Rs.35/= per kg,0,0.18,,,
7318.29.00,0,0.1,0.025,0,0,20% or Rs.35/= per kg,0,0.18,,,
7319.40.00,0,0.16,0.025,0.1,0,5% or Rs.12/= per kg | 5% or Rs.12/= per kg | 20% or Rs.50/= per kg | 10% or Rs.20/= per kg,0,0.18,,,
7319.90,0,0,0,0,0,,0,0,,,
7319.90.10,0,0.16,0.025,0,0,,0,0.18,,,
7319.90.90,0,0.16,0.025,0,0,5% or Rs.12/= per kg | 5% or Rs.12/= per kg | 20% or Rs.35/= per kg,0,0.18,,,
7320.10.00,0,0.16,0.025,0.05,0,20% or Rs.140/= per kg | 5% or Rs.30/= per kg,0,0.18,,,
7320.20.00,0,0.16,0.025,0,0,5% or Rs.12/= per kg | 5% or Rs.12/= per kg | 20% or Rs.35/= per kg,0,0.18,,,
7320.90.00,0,0.16,0.025,0,0,5% or Rs.12/= per kg | 5% or Rs.12/= per kg | 20% or Rs.35/= per kg,0,0.18,,,
7321.11.00,0.5,0.16,0.025,0.1,0,,0,0.18,,,
7321.12.00,0.69,0.16,0.025,0,0,,0,0.18,,,
7321.19.00,0.68,0,0.025,0,0,,0,0.18,,,
7321.81.00,0.68,0.16,0.025,0,0,,0,0.18,,,
7321.82.00,0.68,0,0.025,0,0,,0,0.18,,,
7321.89.00,0.776,0.16,0.025,0,0,,0,0.18,,,
7321.90.00,0.295,0.16,0.025,0,0,,0,0.18,,,
7322.11.00,0.2,0.1,0.025,0.05,0,,0,0.18,,,
7322.19.00,0.2,0.1,0.025,0.05,0,,0,0.18,,,
7322.90.00,0.2,0.1,0.025,0.05,0,,0,0.18,,,
7323.10.00,0,0.1,0.025,0.25,0,5% or Rs.18/= per kg | 5% or Rs.18/= per kg | 20% or Rs.70/= per kg | 25% or Rs.40/= per kg,0,0.18,,,
7323.91.00,0,0.1,0.025,0.25,0,5% or Rs.12/= per kg | 5% or Rs.12/= per kg | 20% or Rs.45/= per kg | 25% or Rs.25/= per kg,0,0.18,,,
7323.92.00,0,0.1,0.025,0.25,0,5% or Rs.18/= per kg | 5% or Rs.18/= per kg | 20% or Rs.70/= per kg | 25% or Rs.40/= per kg,0,0.18,,,
7323.93.00,0,0.1,0.025,0.25,0,5% or Rs.59/- per kg | 5% or Rs.59/- per kg | 20% or Rs.230/- per kg | 25% or Rs.120/= per kg,0,0.18,,,
7323.94.00,0,0.1,0.025,0.25,0,19% or Rs.68/= per kg | 5% or Rs.18/- per kg | 5% or Rs.18/- per kg | 20% or Rs.70/= per kg | 25% or Rs.40/= per kg,0,0.18,,,
7323.99.00,0,0.16,0.025,0.41,0,5% or Rs.18/= per kg | 5% or Rs.18/= per kg | 20% or Rs.70/= per kg | 25% or Rs.40/= per kg,0,0.18,,,
7324.10,0,0,0,0,0,,0,0,,,
7324.10.10,0.3,0.16,0.025,0.18,0,,0,0.18,,,
7324.10.90,0.295,0.16,0.025,0,0,,0,0.18,,,
7324.21.00,0.3,0.1,0.025,0.08,0,,0,0.18,,,
7324.29.00,0.3,0.1,0.025,0.08,0,,0,0.18,,,
7324.90.00,0.3,0.16,0.025,0.05,0,,0,0.18,,,
7325.10.00,0.195,0.16,0.025,0,0,,0,0.18,,,
7325.91.00,0.195,0.16,0.025,0,0,,0,0.18,,,
7325.99.00,0.285,0.16,0.025,0,0,,0,0.18,,,
7326.11.00,0.195,0.16,0.025,0,0,,0,0.18,,,
7326.19.00,0.195,0.16,0.025,0,0,,0,0.18,,,
7326.20,0,0,0,0,0,,0,0,,,
7326.20.10,0,0,0.025,0,0,,0,0.18,,,
7326.20.90,0.475,0.16,0.025,0,0,,0,0.18,,,
7326.90,0,0,0,0,0,,0,0,,,
7326.90.10,0,0.16,0.025,0,0,,0,0.18,,,
7326.90.20,0,0.16,0.025,0,0,,0,0.18,,,
7326.90.90,0.475,0.16,0.025,0,0,,0,0.18,,,
7401.00,0,0,0.025,0,0,,0,0.18,,,
7402.00,0,0,0.025,0,0,,0,0.18,,,
7403.11,0,0.16,0.025,0,0,,0,0.18,,,
7403.12,0,0,0.025,0,0,,0,0.18,,,
7403.13,0,0,0.025,0,0,,0,0.18,,,
7403.19,0,0.16,0.025,0,0,,0,0.18,,,
7403.21,0,0.16,0.025,0,0,,0,0.18,,,
7403.22,0,0,0.025,0,0,,0,0.18,,,
7403.29,0,0,0.025,0,0,,0,0.18,,,
7404.00,0,0,0.025,0,0,,0,0.18,,,
7405.00,0,0.16,0.025,0,0,,0,0.18,,,
7406.10,0,0.16,0.025,0,0,,0,0.18,,,
7406.20,0,0.16,0.025,0,0,,0,0.18,,,
7407.10,0,0.16,0.025,0,0,,0,0.18,,,
7407.21,0,0.16,0.025,0,0,,0,0.18,,,
7407.29,0,0.16,0.025,0,0,,0,0.18,,,
7408.11,0,0.16,0.025,0,0,,0,0.18,,,
7408.19,0.2,0,0.025,0.05,0,,0,0.18,,,
7408.21,0,0.16,0.025,0,0,,0,0.18,,,
7408.22,0,0.16,0.025,0,0,,0,0.18,,,
7408.29,0,0.16,0.025,0,0,,0,0.18,,,
7409.11,0,0.16,0.025,0,0,,0,0.18,,,
7409.19,0,0.16,0.025,0,0,,0,0.18,,,
7409.21,0,0.16,0.025,0,0,,0,0.18,,,
7409.29,0,0.16,0.025,0,0,,0,0.18,,,
7409.31,0,0.16,0.025,0,0,,0,0.18,,,
7409.39,0,0.16,0.025,0,0,,0,0.18,,,
7409.40,0,0,0.025,0,0,,0,0.18,,,
7409.90,0,0.16,0.025,0,0,,0,0.18,,,
7410.11,0,0.16,0.025,0,0,,0,0.18,,,
7410.12,0,0.16,0.025,0,0,,0,0.18,,,
7410.21,0,0,0.025,0,0,,0,0.18,,,
7410.22,0,0,0.025,0,0,,0,0.18,,,
7411.10,0,0.07,0.025,0,0,,0,0.18,,,
7411.21,0,0.16,0.025,0,0,,0,0.18,,,
7411.22,0,0,0.025,0,0,,0,0.18,,,
7411.29,0,0.16,0.025,0,0,,0,0.18,,,
7412.10,0,0.16,0.025,0,0,,0,0.18,,,
7412.20,0,0.16,0.025,0,0,,0,0.18,,,
7413.00,0.2,0.1,0.025,0.05,0,,0,0.18,,,
7415.10,0,0,0.025,0.05,0,20% or Rs.440/= per kg | 5% or Rs.110/= per kg,0,0.18,,,
7415.21,0,0.1,0.025,0,0,20% pr Rs.310/= per kg,0,0.18,,,
7415.29,0,0.1,0.025,0,0,20% pr Rs.310/= per kg,0,0.18,,,
7415.33,0,0,0,0,0,,0,0,,,
7415.33.10,0,0.1,0.025,0.05,0,20% or Rs.440/= per kg | 5% or Rs.110/= per kg,0,0.18,,,
7415.33.90,0,0.1,0.025,0,0,20% pr Rs.310/= per kg,0,0.18,,,
7415.39,0,0.1,0.025,0,0,20% pr Rs.310/= per kg,0,0.18,,,
7418.10,0,0,0,0,0,,0,0,,,
7418.10.10,0.2,0,0.025,0.2,0,,0,0.18,,,
7418.10.20,0.3,0.1,0.025,0.2,0,,0,0.18,,,
7418.10.90,0.2,0.1,0.025,0.2,0,,0,0.18,,,
7418.20,0.2,0.1,0.025,0.1,0,,0,0.18,,,
7419.20,0.2,0,0.025,0,0,,0,0.18,,,
7419.80,0,0,0,0,0,,0,0,,,
7419.80.10,0,0,0.025,0,0,,0,0.18,,,
7419.80.20,0,0,0.025,0,0,,0,0.18,,,
7419.80.30,0,0,0.025,0,0,,0,0.18,,,
7419.80.40,0.295,0,0.025,0,0,,0,0.18,,,
7419.80.90,0.25,0,0.025,0.1,0,,0,0.18,,,
7501.10,0,0,0.025,0,0,,0,0.18,,,
7501.20,0,0,0.025,0,0,,0,0.18,,,
7502.10,0,0,0.025,0,0,,0,0.18,,,
7502.20,0,0,0.025,0,0,,0,0.18,,,
7503.00,0,0.16,0.025,0,0,,0,0.18,,,
7504.00,0,0,0.025,0,0,,0,0.18,,,
7505.11,0,0,0.025,0,0,,0,0.18,,,
7505.12,0,0,0.025,0,0,,0,0.18,,,
7505.21,0,0,0.025,0,0,,0,0.18,,,
7505.22,0,0.16,0.025,0,0,,0,0.18,,,
7506.10,0,0.16,0.025,0,0,,0,0.18,,,
7506.20,0,0.16,0.025,0,0,,0,0.18,,,
7507.11,0,0,0.025,0,0,,0,0.18,,,
7507.12,0,0.16,0.025,0,0,,0,0.18,,,
7507.20,0,0,0.025,0,0,,0,0.18,,,
7508.10,0,0.16,0.025,0,0,,0,0.18,,,
7508.90,0,0.16,0.025,0,0,,0,0.18,,,
7601.10,0,0.16,0.025,0,0,,0,0.18,,,
7601.20,0,0.16,0.025,0,0,,0,0.18,,,
7602.00,0,0.16,0.025,0,0,,0,0.18,,,
7603.10,0,0,0.025,0,0,,0,0.18,,,
7603.20,0,0.16,0.025,0,0,,0,0.18,,,
7604.10,0.25,0.1,0.025,0.1,0,,0,0.18,,,
7604.21,0.25,0.1,0.025,0.1,0,,0,0.18,,,
7604.29,0.295,0.1,0.025,0,0,,0,0.18,,,
7605.11,0.055,0.16,0.025,0,0,,0,0.18,,,
7605.19,0.2,0.1,0.025,0.05,0,,0,0.18,,,
7605.21,0.295,0.1,0.025,0,0,,0,0.18,,,
7605.29,0.295,0.1,0.025,0,0,,0,0.18,,,
7606.11,0,0.16,0.025,0,0,,0,0.18,,,
7606.12,0,0.16,0.025,0,0,,0,0.18,,,
7606.91,0,0.16,0.025,0,0,,0,0.18,,,
7606.92,0,0.16,0.025,0,0,,0,0.18,,,
7607.11,0,0,0,0,0,,0,0,,,
7607.11.10,0,0.16,0.025,0,0,,0,0.18,,,
7607.11.91,0.095,0.1,0.025,0,0,,0,0.18,,,
7607.11.99,0.295,0.1,0.025,0,0,,0,0.18,,,
7607.19.10,0.2,0.1,0.025,0,0,,0,0.18,,,
7607.19.20,0,0.1,0.025,0,0,,0,0.18,,,
7607.19.90,0.2,0.1,0.025,0,0,,0,0.18,,,
7607.20,0,0,0,0,0,,0,0,,,
7607.20.10,0,0.16,0.025,0,0,,0,0.18,,,
7607.20.20,0,0.16,0.025,0,0,,0,0.18,,,
7607.20.90,0.2,0.16,0.025,0,0,,0,0.18,,,
7608.10,0.2,0.1,0.025,0.1,0,,0,0.18,,,
7608.20,0.295,0.1,0.025,0,0,,0,0.18,,,
7609.00,0.295,0.1,0.025,0,0,,0,0.18,,,
7610.10,0,0.1,0.025,0.2,0,20% or Rs.400/= per kg | 20% or Rs.400/= per kg,0,0.18,,,
7610.90,0,0,0,0,0,,0,0,,,
7610.90.10,0,0,0.025,0,0,,0,0.18,,,
7610.90.20,0,0.16,0.025,0,0,,0,0.18,,,
7610.90.90,0.2,0.1,0.025,0.15,0,,0,0.18,,,
7611.00,0.195,0,0.025,0,0,,0,0.18,,,
7612.10,0.3,0.16,0.025,0,0,,0,0.18,,,
7612.90,0,0,0,0,0,,0,0,,,
7612.90.10,0,0.16,0.025,0,0,,0,0.18,,,
7612.90.20,0.2,0.16,0.025,0,0,,0,0.18,,,
7612.90.90,0.2,0.16,0.025,0,0,,0,0.18,,,
7613.00,0,0.16,0.025,0,0,,0,0.18,,,
7614.10,0.2,0.1,0.025,0.05,0,,0,0.18,,,
7614.90,0.2,0.1,0.025,0.05,0,,0,0.18,,,
7615.10,0,0,0,0,0,,0,0,,,
7615.10.10,0.3,0.1,0.025,0.1,0,,0,0.18,,,
7615.10.20,0.2,0.16,0.025,0.1,0,,0,0.18,,,
7615.10.90,0.2,0.1,0.025,0.2,0,,0,0.18,,,
7615.20,0,0,0,0,0,,0,0,,,
7615.20.10,0.2,0.1,0.025,0.05,0,,0,0.18,,,
7615.20.90,0.2,0.1,0.025,0,0,,0,0.18,,,
7616.10,0.2,0.1,0.025,0,0,,0,0.18,,,
7616.91,0,0,0,0,0,,0,0,,,
7616.91.10,0.2,0.1,0.025,0.05,0,,0,0.18,,,
7616.91.90,0.2,0.1,0.025,0,0,,0,0.18,,,
7616.99,0,0,0,0,0,,0,0,,,
7616.99.10,0,0.16,0.025,0,0,,0,0.18,,,
7616.99.20,0.2,0,0.025,0.05,0,,0,0.18,,,
7616.99.30,0,0.16,0.025,0,0,,0,0.18,,,
7616.99.40,0.2,0,0.025,0.05,0,,0,0.18,,,
7616.99.50,0,0,0.025,0,0,,0,0.18,,,
7616.99.60,0,0.16,0.025,0,0,,0,0.18,,,
7616.99.90,0.2,0.1,0.025,0.05,0,,0,0.18,,,
7801.10,0,0.11,0.025,0,0,,0,0.18,,,
7801.91,0,0,0.025,0,0,,0,0.18,,,
7801.99,0,0.16,0.025,0,0,,0,0.18,,,
7802.00,0,0.16,0.025,0,0,,0,0.18,,,
7804.11,0,0.16,0.025,0,0,,0,0.18,,,
7804.19,0,0.16,0.025,0,0,,0,0.18,,,
7804.20,0,0,0.025,0,0,,0,0.18,,,
7806.00,0,0.16,0.025,0,0,,0,0.18,,,
7901.11,0,0.16,0.025,0,0,,0,0.18,,,
7901.12,0,0.16,0.025,0,0,,0,0.18,,,
7901.20,0,0,0.025,0,0,,0,0.18,,,
7902.00,0,0,0.025,0,0,,0,0.18,,,
7903.10,0,0.16,0.025,0,0,,0,0.18,,,
7903.90,0,0.16,0.025,0,0,,0,0.18,,,
7904.00,0,0.16,0.025,0,0,,0,0.18,,,
7905.00,0,0,0.025,0,0,,0,0.18,,,
7907.00,0,0,0,0,0,,0,0,,,
7907.00.10,0,0,0.025,0,0,,0,0.18,,,
7907.00.90,0,0.16,0.025,0,0,,0,0.18,,,
8001.10,0,0.16,0.025,0,0,,0,0.18,,,
8001.20,0,0,0.025,0,0,,0,0.18,,,
8002.00,0,0,0.025,0,0,,0,0.18,,,
8003.00,0,0,0.025,0,0,,0,0.18,,,
8007.00,0,0.16,0.025,0,0,,0,0.18,,,
8101.10,0,0,0.025,0,0,,0,0.18,,,
8101.94,0,0,0.025,0,0,,0,0.18,,,
8101.96,0,0.16,0.025,0,0,,0,0.18,,,
8101.97,0,0,0.025,0,0,,0,0.18,,,
8101.99,0,0.16,0.025,0,0,,0,0.18,,,
8102.10,0,0,0.025,0,0,,0,0.18,,,
8102.94,0,0,0.025,0,0,,0,0.18,,,
8102.95,0,0,0.025,0,0,,0,0.18,,,
8102.96,0,0,0.025,0,0,,0,0.18,,,
8102.97,0,0,0.025,0,0,,0,0.18,,,
8102.99,0,0,0.025,0,0,,0,0.18,,,
8103.20,0,0,0.025,0,0,,0,0.18,,,
8103.30,0,0,0.025,0,0,,0,0.18,,,
8103.90.00,0,0,0,0,0,,0,0,,,
8103.91,0,0,0.025,0,0,,0,0.18,,,
8103.99,0,0,0.025,0,0,,0,0.18,,,
8104.11,0,0.16,0.025,0,0,,0,0.18,,,
8104.19,0,0,0.025,0,0,,0,0.18,,,
8104.20,0,0,0.025,0,0,,0,0.18,,,
8104.30,0,0,0.025,0,0,,0,0.18,,,
8104.90,0,0.16,0.025,0,0,,0,0.18,,,
8105.20,0,0,0.025,0,0,,0,0.18,,,
8105.30,0,0,0.025,0,0,,0,0.18,,,
8105.90,0,0,0.025,0,0,,0,0.18,,,
8106.10,0,0,0,0,0,,0,0,,,
8106.10.10,0,0,0.025,0,0,,0,0.18,,,
8106.10.90,0,0,0.025,0,0,,0,0.18,,,
8106.90,0,0,0,0,0,,0,0,,,
8106.90.10,0,0,0.025,0,0,,0,0.18,,,
8106.90.90,0,0,0.025,0,0,,0,0.18,,,
8108.20,0,0,0.025,0,0,,0,0.18,,,
8108.30,0,0,0.025,0,0,,0,0.18,,,
8108.90,0,0.16,0.025,0,0,,0,0.18,,,
8109.21,0,0,0.025,0,0,,0,0.18,,,
8109.29,0,0,0.025,0,0,,0,0.18,,,
8109.31,0,0,0.025,0,0,,0,0.18,,,
8109.39,0,0,0.025,0,0,,0,0.18,,,
8109.91,0,0,0.025,0,0,,0,0.18,,,
8109.99,0,0,0.025,0,0,,0,0.18,,,
8110.10,0,0.16,0.025,0,0,,0,0.18,,,
8110.20,0,0,0.025,0,0,,0,0.18,,,
8110.90,0,0,0.025,0,0,,0,0.18,,,
8111.00,0,0,0,0,0,,0,0,,,
8111.00.10,0,0,0.025,0,0,,0,0.18,,,
8111.00.90,0,0,0.025,0,0,,0,0.18,,,
8112.12,0,0,0.025,0,0,,0,0.18,,,
8112.13,0,0,0.025,0,0,,0,0.18,,,
8112.19,0,0,0.025,0,0,,0,0.18,,,
8112.21,0,0,0.025,0,0,,0,0.18,,,
8112.22,0,0,0.025,0,0,,0,0.18,,,
8112.29,0,0,0.025,0,0,,0,0.18,,,
8112.31,0,0,0.025,0,0,,0,0.18,,,
8112.39,0,0,0.025,0,0,,0,0.18,,,
8112.41,0,0,0.025,0,0,,0,0.18,,,
8112.49,0,0,0.025,0,0,,0,0.18,,,
8112.51,0,0,0.025,0,0,,0,0.18,,,
8112.52,0,0,0.025,0,0,,0,0.18,,,
8112.59,0,0,0.025,0,0,,0,0.18,,,
8112.61,0,0,0.025,0,0,,0,0.18,,,
8112.69,0,0,0.025,0,0,,0,0.18,,,
8112.92,0,0,0,0,0,,0,0,,,
8112.92.10,0,0,0.025,0,0,,0,0.18,,,
8112.92.90,0,0,0.025,0,0,,0,0.18,,,
8112.99,0,0,0.025,0,0,,0,0.18,,,
8113.00,0,0,0,0,0,,0,0,,,
8113.00.10,0,0,0.025,0,0,,0,0.18,,,
8113.00.90,0,0,0.025,0,0,,0,0.18,,,
8201.10,0.015,0.16,0.025,0,0,,0,0.18,,,
8201.30,0,0,0,0,0,,0,0,,,
8201.30.10,0.015,0.16,0.025,0,0,,0,0.18,,,
8201.30.90,0.015,0.16,0.025,0,0,,0,0.18,,,
8201.40,0.015,0.16,0.025,0,0,,0,0.18,,,
8201.50,0.015,0.16,0.025,0,0,,0,0.18,,,
8201.60,0.015,0.16,0.025,0,0,,0,0.18,,,
8201.90,0,0,0,0,0,,0,0,,,
8201.90.10,0.015,0.16,0.025,0,0,,0,0.18,,,
8201.90.90,0.015,0.16,0.025,0,0,,0,0.18,,,
8202.10,0,0.16,0.025,0,0,,0,0.18,,,
8202.20,0,0.16,0.025,0,0,,0,0.18,,,
8202.31,0,0.16,0.025,0,0,,0,0.18,,,
8202.39,0,0.16,0.025,0,0,,0,0.18,,,
8202.40,0,0.16,0.025,0,0,,0,0.18,,,
8202.91,0,0.16,0.025,0,0,,0,0.18,,,
8202.99,0,0.16,0.025,0,0,,0,0.18,,,
8203.10,0,0,0.025,0,0,,0,0.18,,,
8203.20,0,0,0.025,0,0,,0,0.18,,,
8203.30,0,0,0.025,0,0,,0,0.18,,,
8203.40,0,0.16,0.025,0,0,,0,0.18,,,
8204.11,0,0.16,0.025,0,0,,0,0.18,,,
8204.12,0,0.16,0.025,0,0,,0,0.18,,,
8204.20,0,0.16,0.025,0,0,,0,0.18,,,
8205.10,0,0.16,0.025,0,0,,0,0.18,,,
8205.20,0,0.16,0.025,0,0,,0,0.18,,,
8205.30,0,0.16,0.025,0,0,,0,0.18,,,
8205.40,0,0.16,0.025,0,0,,0,0.18,,,
8205.51,0,0.16,0.025,0,0,,0,0.18,,,
8205.59,0,0.16,0.025,0,0,,0,0.18,,,
8205.60,0,0.16,0.025,0,0,,0,0.18,,,
8205.70,0,0.16,0.025,0,0,,0,0.18,,,
8205.90,0,0.16,0.025,0,0,,0,0.18,,,
8206.00,0,0.16,0.025,0,0,,0,0.18,,,
8207.13,0,0.16,0.025,0,0,,0,0.18,,,
8207.19,0,0.16,0.025,0,0,,0,0.18,,,
8207.20,0,0.16,0.025,0,0,,0,0.18,,,
8207.30,0,0.16,0.025,0,0,,0,0.18,,,
8207.40,0,0.16,0.025,0,0,,0,0.18,,,
8207.50,0,0.16,0.025,0,0,,0,0.18,,,
8207.60,0,0.16,0.025,0,0,,0,0.18,,,
8207.70,0,0.16,0.025,0,0,,0,0.18,,,
8207.80,0,0.16,0.025,0,0,,0,0.18,,,
8207.90,0,0.16,0.025,0,0,,0,0.18,,,
8208.10,0,0.16,0.025,0,0,,0,0.18,,,
8208.20,0,0.16,0.025,0,0,,0,0.18,,,
8208.30,0,0.16,0.025,0,0,,0,0.18,,,
8208.40,0,0.16,0.025,0,0,,0,0.18,,,
8208.90,0,0.16,0.025,0,0,,0,0.18,,,
8209.00,0,0.16,0.025,0,0,,0,0.18,,,
8210.00,0.2,0.1,0.025,0,0,,0,0.18,,,
8211.10,0,0.16,0.025,0,0,,0,0.18,,,
8211.91,0.245,0.1,0.025,0,0,,0,0.18,,,
8211.92,0.2,0.1,0.025,0,0,,0,0.18,,,
8211.93,0.245,0.1,0.025,0,0,,0,0.18,,,
8211.94,0.245,0.1,0.025,0,0,,0,0.18,,,
8211.95,0.2,0.1,0.025,0,0,,0,0.18,,,
8212.10,0,0,0,0,0,,0,0,,,
8212.10.10,0.2,0.1,0.025,0,0,,0,0.18,,,
8212.10.90,0.2,0.1,0.025,0.1,0,,0,0.18,,,
8212.20,0,0,0,0,0,,0,0,,,
8212.20.10,0,0,0.025,0,0,,0,0.18,,,
8212.20.90,0,0.16,0.025,0,0,,0,0.18,,,
8212.90,0.2,0.1,0.025,0.1,0,,0,0.18,,,
8213.00,0,0.16,0.025,0,0,,0,0.18,,,
8214.10,0.2,0.16,0.025,0.1,0,10% or Rs.90/= per Kg,40,0.18,,,
8214.20,0.2,0.16,0.025,0.1,0,10% or Rs.90/= per Kg,40,0.18,,,
8214.90,0.2,0.16,0.025,0.1,0,10% or Rs.90/= per Kg,40,0.18,,,
8215.10,0,0.16,0.025,0,0,,0,0.18,,,
8215.20,0,0.16,0.025,0,0,,0,0.18,,,
8215.91,0,0,0.025,0,0,,0,0.18,,,
8215.99,0,0.16,0.025,0,0,,0,0.18,,,
8301.10,0.295,0.16,0.025,0,0,,58,0.18,,,
8301.20,0,0.16,0.025,0,0,5% or Rs.148 /- per kg | 4.5% or Rs.140/- per kg | 10% or Rs.134/- per kg | 20% or Rs.440/- per kg,0,0.18,,,
8301.30,0.485,0.1,0.025,0,0,,18,0.18,,,
8301.40,0.475,0.1,0.025,0,0,,18,0.18,,,
8301.50,0.295,0.1,0.025,0,0,,18,0.18,,,
8301.60,0.295,0.1,0.025,0,0,,18,0.18,,,
8301.70,0,0.16,0.025,0,0,5% or Rs.110 /- per kg | 4.5% or Rs.100/- per kg | 10% or Rs.100/- per kg | 20% or Rs.330/- per kg,0,0.18,,,
8302.10,0,0,0,0,0,,0,0,,,
8302.10.10,0.2,0.1,0.025,0,0,,18,0.18,,,
8302.10.20,0,0.1,0.025,0.05,0,20% or Rs.100/- per kg | 5% or Rs.55/= per kg,0,0.18,,,
8302.10.90,0.2,0.1,0.025,0.05,0,5% or Rs.25/= per Kg,0,0.18,,,
8302.20,0.3,0.1,0.025,0.05,0,5% or Rs.25/= per Kg,0,0.18,,,
8302.30,0.295,0.1,0.025,0,0,,10,0.18,,,
8302.41,0.2,0.16,0.025,0.05,0,5% or Rs.25/= per Kg,24,0.18,,,
8302.42,0.2,0.1,0.025,0.05,0,5% or Rs.25/= per Kg,0,0.18,,,
8302.49,0.2,0.16,0.025,0.05,0,5% or Rs.25/= per Kg,24,0.18,,,
8302.50,0.2,0.1,0.025,0.05,0,5% or Rs.25/= per Kg,0,0.18,,,
8302.60,0.295,0.1,0.025,0,0,,10,0.18,,,
8303.00,0.2,0.1,0.025,0.05,0,5% or Rs.25/= per Kg,0,0.18,,,
8304.00,0,0.1,0.025,0.05,0,20% or Rs.170/- per kg | 5% or Rs.10/= per Kg,0,0.18,,,
8305.10,0.48,0.1,0.025,0.05,0,5% or Rs.45/= per Kg,0,0.18,,,
8305.20,0.49,0.1,0.025,0.05,0,5% or Rs.45/= per Kg,0,0.18,,,
8305.90,0.48,0.1,0.025,0.05,0,5% or Rs.45/= per Kg,0,0.18,,,
8306.10,0,0,0,0,0,,0,0,,,
8306.10.10,0,0.16,0.025,0,0,,0,0.18,,,
8306.10.90,0.25,0.1,0.025,0.05,0,5% or Rs.45/= per Kg,0,0.18,,,
8306.21,0.3,0.1,0.025,0.1,0,10% or Rs.90/= per Kg,0,0.18,,,
8306.29,0.48,0.1,0.025,0.1,0,10% or Rs.90/= per Kg,0,0.18,,,
8306.30,0.48,0.1,0.025,0.1,0,10% or Rs.90/= per Kg,0,0.18,,,
8307.10,0,0,0,0,0,,0,0,,,
8307.10.10,0.055,0.16,0.025,0.12,0,,0,0.18,,,
8307.10.90,0.055,0.16,0.025,0.12,0,,0,0.18,,,
8307.90,0,0,0,0,0,,0,0.18,,,
8307.90.10,0.055,0,0.025,0.12,0,,0,0.18,,,
8307.90.90,0.055,0.16,0.025,0.12,0,,0,0.18,,,
8308.10,0.245,0.16,0.025,0,0,,0,0.18,,,
8308.20,0.245,0.16,0.025,0,0,,0,0.18,,,
8308.90,0.245,0.16,0.025,0,0,,0,0.18,,,
8309.10,0.2,0.1,0.025,0,0,,75,0.18,,,
8309.90,0,0,0,0,0,,0,0,,,
8309.90.10,0.2,0.1,0.025,0,0,5% or Rs.125/= per kg or Rs.0.25/= per unit,0,0.18,,,
8309.90.20,0.2,0,0.025,0.05,0,5% or Rs.35/= per kg,0,0.18,,,
8309.90.30,0,0.16,0.025,0,0,,0,0.18,,,
8309.90.40,0.2,0.1,0.025,0,0,,0,0.18,,,
8309.90.90,0.2,0.1,0.025,0,0,,15,0.18,,,
8310.00,0.2,0.1,0.025,0.05,0,5% or Rs.60/= per kg,0,0.18,,,
8311.10,0.055,0.16,0.025,0,0,,0,0.18,,,
8311.20,0.055,0.16,0.025,0,0,,0,0.18,,,
8311.30,0.055,0.16,0.025,0,0,,0,0.18,,,
8311.90,0.055,0.16,0.025,0,0,,0,0.18,,,
8401.10,0,0,0.025,0,0,,0,0.18,,,
8401.20,0,0,0.025,0,0,,0,0.18,,,
8401.30,0,0,0.025,0,0,,0,0.18,,,
8401.40,0,0,0.025,0,0,,0,0.18,,,
8402.11,0,0.11,0.025,0,0,,0,0.18,,,
8402.12,0,0.11,0.025,0,0,,0,0.18,,,
8402.19,0,0.11,0.025,0,0,,0,0.18,,,
8402.20,0,0.11,0.025,0,0,,0,0.18,,,
8402.90,0,0.11,0.025,0,0,,0,0.18,,,
8403.10,0,0.11,0.025,0,0,,0,0.18,,,
8403.90,0,0.11,0.025,0,0,,0,0.18,,,
8404.10,0,0.11,0.025,0,0,,0,0.18,,,
8404.20,0,0.11,0.025,0,0,,0,0.18,,,
8404.90,0,0.11,0.025,0,0,,0,0.18,,,
8405.10,0,0.11,0.025,0,0,,0,0.18,,,
8405.90,0,0.11,0.025,0,0,,0,0.18,,,
8406.10,0,0,0.025,0,0,,0,0.18,,,
8406.81,0,0,0.025,0,0,,0,0.18,,,
8406.82,0,0.11,0.025,0,0,,0,0.18,,,
8406.90,0,0.11,0.025,0,0,,0,0.18,,,
8407.10,0,0.11,0.025,0,0,,0,0.18,,,
8407.21,0,0.11,0.025,0,0,,0,0.18,,,
8407.29,0,0.11,0.025,0,0,,0,0.18,,,
8407.31,0,0,0,0,0,,0,0,,,
8407.31.10,0.575,0,0.025,0,0,,0,0.18,,,
8407.31.20,0.575,0.11,0.025,0,0,,0,0.18,,,
8407.31.90,0.575,0.11,0.025,0,0,,0,0.18,,,
8407.32,0,0,0,0,0,,0,0,,,
8407.32.10,0.575,0,0.025,0,0,,0,0.18,,,
8407.32.20,0.575,0.11,0.025,0,0,,0,0.18,,,
8407.32.90,0.575,0.11,0.025,0,0,,0,0.18,,,
8407.33,0,0,0,0,0,,0,0,,,
8407.33.10,0.575,0,0.025,0,0,,0,0.18,,,
8407.33.20,0.575,0.11,0.025,0,0,,0,0.18,,,
8407.33.90,0.575,0.11,0.025,0,0,,0,0.18,,,
8407.34,0,0,0,0,0,,0,0,,,
8407.34.10,0.575,0,0.025,0,0,,0,0.18,,,
8407.34.90,0.575,0.11,0.025,0,0,,0,0.18,,,
8407.90,0,0,0,0,0,,0,0,,,
8407.90.10,0.395,0.11,0.025,0,0,,0,0.18,,,
8407.90.90,0.395,0.11,0.025,0,0,,0,0.18,,,
8408.10,0,0.11,0.025,0,0,,0,0.18,,,
8408.20,0,0,0,0,0,,0,0,,,
8408.20.10,0.575,0.11,0.025,0,0,,0,0.18,,,
8408.20.90,0,0.11,0.025,0,0,,0,0.18,,,
8408.90,0,0,0,0,0,,0,0,,,
8408.90.10,0.395,0.11,0.025,0,0,,0,0.18,,,
8408.90.90,0.395,0.11,0.025,0,0,,0,0.18,,,
8409.10,0,0,0.025,0,0,,0,0.18,,,
8409.91,0,0,0,0,0,,0,0,,,
8409.91.10,0,0.11,0.025,0,0,,0,0.18,,,
8409.91.90,0,0.11,0.025,0,0,,0,0.18,,,
8409.99,0,0.135,0.025,0,0,,0,0.18,,,
8410.11,0,0.11,0.025,0,0,,0,0.18,,,
8410.12,0,0.11,0.025,0,0,,0,0.18,,,
8410.13,0,0.11,0.025,0,0,,0,0.18,,,
8410.90,0,0.11,0.025,0,0,,0,0.18,,,
8411.11,0,0.11,0.025,0,0,,0,0.18,,,
8411.12,0,0.11,0.025,0,0,,0,0.18,,,
8411.21,0,0.11,0.025,0,0,,0,0.18,,,
8411.22,0,0,0.025,0,0,,0,0.18,,,
8411.81,0,0,0.025,0,0,,0,0.18,,,
8411.82,0,0,0.025,0,0,,0,0.18,,,
8411.91,0,0,0.025,0,0,,0,0.18,,,
8411.99,0,0.11,0.025,0,0,,0,0.18,,,
8412.10,0,0,0.025,0,0,,0,0.18,,,
8412.21,0,0.11,0.025,0,0,,0,0.18,,,
8412.29,0,0.11,0.025,0,0,,0,0.18,,,
8412.31,0,0.11,0.025,0,0,,0,0.18,,,
8412.39,0,0.11,0.025,0,0,,0,0.18,,,
8412.80,0,0.11,0.025,0,0,,0,0.18,,,
8412.90,0,0.11,0.025,0,0,,0,0.18,,,
8413.11,0,0.135,0.025,0,0,,0,0.18,,,
8413.19,0,0.135,0.025,0,0,,0,0.18,,,
8413.20,0,0.135,0.025,0,0,,0,0.18,,,
8413.30,0,0.135,0.025,0,0,,0,0.18,,,
8413.40,0,0.135,0.025,0,0,,0,0.18,,,
8413.50,0,0.135,0.025,0,0,,0,0.18,,,
8413.60,0.2,0.135,0.025,0.05,0,,0,0.18,,,
8413.70,0,0,0,0,0,,0,0,,,
8413.70.11,0.2,0.16,0.025,0.05,0,,0,0.18,,,
8413.70.19,0.2,0.135,0.025,0.05,0,,0,0.18,,,
8413.70.91,0,0.16,0.025,0,0,,0,0.18,,,
8413.70.99,0,0.135,0.025,0,0,,0,0.18,,,
8413.81,0,0.135,0.025,0,0,,0,0.18,,,
8413.82,0,0.135,0.025,0,0,,0,0.18,,,
8413.91,0,0,0,0,0,,0,0,,,
8413.91.10,0.5,0.135,0.025,0,0,,0,0.18,,,
8413.91.90,0.395,0.135,0.025,0,0,,0,0.18,,,
8413.92,0.245,0.135,0.025,0,0,,0,0.18,,,
8414.10,0,0.11,0.025,0,0,,0,0.18,,,
8414.20,0,0.11,0.025,0,0,,0,0.18,,,
8414.30,0,0.07,0.025,0,0,,0,0.18,,,
8414.40,0,0.11,0.025,0,0,,0,0.18,,,
8414.51,0.466,0.07,0.025,0,0,,0,0.18,,,
8414.59,0.2,0.11,0.025,0,0,,0,0.18,,,
8414.60,0,0.11,0.025,0,0,,0,0.18,,,
8414.70,0,0.11,0.025,0,0,,0,0.18,,,
8414.80,0,0.11,0.025,0,0,,0,0.18,,,
8414.90,0,0,0,0,0,,0,0,,,
8414.90.10,0.4,0.07,0.025,0,0,,0,0.18,,,
8414.90.90,0,0.135,0.025,0,0,,0,0.18,,,
8415.10,0,0,0,0,0,,0,0,,,
8415.10.10,0.2,0,0.025,0.1,0,,0,0.18,,,
8415.10.21,0,0.05,0.025,0.1,0,"20% or Rs.9,800/= per u | 10% or Rs.5,000/= per u",0,0.18,,,
8415.10.22,0,0.05,0.025,0.1,0,"20% or Rs.11,600/ = per u | 10% or Rs.5,800/= per u",0,0.18,,,
8415.10.23,0,0.05,0.025,0.1,0,"20% or Rs.14,000/ = per u | 10% or Rs.7,000/= per u",0,0.18,,,
8415.10.24,0,0.05,0.025,0.1,0,"20% or Rs.19,800/ = per u | 10% or Rs.9,800/= per u",0,0.18,,,
8415.10.25,0,0.05,0.025,0.1,0,"20% or Rs.26,400/ = per u | 10% or Rs.13,200/= per u",0,0.18,,,
8415.10.29,0.2,0.075,0.025,0.1,0,,0,0.18,,,
8415.10.31,0,0.05,0.025,0.1,0,"19% or Rs.6,082/= per u | 20% or Rs.6,400/= per u | 10% or Rs.3,200/= per u",0,0.18,,,
8415.10.32,0,0.05,0.025,0.1,0,"19% or Rs.7,793/= per u | 20% or Rs.8,200/= per u | 10% or Rs.4,000/= per u",0,0.18,,,
8415.10.33,0,0.05,0.025,0.1,0,"19% or Rs.10,639 /= per u | 20% or Rs.11,200/ = per u | 10% or Rs.5,600/= per u",0,0.18,,,
8415.10.34,0,0.05,0.025,0.1,0,"20% or Rs.24,000/ = per u | 10% or Rs.11,800/= per u",0,0.18,,,
8415.10.35,0,0.05,0.025,0.1,0,"20% or Rs.31,200/ = per u | 10% or Rs.15,600/= per u",0,0.18,,,
8415.10.39,0.2,0.075,0.025,0.1,0,,0,0.18,,,
8415.20,0,0,0,0,0,,0,0,,,
8415.20.10,0.2,0,0.025,0.05,0,,0,0.18,,,
8415.20.90,0.2,0.135,0.025,0.05,0,,0,0.18,,,
8415.81,0,0,0,0,0,,0,0,,,
8415.81.10,0.295,0,0.025,0,0,,0,0.18,,,
8415.81.90,0.295,0.135,0.025,0,0,,0,0.18,,,
8415.82,0,0,0,0,0,,0,0,,,
8415.82.10,0.295,0,0.025,0,0,,0,0.18,,,
8415.82.90,0.295,0.135,0.025,0,0,,0,0.18,,,
8415.83,0,0,0,0,0,,0,0,,,
8415.83.10,0.295,0,0.025,0,0,,0,0.18,,,
8415.83.90,0.295,0.135,0.025,0,0,,0,0.18,,,
8415.90,0,0,0,0,0,,0,0,,,
8415.90.10,0,0,0,0,0,,0,0,,,
8415.90.11,0,0,0.025,0.05,0,"5% or Rs. 7,467/= per u | 5% or Rs. 7,467/= per u | 20% or Rs.29,900/ = per u | 5% or Rs.7,450/= per u",0,0.18,,,
8415.90.19,0,0.075,0.025,0.05,0,"5% or Rs. 7,467/= per u | 5% or Rs. 7,467/= per u | 20% or Rs.29,900/ = per u | 5% or Rs.7,450/= per u",0,0.18,,,
8415.90.20,0,0,0,0,0,,0,0,,,
8415.90.21,0,0,0.025,0.05,0,"5% or Rs. 7,467/= per u | 5% or Rs. 7,467/= per u | 20% or Rs.29,900/ = per u | 5% or Rs.7,450/= per u",0,0.18,,,
8415.90.29,0,0.075,0.025,0.05,0,"5% or Rs. 7,467/= per u | 5% or Rs. 7,467/= per u | 20% or Rs.29,900/ = per u | 5% or Rs.7,450/= per u",0,0.18,,,
8415.90.90,0.295,0.05,0.025,0,0,,0,0.18,,,
8416.10,0,0.11,0.025,0,0,,0,0.18,,,
8416.20,0,0.11,0.025,0,0,,0,0.18,,,
8416.30,0,0.11,0.025,0,0,,0,0.18,,,
8416.90,0,0.11,0.025,0,0,,0,0.18,,,
8417.10,0,0.11,0.025,0,0,,0,0.18,,,
8417.20,0,0.11,0.025,0,0,,0,0.18,,,
8417.80,0,0.11,0.025,0,0,,0,0.18,,,
8417.90,0,0.11,0.025,0,0,,0,0.18,,,
8418.10,0,0,0,0,0,,0,0,,,
8418.10.10,0.443,0.05,0.025,0,0,,0,0.18,,,
8418.10.90,0.443,0.05,0.025,0,0,,0,0.18,,,
8418.21,0,0,0,0,0,,0,0.18,,,
8418.21.10,0.473,0.05,0.025,0,0,,0,0.18,,,
8418.21.90,0.473,0.05,0.025,0,0,,0,0.18,,,
8418.29,0,0,0,0,0,,0,0,,,
8418.29.10,0.483,0.05,0.025,0,0,,0,0.18,,,
8418.29.20,0.483,0.05,0.025,0,0,,0,0.18,,,
8418.29.30,0.393,0.05,0.025,0,0,,0,0.18,,,
8418.29.90,0.393,0.05,0.025,0,0,,0,0.18,,,
8418.30,0,0,0,0,0,,0,0,,,
8418.30.10,0.474,0.05,0.025,0.1,0,,0,0.18,,,
8418.30.20,0.474,0.05,0.025,0.1,0,,0,0.18,,,
8418.30.30,0,0.11,0.025,0,0,,0,0.18,,,
8418.30.90,0,0.11,0.025,0,0,,0,0.18,,,
8418.40,0,0,0,0,0,,0,0,,,
8418.40.10,0.374,0.05,0.025,0.1,0,,0,0.18,,,
8418.40.20,0.374,0.05,0.025,0.1,0,,0,0.18,,,
8418.40.30,0,0.11,0.025,0,0,,0,0.18,,,
8418.40.90,0,0.11,0.025,0,0,,0,0.18,,,
8418.50,0,0,0,0,0,,0,0,,,
8418.50.10,0,0.11,0.025,0,0,,0,0.18,,,
8418.50.90,0,0,0.025,0,0,,0,0.18,,,
8418.61.00,0,0,0.025,0,0,,0,0.18,,,
8418.69,0,0,0,0,0,,0,0,,,
8418.69.10,0.395,0.05,0.025,0,0,,0,0.18,,,
8418.69.20,0.395,0.05,0.025,0,0,,0,0.18,,,
8418.69.30,0,0.11,0.025,0,0,,0,0.18,,,
8418.69.40,0,0.07,0.025,0,0,,0,0.18,,,
8418.69.50,0,0.11,0.025,0,0,,0,0.18,,,
8418.69.60,0,0,0.025,0,0,,0,0.18,,,
8418.69.70,0,0.11,0.025,0,0,,0,0.18,,,
8418.69.90,0,0.135,0.025,0,0,,0,0.18,,,
8418.91,0,0,0,0,0,,0,0,,,
8418.91.10,0,0.07,0.025,0,0,,0,0.18,,,
8418.91.20,0.2,0.05,0.025,0.05,0,,0,0.18,,,
8418.91.90,0.3,0.05,0.025,0,0,,0,0.18,,,
8418.99,0,0.07,0.025,0,0,,0,0.18,,,
8419.11,0,0.11,0.025,0,0,,0,0.18,,,
8419.12,0,0.11,0.025,0,0,,0,0.18,,,
8419.19,0,0.11,0.025,0,0,,0,0.18,,,
8419.20,0,0.11,0.025,0,0,,0,0.18,,,
8419.33,0,0.11,0.025,0,0,,0,0.18,,,
8419.34,0,0,0.025,0,0,,0,0.18,,,
8419.35,0,0.11,0.025,0,0,,0,0.18,,,
8419.39,0,0.11,0.025,0,0,,0,0.18,,,
8419.40,0,0.135,0.025,0,0,,0,0.18,,,
8419.50,0,0.11,0.025,0,0,,0,0.18,,,
8419.60,0,0.11,0.025,0,0,,0,0.18,,,
8419.81,0,0.11,0.025,0,0,,0,0.18,,,
8419.89,0,0,0,0,0,,0,0,,,
8419.89.10,0,0,0.025,0,0,,0,0.18,,,
8419.89.90,0,0.11,0.025,0,0,,0,0.18,,,
8419.90,0,0.11,0.025,0,0,,0,0.18,,,
8420.10,0,0.11,0.025,0,0,,0,0.18,,,
8420.91,0,0.11,0.025,0,0,,0,0.18,,,
8420.99,0,0.11,0.025,0,0,,0,0.18,,,
8421.11,0,0.11,0.025,0,0,,0,0.18,,,
8421.12,0,0.11,0.025,0,0,,0,0.18,,,
8421.19,0,0,0,0,0,,0,0,,,
8421.19.10,0,0.11,0.025,0,0,,0,0.18,,,
8421.19.90,0,0.11,0.025,0,0,,0,0.18,,,
8421.21,0,0,0,0,0,,0,0,,,
8421.21.10,0,0.11,0.025,0,0,"10% or Rs.334/= per unit | 20% or Rs.1,000/ = per u",0,0.18,,,
8421.21.90,0,0.135,0.025,0,0,,0,0.18,,,
8421.22,0.3,0.11,0.025,0,0,,0,0.18,,,
8421.23,0,0,0,0,0,,0,0,,,
8421.23.10,0,0,0.025,0,0,,0,0.18,,,
8421.23.90,0.2,0,0.025,0.05,0,,0,0.18,,,
8421.29,0,0,0,0,0,,0,0.18,,,
8421.29.10,0,0.11,0.025,0,0,,0,0.18,,,
8421.29.90,0,0.11,0.025,0,0,,0,0.18,,,
8421.31,0.2,0.11,0.025,0.05,0,,0,0.18,,,
8421.32,0,0.11,0.025,0.05,0,,0,0.18,,,
8421.39,0,0.11,0.025,0,0,,0,0.18,,,
8421.91,0,0.11,0.025,0,0,,0,0.18,,,
8421.99,0,0,0,0,0,,0,0,,,
8421.99.10,0.3,0.11,0.025,0.05,0,,0,0.18,,,
8421.99.20,0.3,0.11,0.025,0.05,0,,0,0.18,,,
8421.99.90,0.395,0.11,0.025,0,0,,0,0.18,,,
8422.11,0.295,0.07,0.025,0,0,,0,0.18,,,
8422.19,0,0.11,0.025,0,0,,0,0.18,,,
8422.20,0,0.11,0.025,0,0,,0,0.18,,,
8422.30,0,0,0,0,0,,0,0,,,
8422.30.10,0,0,0.025,0,0,,0,0.18,,,
8422.30.20,0,0,0.025,0,0,,0,0.18,,,
8422.30.30,0,0,0.025,0,0,,0,0.18,,,
8422.30.90,0,0.11,0.025,0,0,,0,0.18,,,
8422.40,0,0.11,0.025,0,0,,0,0.18,,,
8422.90,0,0.11,0.025,0,0,,0,0.18,,,
8423.10,0,0,0,0,0,,0,0,,,
8423.10.10,0,0.135,0.025,0,0,,0,0.18,,,
8423.10.20,0.2,0.075,0.025,0.1,0,,0,0.18,,,
8423.20,0,0.11,0.025,0,0,,0,0.18,,,
8423.30,0,0.135,0.025,0,0,,0,0.18,,,
8423.81,0.3,0.075,0.025,0.05,0,,0,0.18,,,
8423.82,0.49,0.135,0.025,0.05,0,,0,0.18,,,
8423.89,0,0.135,0.025,0,0,,0,0.18,,,
8423.90,0,0,0,0,0,,0,0,,,
8423.90.10,0.505,0.135,0.025,0.05,0,,0,0.18,,,
8423.90.90,0,0.135,0.025,0,0,,0,0.18,,,
8424.10,0.32,0.11,0.025,0,0,,0,0.18,,,
8424.20,0,0.11,0.025,0,0,,0,0.18,,,
8424.30,0,0.11,0.025,0,0,,0,0.18,,,
8424.41,0,0.11,0.025,0,0,,0,0.18,,,
8424.49,0,0.11,0.025,0,0,,0,0.18,,,
8424.82,0,0.11,0.025,0,0,,0,0.18,,,
8424.89,0,0.11,0.025,0,0,,0,0.18,,,
8424.90,0,0.11,0.025,0,0,,0,0.18,,,
8425.11,0,0.11,0.025,0,0,,0,0.18,,,
8425.19,0,0.11,0.025,0,0,,0,0.18,,,
8425.31,0,0.11,0.025,0,0,,0,0.18,,,
8425.39,0,0.11,0.025,0,0,,0,0.18,,,
8425.41,0,0.11,0.025,0,0,,0,0.18,,,
8425.42,0,0.11,0.025,0,0,,0,0.18,,,
8425.49,0,0.11,0.025,0,0,,0,0.18,,,
8426.11,0,0.11,0.025,0,0,,0,0.18,,,
8426.12,0,0.11,0.025,0,0,,0,0.18,,,
8426.19,0,0.11,0.025,0,0,,0,0.18,,,
8426.20,0,0.11,0.025,0,0,,0,0.18,,,
8426.30,0,0.11,0.025,0,0,,0,0.18,,,
8426.41,0,0.11,0.025,0,0,,0,0.18,,,
8426.49,0,0.11,0.025,0,0,,0,0.18,,,
8426.91,0,0.11,0.025,0,0,,0,0.18,,,
8426.99,0,0.11,0.025,0,0,,0,0.18,,,
8427.10,0,0.11,0.025,0,0,,0,0.18,,,
8427.20,0,0.135,0.025,0,0,,0,0.18,,,
8427.90,0,0,0,0,0,,0,0,,,
8427.90.10,0,0.11,0.025,0,0,,0,0.18,,,
8427.90.90,0,0.11,0.025,0,0,,0,0.18,,,
8428.10,0,0,0,0,0,,0,0,,,
8428.10.10,0,0,0.025,0,0,,0,0.18,,,
8428.10.90,0,0,0.025,0,0,,0,0.18,,,
8428.20,0,0.11,0.025,0,0,,0,0.18,,,
8428.31,0,0,0.025,0,0,,0,0.18,,,
8428.32,0,0.11,0.025,0,0,,0,0.18,,,
8428.33,0,0.11,0.025,0,0,,0,0.18,,,
8428.39,0,0.11,0.025,0,0,,0,0.18,,,
8428.40,0,0.11,0.025,0,0,,0,0.18,,,
8428.60,0,0.11,0.025,0,0,,0,0.18,,,
8428.70,0,0.11,0.025,0,0,,0,0.18,,,
8428.90,0,0.11,0.025,0,0,,0,0.18,,,
8429.11,0,0.11,0.025,0,0,,0,0.18,,,
8429.19,0,0.11,0.025,0,0,,0,0.18,,,
8429.20,0,0.11,0.025,0,0,,0,0.18,,,
8429.30,0,0,0.025,0,0,,0,0.18,,,
8429.40,0,0.11,0.025,0,0,,0,0.18,,,
8429.51,0,0.135,0.025,0,0,,0,0.18,,,
8429.52,0,0.135,0.025,0,0,,0,0.18,,,
8429.59,0,0.135,0.025,0,0,,0,0.18,,,
8430.10,0,0.11,0.025,0,0,,0,0.18,,,
8430.20,0,0,0.025,0,0,,0,0.18,,,
8430.31,0,0,0.025,0,0,,0,0.18,,,
8430.39,0,0.11,0.025,0,0,,0,0.18,,,
8430.41,0,0.135,0.025,0,0,,0,0.18,,,
8430.49,0,0.135,0.025,0,0,,0,0.18,,,
8430.50,0,0,0.025,0,0,,0,0.18,,,
8430.61,0,0.11,0.025,0,0,,0,0.18,,,
8430.69,0,0.11,0.025,0,0,,0,0.18,,,
8431.10,0,0.11,0.025,0,0,,0,0.18,,,
8431.20,0,0.11,0.025,0,0,,0,0.18,,,
8431.31,0,0.11,0.025,0,0,,0,0.18,,,
8431.39,0,0.11,0.025,0,0,,0,0.18,,,
8431.41,0,0.11,0.025,0,0,,0,0.18,,,
8431.42,0,0.11,0.025,0,0,,0,0.18,,,
8431.43,0,0.11,0.025,0,0,,0,0.18,,,
8431.49,0,0.135,0.025,0,0,,0,0.18,,,
8432.10,0.015,0,0.025,0,0,,0,0.18,,,
8432.21,0.055,0,0.025,0,0,,0,0.18,,,
8432.29,0.055,0,0.025,0,0,,0,0.18,,,
8432.31,0.055,0,0.025,0,0,,0,0.18,,,
8432.39,0.055,0,0.025,0,0,,0,0.18,,,
8432.41,0.055,0,0.025,0,0,,0,0.18,,,
8432.42,0.055,0,0.025,0,0,,0,0.18,,,
8432.80,0,0,0,0,0,,0,0,,,
8432.80.10,0.195,0,0.025,0,0,,0,0.18,,,
8432.80.90,0.055,0,0.025,0,0,,0,0.18,,,
8432.90,0,0,0,0,0,,0,0,,,
8432.90.10,0.145,0,0.025,0,0,,0,0.18,,,
8432.90.90,0.055,0.11,0.025,0,0,,0,0.18,,,
8433.11,0.18,0,0.025,0,0,,0,0.18,,,
8433.19,0.36,0.05,0.025,0,0,,0,0.18,,,
8433.20,0.055,0,0.025,0,0,,0,0.18,,,
8433.30,0.055,0,0.025,0,0,,0,0.18,,,
8433.40,0.015,0,0.025,0,0,,0,0.18,,,
8433.51,0,0,0.025,0,0,,0,0.18,,,
8433.52,0.015,0,0.025,0,0,,0,0.18,,,
8433.53,0.055,0,0.025,0,0,,0,0.18,,,
8433.59,0.015,0.11,0.025,0,0,,0,0.18,,,
8433.60,0.055,0,0.025,0,0,,0,0.18,,,
8433.90,0,0,0,0,0,,0,0,,,
8433.90.10,0.055,0,0.025,0,0,,0,0.18,,,
8433.90.90,0.055,0.11,0.025,0,0,,0,0.18,,,
8434.10,0,0,0,0,0,,0,0.18,,,
8434.20,0,0,0,0,0,,0,0.18,,,
8434.90,0,0,0,0,0,,0,0.18,,,
8435.10,0,0.11,0.025,0,0,,0,0.18,,,
8435.90,0,0,0.025,0,0,,0,0.18,,,
8436.10,0,0,0.025,0,0,,0,0.18,,,
8436.21,0,0,0.025,0,0,,0,0.18,,,
8436.29,0,0.11,0.025,0,0,,0,0.18,,,
8436.80,0,0,0.025,0,0,,0,0.18,,,
8436.91,0,0,0.025,0,0,,0,0.18,,,
8436.99,0,0.11,0.025,0,0,,0,0.18,,,
8437.10,0,0,0.025,0,0,,0,0.18,,,
8437.80,0,0,0.025,0,0,,0,0.18,,,
8437.90,0,0.11,0.025,0,0,,0,0.18,,,
8438.10,0,0.11,0.025,0,0,,0,0.18,,,
8438.20,0,0.11,0.025,0,0,,0,0.18,,,
8438.30,0,0.11,0.025,0,0,,0,0.18,,,
8438.40,0,0.11,0.025,0,0,,0,0.18,,,
8438.50,0,0.11,0.025,0,0,,0,0.18,,,
8438.60,0,0,0.025,0,0,,0,0.18,,,
8438.80,0,0,0,0,0,,0,0,,,
8438.80.10,0,0,0.025,0,0,,0,0.18,,,
8438.80.20,0,0,0.025,0,0,,0,0.18,,,
8438.80.30,0.05,0,0.025,0,0,,0,0.18,,,
8438.80.40,0.015,0,0.025,0,0,,0,0.18,,,
8438.80.90,0,0.135,0.025,0,0,,0,0.18,,,
8438.90,0,0.11,0.025,0,0,,0,0.18,,,
8439.10,0,0,0.025,0,0,,0,0.18,,,
8439.20,0,0.11,0.025,0,0,,0,0.18,,,
8439.30,0,0.11,0.025,0,0,,0,0.18,,,
8439.91,0,0,0.025,0,0,,0,0.18,,,
8439.99,0,0.11,0.025,0,0,,0,0.18,,,
8440.10,0,0.11,0.025,0,0,,0,0.18,,,
8440.90,0,0,0.025,0,0,,0,0.18,,,
8441.10,0,0.11,0.025,0,0,,0,0.18,,,
8441.20,0,0.11,0.025,0,0,,0,0.18,,,
8441.30,0,0.11,0.025,0,0,,0,0.18,,,
8441.40,0,0.11,0.025,0,0,,0,0.18,,,
8441.80,0,0.11,0.025,0,0,,0,0.18,,,
8441.90,0,0.11,0.025,0,0,,0,0.18,,,
8442.30,0,0.11,0.025,0,0,,0,0.18,,,
8442.40,0,0,0.025,0,0,,0,0.18,,,
8442.50,0,0.11,0.025,0,0,,0,0.18,,,
8443.11,0,0.11,0.025,0,0,,0,0.18,,,
8443.12,0,0.11,0.025,0,0,,0,0.18,,,
8443.13,0,0.11,0.025,0,0,,0,0.18,,,
8443.14,0,0.11,0.025,0,0,,0,0.18,,,
8443.15,0,0.11,0.025,0,0,,0,0.18,,,
8443.16,0,0.11,0.025,0,0,,0,0.18,,,
8443.17,0,0.11,0.025,0,0,,0,0.18,,,
8443.19,0,0,0,0,0,,0,0,,,
8443.19.10,0,0.11,0.025,0,0,,0,0,,,
8443.19.90,0,0.11,0.025,0,0,,0,0.18,,,
8443.31,0,0,0,0,0,,0,0,,,
8443.31.11,0,0.11,0.025,0,0,,0,0.18,,,
8443.31.19,0,0.11,0.025,0,0,,0,0.18,,,
8443.31.91,0,0.135,0.025,0,0,,0,0.18,,,
8443.31.99,0,0.135,0.025,0,0,,0,0.18,,,
8443.32,0,0,0,0,0,,0,0,,,
8443.32.11,0,0.11,0.025,0,0,,0,0.18,,,
8443.32.19,0,0.11,0.025,0,0,,0,0.18,,,
8443.32.21,0,0,0.025,0,0,,0,0.18,,,
8443.32.29,0,0,0.025,0,0,,0,0.18,,,
8443.32.31,0,0.11,0,0,0,,0,0.18,,,
8443.32.39,0,0.11,0,0,0,,0,0.18,,,
8443.32.41,0,0.135,0.025,0,0,,0,0.18,,,
8443.32.49,0,0.135,0.025,0,0,,0,0.18,,,
8443.32.91,0,0.11,0.025,0,0,,0,0.18,,,
8443.32.99,0,0.11,0.025,0,0,,0,0.18,,,
8443.39,0,0,0,0,0,,0,0,,,
8443.39.11,0,0.11,0.025,0,0,,0,0.18,,,
8443.39.19,0,0.11,0.025,0,0,,0,0.18,,,
8443.39.21,0,0.11,0.025,0,0,,0,0.18,,,
8443.39.29,0,0.11,0.025,0,0,,0,0.18,,,
8443.39.31,0,0.11,0.025,0,0,,0,0.18,,,
8443.39.39,0,0.11,0.025,0,0,,0,0.18,,,
8443.39.91,0,0.11,0.025,0,0,,0,0.18,,,
8443.39.99,0,0.11,0.025,0,0,,0,0.18,,,
8443.91,0,0.11,0.025,0,0,,0,0.18,,,
8443.99,0,0,0,0,0,,0,0,,,
8443.99.10,0,0.11,0.025,0,0,,0,0.18,,,
8443.99.20,0,0.11,0.025,0,0,,0,0.18,,,
8443.99.30,0,0.135,0.025,0,0,,0,0.18,,,
8443.99.90,0,0.135,0.025,0,0,,0,0.18,,,
8444.00,0,0,0.025,0,0,,0,0.18,,,
8445.11,0,0,0.025,0,0,,0,0.18,,,
8445.12,0,0,0.025,0,0,,0,0.18,,,
8445.13,0,0,0.025,0,0,,0,0.18,,,
8445.19,0,0,0.025,0,0,,0,0.18,,,
8445.20,0,0,0.025,0,0,,0,0.18,,,
8445.30,0,0.07,0.025,0,0,,0,0.18,,,
8445.40,0,0,0.025,0,0,,0,0.18,,,
8445.90,0,0,0.025,0,0,,0,0.18,,,
8446.10,0,0,0.025,0,0,,0,0.18,,,
8446.21,0,0.07,0.025,0,0,,0,0.18,,,
8446.29,0,0.07,0.025,0,0,,0,0.18,,,
8446.30,0,0.07,0.025,0,0,,0,0.18,,,
8447.11,0,0,0.025,0,0,,0,0.18,,,
8447.12,0,0.07,0.025,0,0,,0,0.18,,,
8447.20,0,0.07,0.025,0,0,,0,0.18,,,
8447.90,0,0.07,0.025,0,0,,0,0.18,,,
8448.11,0,0,0.025,0,0,,0,0.18,,,
8448.19,0,0,0.025,0,0,,0,0.18,,,
8448.20,0,0,0.025,0,0,,0,0.18,,,
8448.31,0,0,0.025,0,0,,0,0.18,,,
8448.32,0,0,0.025,0,0,,0,0.18,,,
8448.33,0,0,0.025,0,0,,0,0.18,,,
8448.39,0,0,0.025,0,0,,0,0.18,,,
8448.42,0,0,0.025,0,0,,0,0.18,,,
8448.49,0,0.11,0.025,0,0,,0,0.18,,,
8448.51,0,0.07,0.025,0,0,,0,0.18,,,
8448.59,0,0.11,0.025,0,0,,0,0.18,,,
8449.00,0,0.11,0.025,0,0,,0,0.18,,,
8450.11,0,0,0,0,0,,0,0,,,
8450.11.10,0.2,0.05,0.025,0,0,,0,0.18,,,
8450.11.20,0.2,0,0.025,0.1,0,,0,0.18,,,
8450.11.31,0,0.05,0.025,0.1,0,"20% or Rs.4,400/= per u | 10% or Rs.2,200/= per u",0,0.18,,,
8450.11.32,0,0.05,0.025,0.1,0,"20% or Rs.5,400/= per u | 10% or Rs.2,600/= per u",0,0.18,,,
8450.11.33,0,0.05,0.025,0.1,0,"20% or Rs.6,300/= per u | 10% or Rs.3,100/= per u",0,0.18,,,
8450.11.34,0,0.05,0.025,0.1,0,"20% or Rs7,000/= per u | 10% or Rs.3,500/= per u",0,0.18,,,
8450.11.39,0.2,0.05,0.025,0.1,0,,0,0.18,,,
8450.11.41,0,0.05,0.025,0.1,0,"20% or Rs.5,400/= per u | 10% or Rs.2,600/= per u",0,0.18,,,
8450.11.42,0,0.05,0.025,0.1,0,"20% or Rs.6,700/= per u | 10% or Rs.3,300/= per u",0,0.18,,,
8450.11.43,0,0.05,0.025,0.1,0,"20% or Rs.7,700/= per u | 10% or Rs.3,800/= per u",0,0.18,,,
8450.11.44,0,0.05,0.025,0.1,0,"20% or Rs.8,800/= per u | 10% or Rs.4,400/= per u",0,0.18,,,
8450.11.49,0.2,0.05,0.025,0.1,0,,0,0.18,,,
8450.12,0,0,0,0,0,,0,0,,,
8450.12.10,0.2,0.075,0.025,0,0,,0,0.18,,,
8450.12.20,0.2,0,0.025,0.1,0,,0,0.18,,,
8450.12.31,0,0.075,0.025,0.1,0,"20% or Rs.2,200/= per u | 10% or Rs.1,000/= per u",0,0.18,,,
8450.12.32,0,0.075,0.025,0.1,0,"20% or Rs.3,100/= per u | 10% or Rs.1,500/= per u",0,0.18,,,
8450.12.33,0,0.075,0.025,0.1,0,"20% or Rs.4,200/= per u | 10% or Rs.2,000/= per u",0,0.18,,,
8450.12.34,0,0.075,0.025,0.1,0,"20% or Rs.5,400/= per u | 10% or Rs.2,600/= per u",0,0.18,,,
8450.12.39,0.2,0.075,0.025,0.1,0,,0,0.18,,,
8450.19,0,0,0,0,0,,0,0,,,
8450.19.10,0.2,0.075,0.025,0,0,,0,0.18,,,
8450.19.20,0.2,0,0.025,0.1,0,,0,0.18,,,
8450.19.31,0,0.075,0.025,0.1,0,"20% or Rs.2,200/= per u | 10% or Rs.1,000/= per u",0,0.18,,,
8450.19.32,0,0.075,0.025,0.1,0,"20% or Rs.3,100/= per u | 10% or Rs.1,500/= per u",0,0.18,,,
8450.19.33,0,0.075,0.025,0.1,0,"20% or Rs.4,200/= per u | 10% or Rs.2,000/= per u",0,0.18,,,
8450.19.34,0,0.075,0.025,0.1,0,"20% or Rs.5,400/= per u | 10% or Rs.2,600/= per u",0,0.18,,,
8450.19.39,0.2,0.075,0.025,0.1,0,,0,0.18,,,
8450.20,0,0,0,0,0,,0,0,,,
8450.20.10,0,0.135,0.025,0,0,,0,0.18,,,
8450.20.90,0,0.135,0.025,0,0,,0,0.18,,,
8450.90,0,0,0,0,0,,0,0,,,
8450.90.10,0.2,0.11,0.025,0,0,,0,0.18,,,
8450.90.90,0,0.11,0.025,0,0,,0,0.18,,,
8451.10,0,0.135,0.025,0,0,,0,0.18,,,
8451.21,0,0.135,0.025,0,0,,0,0.18,,,
8451.29,0,0.135,0.025,0,0,,0,0.18,,,
8451.30,0,0.07,0.025,0,0,,0,0.18,,,
8451.40,0,0,0,0,0,,0,0,,,
8451.40.10,0,0.07,0.025,0,0,,0,0.18,,,
8451.40.90,0,0.07,0.025,0,0,,0,0.18,,,
8451.50,0,0.07,0.025,0,0,,0,0.18,,,
8451.80,0,0,0,0,0,,0,0,,,
8451.80.10,0,0.07,0.025,0,0,,0,0.18,,,
8451.80.90,0,0.135,0.025,0,0,,0,0.18,,,
8451.90,0,0.07,0.025,0,0,,0,0.18,,,
8452.10,0,0,0,0,0,,0,0,,,
8452.10.10,0.03,0.135,0.025,0.05,0,,0,0.18,,,
8452.10.90,0.53,0.135,0.025,0.05,0,,0,0.18,,,
8452.21,0,0.07,0.025,0,0,,0,0.18,,,
8452.29,0,0.07,0.025,0,0,,0,0.18,,,
8452.30,0,0.07,0.025,0,0,,0,0.18,,,
8452.90,0,0,0,0,0,,0,0,,,
8452.90.10,0.68,0.07,0.025,0.05,0,,0,0.18,,,
8452.90.90,0,0.07,0.025,0,0,,0,0.18,,,
8453.10,0,0.11,0.025,0,0,,0,0.18,,,
8453.20,0,0.11,0.025,0,0,,0,0.18,,,
8453.80,0,0.11,0.025,0,0,,0,0.18,,,
8453.90,0,0.11,0.025,0,0,,0,0.18,,,
8454.10,0,0,0.025,0,0,,0,0.18,,,
8454.20,0,0.11,0.025,0,0,,0,0.18,,,
8454.30,0,0.11,0.025,0,0,,0,0.18,,,
8454.90,0,0.11,0.025,0,0,,0,0.18,,,
8455.10,0,0.11,0.025,0,0,,0,0.18,,,
8455.21,0,0.11,0.025,0,0,,0,0.18,,,
8455.22,0,0.11,0.025,0,0,,0,0.18,,,
8455.30,0,0.11,0.025,0,0,,0,0.18,,,
8455.90,0,0.11,0.025,0,0,,0,0.18,,,
8456.11,0,0.11,0.025,0,0,,0,0.18,,,
8456.12,0,0.11,0.025,0,0,,0,0.18,,,
8456.20,0,0.11,0.025,0,0,,0,0.18,,,
8456.30,0,0.11,0.025,0,0,,0,0.18,,,
8456.40,0,0.11,0.025,0,0,,0,0.18,,,
8456.50,0,0.11,0.025,0,0,,0,0.18,,,
8456.90,0,0.11,0.025,0,0,,0,0.18,,,
8457.10,0,0.11,0.025,0,0,,0,0.18,,,
8457.20,0,0,0.025,0,0,,0,0.18,,,
8457.30,0,0.11,0.025,0,0,,0,0.18,,,
8458.11,0,0.11,0.025,0,0,,0,0.18,,,
8458.19,0,0.11,0.025,0,0,,0,0.18,,,
8458.91,0,0.11,0.025,0,0,,0,0.18,,,
8458.99,0,0.11,0.025,0,0,,0,0.18,,,
8459.10,0,0,0.025,0,0,,0,0.18,,,
8459.21,0,0,0.025,0,0,,0,0.18,,,
8459.29,0,0.11,0.025,0,0,,0,0.18,,,
8459.31,0,0,0.025,0,0,,0,0.18,,,
8459.39,0,0,0.025,0,0,,0,0.18,,,
8459.41,0,0.11,0.025,0,0,,0,0.18,,,
8459.49,0,0,0.025,0,0,,0,0.18,,,
8459.51,0,0,0.025,0,0,,0,0.18,,,
8459.59,0,0.11,0.025,0,0,,0,0.18,,,
8459.61,0,0.11,0.025,0,0,,0,0.18,,,
8459.69,0,0.11,0.025,0,0,,0,0.18,,,
8459.70,0,0.11,0.025,0,0,,0,0.18,,,
8460.12,0,0,0.025,0,0,,0,0.18,,,
8460.19,0,0,0.025,0,0,,0,0.18,,,
8460.22,0,0.11,0.025,0,0,,0,0.18,,,
8460.23,0,0.11,0.025,0,0,,0,0.18,,,
8460.24,0,0.11,0.025,0,0,,0,0.18,,,
8460.29,0,0.11,0.025,0,0,,0,0.18,,,
8460.31,0,0,0.025,0,0,,0,0.18,,,
8460.39,0,0.11,0.025,0,0,,0,0.18,,,
8460.40,0,0,0.025,0,0,,0,0.18,,,
8460.90,0,0.11,0.025,0,0,,0,0.18,,,
8461.20,0,0,0.025,0,0,,0,0.18,,,
8461.30,0,0,0.025,0,0,,0,0.18,,,
8461.40,0,0,0.025,0,0,,0,0.18,,,
8461.50,0,0.11,0.025,0,0,,0,0.18,,,
8461.90,0,0.11,0.025,0,0,,0,0.18,,,
8462.11,0,0.11,0.025,0,0,,0,0.18,,,
8462.19,0,0.11,0.025,0,0,,0,0.18,,,
8462.22,0,0.11,0.025,0,0,,0,0.18,,,
8462.23,0,0.11,0.025,0,0,,0,0.18,,,
8462.24,0,0.11,0.025,0,0,,0,0.18,,,
8462.25,0,0.11,0.025,0,0,,0,0.18,,,
8462.26,0,0.11,0.025,0,0,,0,0.18,,,
8462.29,0,0.11,0.025,0,0,,0,0.18,,,
8462.32,0,0.11,0.025,0,0,,0,0.18,,,
8462.33,0,0.11,0.025,0,0,,0,0.18,,,
8462.39,0,0.11,0.025,0,0,,0,0.18,,,
8462.42,0,0.11,0.025,0,0,,0,0.18,,,
8462.49,0,0.11,0.025,0,0,,0,0.18,,,
8462.51,0,0.11,0.025,0,0,,0,0.18,,,
8462.59,0,0.11,0.025,0,0,,0,0.18,,,
8462.61,0,0.11,0.025,0,0,,0,0.18,,,
8462.62,0,0.11,0.025,0,0,,0,0.18,,,
8462.63,0,0.11,0.025,0,0,,0,0.18,,,
8462.69,0,0.11,0.025,0,0,,0,0.18,,,
8462.90,0,0.11,0.025,0,0,,0,0.18,,,
8463.10,0,0.11,0.025,0,0,,0,0.18,,,
8463.20,0,0.11,0.025,0,0,,0,0.18,,,
8463.30,0,0.11,0.025,0,0,,0,0.18,,,
8463.90,0,0.11,0.025,0,0,,0,0.18,,,
8464.10,0,0,0.025,0,0,,0,0.18,,,
8464.20,0,0,0.025,0,0,,0,0.18,,,
8464.90,0,0,0.025,0,0,,0,0.18,,,
8465.10,0,0.11,0.025,0,0,,0,0.18,,,
8465.20,0,0.11,0.025,0,0,,0,0.18,,,
8465.91,0,0.11,0.025,0,0,,0,0.18,,,
8465.92,0,0.11,0.025,0,0,,0,0.18,,,
8465.93,0,0.11,0.025,0,0,,0,0.18,,,
8465.94,0,0.11,0.025,0,0,,0,0.18,,,
8465.95,0,0.11,0.025,0,0,,0,0.18,,,
8465.96,0,0.11,0.025,0,0,,0,0.18,,,
8465.99,0,0.11,0.025,0,0,,0,0.18,,,
8466.10,0,0.11,0.025,0,0,,0,0.18,,,
8466.20,0,0.11,0.025,0,0,,0,0.18,,,
8466.30,0,0.11,0.025,0,0,,0,0.18,,,
8466.91,0,0.11,0.025,0,0,,0,0.18,,,
8466.92,0,0.11,0.025,0,0,,0,0.18,,,
8466.93,0,0.11,0.025,0,0,,0,0.18,,,
8466.94,0,0.11,0.025,0,0,,0,0.18,,,
8467.11,0,0.11,0.025,0,0,,0,0.18,,,
8467.19,0,0.11,0.025,0,0,,0,0.18,,,
8467.21,0,0.11,0.025,0,0,,0,0.18,,,
8467.22,0,0.11,0.025,0,0,,0,0.18,,,
8467.29,0,0.11,0.025,0,0,,0,0.18,,,
8467.81,0,0.11,0.025,0,0,,0,0.18,,,
8467.89,0,0.11,0.025,0,0,,0,0.18,,,
8467.91,0,0.11,0.025,0,0,,0,0.18,,,
8467.92,0,0.11,0.025,0,0,,0,0.18,,,
8467.99,0,0.11,0.025,0,0,,0,0.18,,,
8468.10,0,0,0.025,0,0,,0,0.18,,,
8468.20,0,0.11,0.025,0,0,,0,0.18,,,
8468.80,0,0.11,0.025,0,0,,0,0.18,,,
8468.90,0,0.11,0.025,0,0,,0,0.18,,,
8470.10,0,0.07,0.025,0,0,,0,0.18,,,
8470.21,0,0.11,0.025,0,0,,0,0.18,,,
8470.29,0,0.11,0.025,0,0,,0,0.18,,,
8470.30,0,0,0.025,0,0,,0,0.18,,,
8470.50,0,0.11,0.025,0,0,,0,0.18,,,
8470.90,0,0.11,0.025,0,0,,0,0.18,,,
8471.30,0,0,0,0,0,,0,0,,,
8471.30.10,0,0.11,0.025,0,0,,0,0.18,,,
8471.30.90,0,0.07,0.025,0,0,,0,0.18,,,
8471.41,0,0,0,0,0,,0,0,,,
8471.41.10,0,0.11,0.025,0,0,,0,0.18,,,
8471.41.90,0,0.07,0.025,0,0,,0,0.18,,,
8471.49,0,0,0,0,0,,0,0,,,
8471.49.10,0,0.11,0.025,0,0,,0,0.18,,,
8471.49.90,0,0.07,0.025,0,0,,0,0.18,,,
8471.50,0,0,0,0,0,,0,0,,,
8471.50.10,0,0.11,0.025,0,0,,0,0.18,,,
8471.50.90,0,0.07,0.025,0,0,,0,0.18,,,
8471.60,0,0.11,0.025,0,0,,0,0.18,,,
8471.70,0,0.135,0.025,0,0,,0,0.18,,,
8471.80,0,0.11,0.025,0,0,,0,0.18,,,
8471.90,0,0.11,0.025,0,0,,0,0.18,,,
8472.10,0,0.11,0.025,0,0,,0,0.18,,,
8472.30,0,0.11,0.025,0,0,,0,0.18,,,
8472.90,0,0,0,0,0,,0,0.18,,,
8472.90.10,0,0,0.025,0,0,,0,0,,,
8472.90.90,0,0,0.025,0,0,,0,0.18,,,
8473.21,0,0.11,0.025,0,0,,0,0.18,,,
8473.29,0,0.11,0.025,0,0,,0,0.18,,,
8473.30,0,0,0,0,0,,0,0,,,
8473.30.10,0,0.11,0.025,0,0,,0,0.18,,,
8473.30.90,0,0.07,0.025,0,0,,0,0.18,,,
8473.40,0,0,0,0,0,,0,0,,,
8473.40.10,0,0,0.025,0,0,,0,0,,,
8473.40.90,0,0.11,0.025,0,0,,0,0.18,,,
8473.50,0,0,0,0,0,,0,0,,,
8473.50.10,0,0,0.025,0,0,,0,0,,,
8473.50.90,0,0.11,0.025,0,0,,0,0.18,,,
8474.10,0,0.11,0.025,0,0,,0,0.18,,,
8474.20,0,0.11,0.025,0,0,,0,0.18,,,
8474.31,0,0.11,0.025,0,0,,0,0.18,,,
8474.32,0,0.11,0.025,0,0,,0,0.18,,,
8474.39,0,0.11,0.025,0,0,,0,0.18,,,
8474.80,0,0.11,0.025,0,0,,0,0.18,,,
8474.90,0,0.11,0.025,0,0,,0,0.18,,,
8475.10,0,0,0.025,0,0,,0,0.18,,,
8475.21,0,0,0.025,0,0,,0,0.18,,,
8475.29,0,0.11,0.025,0,0,,0,0.18,,,
8475.90,0,0.11,0.025,0,0,,0,0.18,,,
8476.21,0,0.11,0.025,0,0,,0,0.18,,,
8476.29,0,0.11,0.025,0,0,,0,0.18,,,
8476.81,0,0,0.025,0,0,,0,0.18,,,
8476.89,0,0.11,0.025,0,0,,0,0.18,,,
8476.90,0,0.11,0.025,0,0,,0,0.18,,,
8477.10,0,0.11,0.025,0,0,,0,0.18,,,
8477.20,0,0.11,0.025,0,0,,0,0.18,,,
8477.30,0,0.11,0.025,0,0,,0,0.18,,,
8477.40,0,0.11,0.025,0,0,,0,0.18,,,
8477.51,0,0.11,0.025,0,0,,0,0.18,,,
8477.59,0,0.11,0.025,0,0,,0,0.18,,,
8477.80,0,0.11,0.025,0,0,,0,0.18,,,
8477.90,0,0.11,0.025,0,0,,0,0.18,,,
8478.10,0,0.11,0.025,0,0,,0,0.18,,,
8478.90,0,0.11,0.025,0,0,,0,0.18,,,
8479.10,0,0.11,0.025,0,0,,0,0.18,,,
8479.20,0,0,0,0,0,,0,0,,,
8479.20.10,0.5,0.11,0.025,0.05,0,,0,0.18,,,
8479.20.90,0,0.11,0.025,0,0,,0,0.18,,,
8479.30,0,0.11,0.025,0,0,,0,0.18,,,
8479.40,0,0.11,0.025,0,0,,0,0.18,,,
8479.50,0,0.11,0.025,0,0,,0,0.18,,,
8479.60,0,0.11,0.025,0,0,,0,0.18,,,
8479.71,0,0.11,0.025,0,0,,0,0.18,,,
8479.79,0,0.11,0.025,0,0,,0,0.18,,,
8479.81,0,0.11,0.025,0,0,,0,0.18,,,
8479.82,0,0.11,0.025,0,0,,0,0.18,,,
8479.83,0,0.11,0.025,0,0,,0,0.18,,,
8479.89,0,0,0,0,0,,0,0,,,
8479.89.10,0,0.11,0.025,0,0,,0,0.18,,,
8479.89.20,0,0,0.025,0,0,,0,0.18,,,
8479.89.30,0,0.11,0.025,0,0,,0,0.18,,,
8479.89.40,0,0.11,0.025,0,0,,0,0.18,,,
8479.89.50,0,0,0.025,0,0,,0,0.18,,,
8479.89.90,0,0.11,0.025,0,0,,0,0.18,,,
8479.90,0,0.11,0.025,0,0,,0,0.18,,,
8480.10,0,0.11,0.025,0,0,,0,0.18,,,
8480.20,0,0.11,0.025,0,0,,0,0.18,,,
8480.30,0,0.11,0.025,0,0,,0,0.18,,,
8480.41,0,0.11,0.025,0,0,,0,0.18,,,
8480.49,0,0.11,0.025,0,0,,0,0.18,,,
8480.50,0,0.11,0.025,0,0,,0,0.18,,,
8480.60,0,0.11,0.025,0,0,,0,0.18,,,
8480.71,0,0.11,0.025,0,0,,0,0.18,,,
8480.79,0,0.11,0.025,0,0,,0,0.18,,,
8481.10,0,0,0,0,0,,0,0,,,
8481.10.10,0,0.11,0.025,0,0,,0,0.18,,,
8481.10.20,0,0.11,0.025,0,0,,0,0.18,,,
8481.10.90,0,0.11,0.025,0,0,,0,0.18,,,
8481.20,0,0.11,0.025,0,0,,0,0.18,,,
8481.30,0,0.11,0.025,0,0,,0,0.18,,,
8481.40,0,0.11,0.025,0,0,,0,0.18,,,
8481.80,0,0,0,0,0,,0,0,,,
8481.80.10,0,0.11,0.025,0,0,,0,0.18,,,
8481.80.20,0,0.11,0.025,0,0,,0,0.18,,,
8481.80.30,0,0.11,0.025,0,0,,0,0.18,,,
8481.80.40,0,0.11,0.025,0,0,,0,0.18,,,
8481.80.50,0,0.11,0.025,0,0,,0,0.18,,,
8481.80.61,0,0.11,0.025,0,0,,0,0.18,,,
8481.80.62,0,0.11,0.025,0,0,,0,0.18,,,
8481.80.63,0,0.11,0.025,0,0,,0,0.18,,,
8481.80.69,0,0.11,0.025,0,0,,0,0.18,,,
8481.80.70,0,0.11,0.025,0,0,,0,0.18,,,
8481.80.90,0,0.135,0.025,0,0,,0,0.18,,,
8481.90,0,0,0,0,0,,0,0,,,
8481.90.10,0,0.11,0.025,0,0,,0,0.18,,,
8481.90.20,0,0.11,0.025,0,0,,0,0.18,,,
8481.90.30,0,0.11,0.025,0,0,,0,0.18,,,
8481.90.40,0,0.11,0.025,0,0,,0,0.18,,,
8481.90.90,0,0.11,0.025,0,0,,0,0.18,,,
8482.10,0,0.11,0.025,0,0,,0,0.18,,,
8482.20,0,0.11,0.025,0,0,,0,0.18,,,
8482.30,0,0.11,0.025,0,0,,0,0.18,,,
8482.40,0,0.11,0.025,0,0,,0,0.18,,,
8482.50,0,0.11,0.025,0,0,,0,0.18,,,
8482.80,0,0.11,0.025,0,0,,0,0.18,,,
8482.91,0,0.11,0.025,0,0,,0,0.18,,,
8482.99,0,0.11,0.025,0,0,,0,0.18,,,
8483.10,0,0.135,0.025,0,0,,0,0.18,,,
8483.20,0,0.135,0.025,0,0,,0,0.18,,,
8483.30,0,0.135,0.025,0,0,,0,0.18,,,
8483.40,0,0.135,0.025,0,0,,0,0.18,,,
8483.50,0,0.07,0.025,0,0,,0,0.18,,,
8483.60,0,0.11,0.025,0,0,,0,0.18,,,
8483.90,0,0.11,0.025,0,0,,0,0.18,,,
8484.10,0,0.11,0.025,0,0,,0,0.18,,,
8484.20,0,0.11,0.025,0,0,,0,0.18,,,
8484.90,0,0.11,0.025,0,0,,0,0.18,,,
8485.10,0,0.11,0.025,0,0,,0,0.18,,,
8485.20,0,0.11,0.025,0,0,,0,0.18,,,
8485.30,0,0.11,0.025,0,0,,0,0.18,,,
8485.80,0,0.11,0.025,0,0,,0,0.18,,,
8485.90,0,0.11,0.025,0,0,,0,0.18,,,
8486.10,0,0.135,0.025,0,0,,0,0.18,,,
8486.20,0,0.11,0.025,0,0,,0,0.18,,,
8486.30,0,0.11,0.025,0,0,,0,0.18,,,
8486.40,0,0.11,0.025,0,0,,0,0.18,,,
8486.90,0,0.11,0.025,0,0,,0,0.18,,,
8487.10,0,0.11,0.025,0,0,,0,0.18,,,
8487.90,0,0.11,0.025,0,0,,0,0.18,,,
8501.10,0,0,0,0,0,,0,0,,,
8501.10.10,0,0.11,0.025,0,0,,0,0.18,,,
8501.10.90,0.1,0.07,0.025,0,0,,0,0.18,,,
8501.20,0,0.07,0.025,0,0,,0,0.18,,,
8501.31,0,0,0.025,0,0,,0,0.18,,,
8501.32,0,0.11,0.025,0,0,,0,0.18,,,
8501.33,0,0.11,0.025,0,0,,0,0.18,,,
8501.34,0,0.11,0.025,0,0,,0,0.18,,,
8501.40,0,0,0,0,0,,0,0,,,
8501.40.10,0.3,0.11,0.025,0,0,,0,0.18,,,
8501.40.20,0,0.11,0.025,0.05,0,18% or Rs.227/= per u | 5% or Rs.110/= per u | 5% or Rs.100/= per u | 20% or Rs.440/= per u | 5% or Rs.110/= per u,0,0.18,,,
8501.40.90,0,0.11,0.025,0,0,,0,0.18,,,
8501.51,0,0,0,0,0,,0,0,,,
8501.51.10,0.3,0.11,0.025,0,0,,0,0.18,,,
8501.51.90,0,0.11,0.025,0,0,,0,0.18,,,
8501.52,0,0,0,0,0,,0,0,,,
8501.52.10,0.2,0.11,0.025,0,0,,0,0.18,,,
8501.52.90,0,0.11,0.025,0,0,,0,0.18,,,
8501.53,0,0.11,0.025,0,0,,0,0.18,,,
8501.61,0,0,0.025,0,0,,0,0.18,,,
8501.62,0,0,0.025,0,0,,0,0.18,,,
8501.63,0,0,0.025,0,0,,0,0.18,,,
8501.64,0,0,0.025,0,0,,0,0.18,,,
8501.71,0,0,0,0,0,,0,0,,,
8501.71.10,0,0,0,0,0,,0,0.18,,,
8501.71.90,0,0,0.025,0,0,,0,0.18,,,
8501.72,0,0,0,0,0,,0,0,,,
8501.72.10,0,0,0,0,0,,0,0.18,,,
8501.72.90,0,0,0.025,0,0,,0,0.18,,,
8501.80,0,0,0,0,0,,0,0,,,
8501.80.10,0,0,0,0,0,,0,0.18,,,
8501.80.90,0,0,0.025,0,0,,0,0.18,,,
8502.11,0,0.16,0.025,0,0,,0,0.18,,,
8502.12,0,0.16,0.025,0,0,,0,0.18,,,
8502.13,0,0.16,0.025,0,0,,0,0.18,,,
8502.20,0,0.11,0.025,0,0,,0,0.18,,,
8502.31,0,0.11,0.025,0,0,,0,0.18,,,
8502.39,0,0.11,0.025,0,0,,0,0.18,,,
8502.40,0,0,0.025,0,0,,0,0.18,,,
8503.00,0,0,0,0,0,,0,0,,,
8503.00.10,0.5,0.11,0.025,0,0,,0,0.18,,,
8503.00.20,0,0.11,0.025,0,0,,0,0.18,,,
8503.00.90,0,0.11,0.025,0,0,,0,0.18,,,
8504.10,0,0,0,0,0,,0,0,,,
8504.10.10,0.055,0.11,0.025,0.1,0,,0,0.18,,,
8504.10.90,0.055,0.11,0.025,0.04,0,,0,0.18,,,
8504.21,0,0,0,0,0,,0,0,,,
8504.21.10,0.1,0.11,0.025,0,0,,0,0.18,,,
8504.21.90,0.1,0.11,0.025,0,0,,0,0.18,,,
8504.22,0,0,0,0,0,,0,0,,,
8504.22.10,0.305,0.11,0.025,0,0,,0,0.18,,,
8504.22.20,0.305,0.11,0.025,0,0,,0,0.18,,,
8504.22.30,0.055,0.11,0.025,0.1,0,,0,0.18,,,
8504.22.90,0.055,0.16,0.025,0.1,0,,0,0.18,,,
8504.23,0,0,0,0,0,,0,0,,,
8504.23.10,0.055,0,0.025,0.1,0,,0,0.18,,,
8504.23.90,0.055,0.11,0.025,0.1,0,,0,0.18,,,
8504.31,0,0,0,0,0,,0,0,,,
8504.31.10,0.1,0.11,0.025,0,0,,0,0.18,,,
8504.31.90,0.1,0.11,0.025,0,0,,0,0.18,,,
8504.32,0,0,0,0,0,,0,0,,,
8504.32.10,0.295,0.11,0.025,0,0,,0,0.18,,,
8504.32.90,0.295,0.11,0.025,0,0,,0,0.18,,,
8504.33,0,0,0,0,0,,0,0,,,
8504.33.10,0.195,0.11,0.025,0,0,,5,0.18,,,
8504.33.90,0.195,0.11,0.025,0,0,,0,0.18,,,
8504.34,0,0,0,0,0,,0,0,,,
8504.34.10,0.385,0.11,0.025,0,0,,0,0.18,,,
8504.34.90,0.385,0.11,0.025,0,0,,0,0.18,,,
8504.40,0,0,0,0,0,,0,0,,,
8504.40.10,0,0.11,0.025,0,0,,0,0.18,,,
8504.40.20,0,0.16,0.025,0,0,,0,0.18,,,
8504.40.30,0,0.11,0.025,0,0,,0,0.18,,,
8504.40.90,0,0,0.025,0,0,,0,0.18,,,
8504.50,0,0,0,0,0,,0,0,,,
8504.50.10,0.055,0.11,0.025,0.1,0,,0,0.18,,,
8504.50.90,0.055,0.11,0.025,0.1,0,,0,0.18,,,
8504.90,0,0,0,0,0,,0,0,,,
8504.90.10,0.055,0.11,0.025,0.1,0,,0,0.18,,,
8504.90.90,0.055,0.11,0.025,0.1,0,,0,0.18,,,
8505.11,0,0.11,0.025,0,0,,0,0.18,,,
8505.19,0,0.11,0.025,0,0,,0,0.18,,,
8505.20,0,0.11,0.025,0,0,,0,0.18,,,
8505.90,0,0.11,0.025,0,0,,0,0.18,,,
8506.10,0,0,0,0,0,,0,0,,,
8506.10.10,0.58,0.11,0.025,0.1,0,,0,0.18,,,
8506.10.90,0.48,0.11,0.025,0,0,,0,0.18,,,
8506.30,0.395,0,0.025,0,0,,0,0.18,,,
8506.40,0.395,0,0.025,0,0,,0,0.18,,,
8506.50,0.395,0.11,0.025,0,0,,0,0.18,,,
8506.60,0.395,0,0.025,0,0,,0,0.18,,,
8506.80,0.395,0.11,0.025,0,0,,0,0.18,,,
8506.90,0,0.11,0.025,0,0,,0,0.18,,,
8507.10,0,0,0,0,0,,0,0,,,
8507.10.10,0,0.1,0.025,0.1,0,20% or Rs.270/= per kg | 10% or Rs.130/= per kg,0,0.18,,,
8507.10.90,0,0.05,0.025,0.1,0,20% or Rs.270/= per kg | 10% or Rs.130/= per kg,0,0.18,,,
8507.20,0,0,0,0,0,,0,0,,,
8507.20.10,0.195,0.11,0.025,0,0,,0,0.18,,,
8507.20.90,0.385,0.11,0.025,0,0,,0,0.18,,,
8507.30,0,0,0,0,0,,0,0,,,
8507.30.10,0,0.11,0.025,0,0,,0,0.18,,,
8507.30.90,0,0.11,0.025,0,0,,0,0.18,,,
8507.50,0,0,0,0,0,,0,0,,,
8507.50.10,0.195,0.11,0.025,0,0,,0,0.18,,,
8507.50.90,0.295,0.11,0.025,0,0,,0,0.18,,,
8507.60,0,0,0,0,0,,0,0,,,
8507.60.10,0.195,0.11,0.025,0,0,,0,0.18,,,
8507.60.90,0.295,0.11,0.025,0,0,,0,0.18,,,
8507.80,0,0,0,0,0,,0,0,,,
8507.80.10,0.195,0.11,0.025,0,0,,0,0.18,,,
8507.80.90,0.295,0.11,0.025,0,0,,0,0.18,,,
8507.90,0.385,0.11,0.025,0,0,,0,0.18,,,
8508.11,0.2,0.07,0.025,0,0,,0,0.18,,,
8508.19,0,0.16,0.025,0,0,,0,0.18,,,
8508.60,0,0.07,0.025,0,0,,0,0.18,,,
8508.70,0,0.16,0.025,0,0,,0,0.18,,,
8509.40,0.35,0.07,0.025,0,0,,380,0.18,,,
8509.80,0,0.16,0.025,0,0,,0,0.18,,,
8509.90,0,0.16,0.025,0,0,,0,0.18,,,
8510.10,0.35,0.07,0.025,0,0,,0,0.18,,,
8510.20,0.2,0.16,0.025,0,0,,0,0.18,,,
8510.30,0.2,0.16,0.025,0,0,,0,0.18,,,
8510.90,0,0.16,0.025,0,0,,0,0.18,,,
8511.10,0.095,0.16,0.025,0,0,,0,0.18,,,
8511.20,0.295,0.16,0.025,0,0,,0,0.18,,,
8511.30,0.295,0.16,0.025,0,0,,0,0.18,,,
8511.40,0.295,0.16,0.025,0,0,,0,0.18,,,
8511.50,0.295,0.16,0.025,0,0,,0,0.18,,,
8511.80,0.295,0.16,0.025,0,0,,0,0.18,,,
8511.90,0.295,0.16,0.025,0,0,,0,0.18,,,
8512.10,0.295,0.16,0.025,0,0,,0,0.18,,,
8512.20,0.295,0.16,0.025,0,0,,0,0.18,,,
8512.30,0.295,0.16,0.025,0,0,,0,0.18,,,
8512.40,0.295,0.16,0.025,0,0,,0,0.18,,,
8512.90,0.295,0.16,0.025,0,0,,0,0.18,,,
8513.10,0,0,0,0,0,,0,0,,,
8513.10.10,0,0,0.025,0,0,,0,0.18,,,
8513.10.90,0.2,0,0.025,0,0,,0,0.18,,,
8513.90,0,0.16,0.025,0,0,,0,0.18,,,
8514.11,0,0.11,0.025,0,0,,0,0.18,,,
8514.19,0,0.11,0.025,0,0,,0,0.18,,,
8514.20,0,0.11,0.025,0,0,,0,0.18,,,
8514.31,0,0.11,0.025,0,0,,0,0.18,,,
8514.32,0,0.11,0.025,0,0,,0,0.18,,,
8514.39,0,0.11,0.025,0,0,,0,0.18,,,
8514.40,0,0.11,0.025,0,0,,0,0.18,,,
8514.90,0,0.11,0.025,0,0,,0,0.18,,,
8515.11,0,0.11,0.025,0,0,,0,0.18,,,
8515.19,0,0.11,0.025,0,0,,0,0.18,,,
8515.21,0,0.11,0.025,0,0,,0,0.18,,,
8515.29,0,0.11,0.025,0,0,,0,0.18,,,
8515.31,0,0.11,0.025,0,0,,0,0.18,,,
8515.39,0,0.11,0.025,0,0,,0,0.18,,,
8515.80,0,0.11,0.025,0,0,,0,0.18,,,
8515.90,0,0.11,0.025,0,0,,0,0.18,,,
8516.10,0.25,0.05,0.025,0.1,0,,0,0.18,,,
8516.21,0.25,0.11,0.025,0.1,0,,0,0.18,,,
8516.29,0.3,0.11,0.025,0.1,0,,0,0.18,,,
8516.31,0,0.11,0.025,0,0,,0,0.18,,,
8516.32,0,0.11,0.025,0,0,,0,0.18,,,
8516.33,0,0.11,0.025,0,0,,0,0.18,,,
8516.40,0.2,0.07,0.025,0,0,,0,0.18,,,
8516.50,0.39,0.07,0.025,0,0,,0,0.18,,,
8516.60,0,0,0,0,0,,0,0,,,
8516.60.10,0.2,0.07,0.025,0,0,,0,0.18,,,
8516.60.90,0.3,0.07,0.025,0.1,0,,0,0.18,,,
8516.71,0,0.11,0.025,0,0,,0,0.18,,,
8516.72,0.2,0.11,0.025,0,0,,0,0.18,,,
8516.79,0,0,0,0,0,,0,0,,,
8516.79.10,0,0.11,0.025,0,0,,0,0.18,,,
8516.79.20,0.2,0.07,0.025,0,0,,0,0.18,,,
8516.79.90,0,0.07,0.025,0,0,,0,0.18,,,
8516.80,0.38,0.11,0.025,0,0,,0,0.18,,,
8516.90,0,0,0,0,0,,0,0,,,
8516.90.10,0,0.11,0.025,0,0,,0,0.18,,,
8516.90.90,0.3,0.11,0.025,0,0,,0,0.18,,,
8517.11,0,0.16,0.025,0,0,,0,0.18,,,
8517.13,0,0,0,0,0,,0,0,,,
8517.13.10,0,0.16,0.025,0,0,,0,0.18,,,
8517.13.90,0,0.07,0.025,0,0,,0,0.18,,,
8517.14,0,0,0,0,0,,0,0,,,
8517.14.10,0,0.16,0.025,0,0,,0,0.18,,,
8517.14.90,0,0.16,0.025,0,0,,0,0.18,,,
8517.18,0.2,0.16,0.025,0,0,,0,0.18,,,
8517.61,0,0.16,0.025,0,0,,0,0.18,,,
8517.62,0,0,0,0,0,,0,0,,,
8517.62.10,0,0.16,0.025,0,0,,0,0.18,,,
8517.62.90,0,0.16,0.025,0,0,,0,0.18,,,
8517.69,0,0.16,0.025,0,0,,0,0.18,,,
8517.71,0,0.16,0.025,0,0,,0,0.18,,,
8517.79,0,0.16,0.025,0,0,,0,0.18,,,
8518.10,0.295,0.16,0.025,0,0,,0,0.18,,,
8518.21,0.295,0.16,0.025,0,0,,0,0.18,,,
8518.22,0.295,0.16,0.025,0,0,,0,0.18,,,
8518.29,0.395,0.16,0.025,0,0,,0,0.18,,,
8518.30,0,0.16,0.025,0,0,,0,0.18,,,
8518.40,0.295,0.16,0.025,0,0,,0,0.18,,,
8518.50,0.295,0.16,0.025,0,0,,0,0.18,,,
8518.90,0.295,0.16,0.025,0,0,,0,0.18,,,
8519.20,0.385,0,0.025,0,0,,0,0.18,,,
8519.30,0.395,0,0.025,0,0,,0,0.18,,,
8519.81,0,0,0,0,0,,0,0,,,
8519.81.10,0,0,0.025,0,0,,0,0.18,,,
8519.81.90,0,0.16,0.025,0,0,,0,0.18,,,
8519.89,0,0,0,0,0,,0,0,,,
8519.89.10,0.575,0.16,0.025,0,0,,0,0.18,,,
8519.89.90,0.395,0.16,0.025,0,0,,0,0.18,,,
8521.10,0,0,0.025,0,0,,0,0.18,,,
8521.90,0,0.16,0.025,0,0,,0,0.18,,,
8522.10,0,0,0.025,0,0,,0,0.18,,,
8522.90,0,0.16,0.025,0,0,,0,0.18,,,
8523.21,0.395,0.16,0.025,0,0,,0,0.18,,,
8523.29,0,0,0,0,0,,0,0,,,
8523.29.10,0,0,0.025,0,0,,0,0.18,,,
8523.29.20,0.395,0,0.025,0,0,,0,0.18,,,
8523.29.30,0,0.16,0.025,0,0,,0,0.18,,,
8523.29.90,0.395,0.16,0.025,0,0,,0,0.18,,,
8523.41,0,0.16,0.025,0,0,,0,0.18,,,
8523.49,0,0.16,0.025,0,0,,0,0.18,,,
8523.51,0,0.16,0.025,0,0,,0,0.18,,,
8523.52,0,0.16,0.025,0,0,,0,0.18,,,
8523.59,0,0,0,0,0,,0,0,,,
8523.59.10,0,0.16,0.025,0,0,,0,0.18,,,
8523.59.90,0,0.16,0.025,0,0,,0,0.18,,,
8523.80.00,0,0.16,0.025,0,0,,0,0.18,,,
8524.11,0,0.05,0.025,0.05,0,,0,0.18,,,
8524.12,0,0.05,0.025,0.05,0,,0,0.18,,,
8524.19,0,0.05,0.025,0.05,0,,0,0.18,,,
8524.91,0,0.05,0.025,0.05,0,,0,0.18,,,
8524.92,0,0.05,0.025,0.05,0,,0,0.18,,,
8524.99,0,0.05,0.025,0.05,0,,0,0.18,,,
8525.50,0,0.11,0.025,0,0,,0,0.18,,,
8525.60,0.125,0.11,0.025,0,0,,0,0.18,,,
8525.81,0.095,0.07,0.025,0,0,,0,0.18,,,
8525.82,0.095,0.07,0.025,0,0,,0,0.18,,,
8525.83,0.095,0.07,0.025,0,0,,0,0.18,,,
8525.89,0.2,0.07,0.025,0,0,,0,0.18,,,
8526.10,0,0.11,0.025,0,0,,0,0.18,,,
8526.91,0,0.11,0.025,0,0,,0,0.18,,,
8526.92,0,0.11,0.025,0,0,,0,0.18,,,
8527.12,0,0,0.025,0,0,,0,0.18,,,
8527.13,0,0.07,0.025,0,0,,0,0.18,,,
8527.19,0.354,0.11,0.025,0.07,0,,0,0.18,,,
8527.21,0,0.07,0.025,0,0,,0,0.18,,,
8527.29,0,0.11,0.025,0,0,,0,0.18,,,
8527.91,0.2,0.07,0.025,0,0,,0,0.18,,,
8527.92,0,0.07,0.025,0,0,,0,0.18,,,
8527.99,0,0.11,0.025,0,0,,0,0.18,,,
8528.42,0,0.11,0.025,0,0,,0,0.18,,,
8528.49,0,0,0,0,0,,0,0,,,
8528.49.10,0.395,0,0.025,0,0,,0,0.18,,,
8528.49.90,0.395,0.11,0.025,0,0,,0,0.18,,,
8528.52,0,0.11,0.025,0,0,,0,0.18,,,
8528.59,0,0,0,0,0,,0,0,,,
8528.59.10,0.395,0,0.025,0,0,,0,0.18,,,
8528.59.90,0.395,0.11,0.025,0,0,,0,0.18,,,
8528.62,0,0.11,0.025,0,0,,0,0.18,,,
8528.69,0,0.11,0.025,0,0,,0,0.18,,,
8528.71,0,0,0,0,0,,0,0,,,
8528.71.10,0.345,0.11,0.025,0,0,,0,0.18,,,
8528.71.20,0.535,0.07,0.025,0,0,,0,0.18,,,
8528.71.90,0.345,0.11,0.025,0,0,,0,0.18,,,
8528.72,0,0,0,0,0,,0,0,,,
8528.72.10,0,0,0.025,0,0,,0,0.18,,,
8528.72.20,0.39,0,0.025,0,0,,0,0.18,,,
8528.72.31,0,0,0.025,0,0,"19% or Rs.1,046/ = per u | 20% or Rs.1,100/ = per u",0,0.18,,,
8528.72.32,0,0,0.025,0,0,"19% or Rs.1,807/ = per u | 20% or Rs.1,900/ = per u",0,0.18,,,
8528.72.33,0,0,0.025,0,0,"19% or Rs.2,756/ = per u | 20% or Rs.2,900/ = per u",0,0.18,,,
8528.72.34,0,0,0.025,0,0,"19% or Rs.5,512/ = per u | 20% or Rs.5,800/ = per u",0,0.18,,,
8528.72.35,0,0,0.025,0,0,"19% or Rs.6,272/ = per u | 20% or Rs.6,600/ = per u",0,0.18,,,
8528.72.36,0,0,0.025,0,0,"19% or Rs.10,450 /= per u | 20% or Rs.11,00 0/= per u",0,0.18,,,
8528.72.39,0.39,0.11,0.025,0,0,,0,0.18,,,
8528.72.41,0,0.07,0.025,0,0,,0,0.18,,,
8528.72.49,0.39,0.11,0.025,0,0,,0,0.18,,,
8528.72.91,0.39,0.07,0.025,0,0,,0,0.18,,,
8528.72.99,0.39,0.16,0.025,0,0,,0,0.18,,,
8528.73,0,0,0,0,0,,0,0,,,
8528.73.10,0,0,0.025,0,0,,0,0.18,,,
8528.73.20,0,0,0.025,0,0,,0,0.18,,,
8528.73.30,0.345,0.11,0.025,0,0,,0,0.18,,,
8528.73.90,0.345,0.11,0.025,0,0,,0,0.18,,,
8529.10,0,0,0,0,0,,0,0,,,
8529.10.10,0.3,0.16,0.025,0.05,0,,0,0.18,,,
8529.10.20,0,0.16,0.025,0,0,5% or Rs.118/= per u | 5% or Rs.118/= per u | 20% or Rs.470/= per u | 5% or Rs.115/= per unit,0,0.18,,,
8529.10.30,0.3,0.16,0.025,0.05,0,,0,0.18,,,
8529.10.90,0.295,0.16,0.025,0,0,,0,0.18,,,
8529.90,0.385,0.16,0.025,0,0,,0,0.18,,,
8530.10,0.295,0.11,0.025,0,0,,0,0.18,,,
8530.80,0.295,0.11,0.025,0,0,,0,0.18,,,
8530.90,0.295,0.11,0.025,0,0,,0,0.18,,,
8531.10,0.385,0.11,0.025,0,0,,0,0.18,,,
8531.20,0.295,0.11,0.025,0,0,,0,0.18,,,
8531.80,0,0,0,0,0,,0,0,,,
8531.80.10,0,0.11,0.025,0,0,,0,0.18,,,
8531.80.90,0.295,0.11,0.025,0,0,,0,0.18,,,
8531.90,0.295,0.11,0.025,0,0,,0,0.18,,,
8532.10,0,0,0,0,0,,0,0,,,
8532.10.10,0,0.11,0.025,0,0,,0,0.18,,,
8532.10.90,0,0.11,0.025,0,0,,0,0.18,,,
8532.21,0,0,0,0,0,,0,0,,,
8532.21.10,0,0,0.025,0,0,,0,0.18,,,
8532.21.90,0,0,0.025,0,0,,0,0.18,,,
8532.22,0,0,0,0,0,,0,0,,,
8532.22.10,0,0,0.025,0,0,,0,0.18,,,
8532.22.90,0,0.11,0.025,0,0,,0,0.18,,,
8532.23,0,0,0,0,0,,0,0,,,
8532.23.10,0,0,0.025,0,0,,0,0.18,,,
8532.23.90,0,0,0.025,0,0,,0,0.18,,,
8532.24,0,0,0,0,0,,0,0,,,
8532.24.10,0,0,0.025,0,0,,0,0.18,,,
8532.24.90,0,0,0.025,0,0,,0,0.18,,,
8532.25,0,0,0,0,0,,0,0,,,
8532.25.10,0,0,0.025,0,0,,0,0.18,,,
8532.25.90,0,0.11,0.025,0,0,,0,0.18,,,
8532.29,0,0,0,0,0,,0,0,,,
8532.29.10,0,0,0.025,0,0,,0,0.18,,,
8532.29.90,0,0.11,0.025,0,0,,0,0.18,,,
8532.30,0,0,0,0,0,,0,0,,,
8532.30.10,0,0,0.025,0,0,,0,0.18,,,
8532.30.90,0,0.11,0.025,0,0,,0,0.18,,,
8532.90,0,0,0,0,0,,0,0,,,
8532.90.10,0,0,0.025,0,0,,0,0.18,,,
8532.90.90,0,0.11,0.025,0,0,,0,0.18,,,
8533.10,0,0,0.025,0,0,,0,0.18,,,
8533.21,0,0,0.025,0,0,,0,0.18,,,
8533.29,0,0.11,0.025,0,0,,0,0.18,,,
8533.31,0,0,0.025,0,0,,0,0.18,,,
8533.39,0,0,0.025,0,0,,0,0.18,,,
8533.40,0,0.11,0.025,0,0,,0,0.18,,,
8533.90,0,0,0.025,0,0,,0,0.18,,,
3534.00,0.195,0.05,0.025,0,0,,0,0.18,,,
8535.10,0,0.05,0.025,0,0,10% or Rs.535/= per kg,0,0.18,,,
8535.21,0,0.11,0.025,0,0,5% or Rs.450/= per kg | 4.5% or Rs.409/= per kg | 10% or Rs.300/= per kg,0,0.18,,,
8535.29,0,0.11,0.025,0,0,5% or Rs.450/= per kg | 4.5% or Rs.409/= per kg | 10% or Rs.300/= per kg,0,0.18,,,
8535.30,0,0.11,0.025,0,0,5% or Rs.500/= per kg | 4.5% or Rs.455/= per kg | 10% or Rs.335/= per kg,0,0.18,,,
8535.40,0,0.11,0.025,0,0,5% or Rs.800/= per kg | 4.5% or Rs.727/= per kg | 10% or Rs.535/= per kg,0,0.18,,,
8535.90,0,0.11,0.025,0,0,5% or Rs.350/= per kg | 4.5% or Rs.318/= per kg | 10% or Rs.235/= per kg,0,0.18,,,
8536.10,0.055,0.16,0.025,0,0,,0,0.18,,,
8536.20,0,0.16,0.025,0,0,16% or Rs.640/= per kg | 5% or Rs.600/= per kg | 4.5% or Rs.539/= per kg | 20% or Rs.800/= per kg,0,0.18,,,
8536.30,0.475,0.1,0.025,0,0,,0,0.18,,,
8536.41,0.055,0.16,0.025,0,0,,0,0.18,,,
8536.49,0.055,0.16,0.025,0,0,,0,0.18,,,
8536.50,0,0,0,0,0,,0,0,,,
8536.50.10,0.055,0.16,0.025,0,0,,0,0.18,,,
8536.50.20,0.055,0.16,0.025,0,0,,0,0.18,,,
8536.50.30,0,0.16,0.025,0,0,16% or Rs.376/= per kg | 5% or Rs.350/= per kg | 4.5% or Rs.318/= per kg | 20% or Rs.470./ = per kg,0,0.18,,,
8536.50.90,0,0.16,0.025,0,0,16% or Rs.748/= per kg | 5% or Rs.700/= per kg | 5% or Rs.700/= per kg | 20% or Rs.935/= per kg,0,0.18,,,
8536.61,0,0,0,0,0,,0,0,,,
8536.61.10,0,0.16,0.025,0,0,,0,0.18,,,
8536.61.90,0.2,0.1,0.025,0.1,0,,0,0.18,,,
8536.69,0,0,0,0,0,,0,0,,,
8536.69.10,0,0.16,0.025,0,0,,0,0.18,,,
8536.69.21,0.2,0.1,0.025,0.05,0,,0,0.18,,,
8536.69.22,0.2,0.1,0.025,0.05,0,,0,0.18,,,
8536.69.29,0.2,0.1,0.025,0.05,0,,0,0.18,,,
8536.69.90,0.2,0.1,0.025,0.1,0,,0,0.18,,,
8536.70,0.295,0.16,0.025,0,0,,0,0.18,,,
8536.90,0,0,0,0,0,,0,0,,,
8536.90.10,0,0.16,0.025,0,0,,0,0.18,,,
8536.90.90,0.492,0.16,0.025,0,0,,0,0.18,,,
8537.10,0.2,0.16,0.025,0,0,,0,0.18,,,
8537.20,0.2,0.16,0.025,0,0,,0,0.18,,,
8538.10,0.48,0.16,0.025,0.1,0,,0,0.18,,,
8538.90,0,0.16,0.025,0,0,,0,0.18,,,
8539.10,0.295,0.11,0.025,0,0,,0,0.18,,,
8539.21,0,0,0,0,0,,0,0,,,
8539.21.10,0.395,0.11,0.025,0,0,,0,0.18,,,
8539.21.90,0.395,0.11,0.025,0,0,,0,0.18,,,
8539.22,0,0,0,0,0,,0,0,,,
8539.22.10,0.2,0.11,0.025,0,0,10% or Rs.40/= per unit,0,0.18,,,
8539.22.20,0.2,0.11,0.025,0,0,10% or Rs.40/= per unit,0,0.18,,,
8539.22.90,0.2,0.11,0.025,0,0,10% or Rs.40/= per unit,0,0.18,,,
8539.29,0,0,0,0,0,,0,0,,,
8539.29.10,0.395,0.11,0.025,0,0,,0,0.18,,,
8539.29.90,0.395,0.11,0.025,0,0,,0,0.18,,,
8539.31,0,0,0,0,0,,0,0,,,
8539.31.10,0.2,0.11,0.025,0,0,,0,0.18,,,
8539.31.20,0,0,0.025,0,0,,0,0.18,,,
8539.31.90,0.295,0.11,0.025,0,0,,0,0.18,,,
8539.32,0.055,0.11,0.025,0,0,,0,0.18,,,
8539.39,0.295,0.11,0.025,0,0,,0,0.18,,,
8539.41,0.295,0.11,0.025,0,0,,0,0.18,,,
8539.49,0.295,0.11,0.025,0,0,,0,0.18,,,
8539.51,0.38,0.11,0.025,0.05,0,,0,0.18,,,
8539.52,0.38,0.11,0.025,0,0,,0,0.18,,,
8539.90,0,0.11,0.025,0,0,,0,0.18,,,
8540.11,0,0,0,0,0,,0,0,,,
8540.11.10,0.055,0.11,0.025,0,0,,0,0.18,,,
8540.11.90,0.055,0.11,0.025,0,0,,0,0.18,,,
8540.12,0,0,0,0,0,,0,0,,,
8540.12.10,0.055,0.11,0.025,0,0,,0,0.18,,,
8540.12.90,0.055,0.11,0.025,0,0,,0,0.18,,,
8540.20,0.055,0,0.025,0,0,,0,0.18,,,
8540.40,0.055,0,0,0,0,,0,0.18,,,
8540.60,0.055,0,0.025,0,0,,0,0.18,,,
8540.71,0.055,0.11,0.025,0,0,,0,0.18,,,
8540.79,0.055,0,0.025,0,0,,0,0.18,,,
8540.81,0.055,0.11,0.025,0,0,,0,0.18,,,
8540.89,0.055,0.11,0.025,0,0,,0,0.18,,,
8540.91,0.055,0,0.025,0,0,,0,0.18,,,
8540.99,0.055,0,0.025,0,0,,0,0.18,,,
8541.10,0,0,0,0,0,,0,0.18,,,
8541.21,0,0,0.025,0,0,,0,0.18,,,
8541.29,0,0.11,0.025,0,0,,0,0.18,,,
8541.30,0,0.11,0.025,0,0,,0,0.18,,,
8541.41,0,0,0.025,0,0,,0,0.18,,,
8541.42,0,0,0,0,0,,0,0.18,,,
8541.43,0,0,0,0,0,,0,0.18,,,
8541.49,0,0,0.025,0,0,,0,0.18,,,
8541.51,0,0,0.025,0,0,,0,0.18,,,
8541.59,0,0,0.025,0,0,,0,0.18,,,
8541.60,0,0,0.025,0,0,,0,0.18,,,
8541.90,0,0,0.025,0,0,,0,0.18,,,
8542.31,0,0.11,0.025,0,0,,0,0.18,,,
8542.32,0,0.11,0.025,0,0,,0,0.18,,,
8542.33,0,0.11,0.025,0,0,,0,0.18,,,
8542.39,0,0.11,0.025,0,0,,0,0.18,,,
8542.90,0,0.11,0.025,0,0,,0,0.18,,,
8543.10,0,0,0.025,0,0,,0,0.18,,,
8543.20,0,0.11,0.025,0,0,,0,0.18,,,
8543.30,0,0,0.025,0,0,,0,0.18,,,
8543.40,0,0,0.025,0,0,,0,0.18,,,
8543.70,0,0,0.025,0,0,,0,0,,,
8543.70.10,0.385,0,0.025,0,0,,0,0.18,,,
8543.70.20,0,0.11,0.025,0,0,,0,0.18,,,
8543.70.90,0,0,0.025,0,0,,0,0.18,,,
8543.90,0,0.11,0.025,0,0,,0,0.18,,,
8544.11,0,0,0,0,0,,0,0,,,
8544.11.10,0.2,0.1,0.025,0.05,0,,0,0.18,,,
8544.11.90,0,0.16,0.025,0,0,,0,0.18,,,
8544.19,0.055,0.16,0.025,0,0,,0,0.18,,,
8544.20,0,0,0,0,0,,0,0,,,
8544.20.10,0.2,0,0.025,0.1,0,,0,0.18,,,
8544.20.90,0.2,0.1,0.025,0.05,0,,0,0.18,,,
8544.30,0.395,0.16,0.025,0,0,,0,0.18,,,
8544.42,0,0,0,0,0,,0,0,,,
8544.42.10,0.395,0.16,0.025,0,0,,0,0.18,,,
8544.42.91,0.2,0.16,0.025,0.1,0,,0,0.18,,,
8544.42.99,0.2,0.16,0.025,0.05,0,,0,0.18,,,
8544.49,0,0,0,0,0,,0,0,,,
8544.49.10,0.2,0.16,0.025,0.05,0,,0,0.18,,,
8544.49.20,0.2,0.16,0.025,0.1,0,,0,0.18,,,
8548.00,0.395,0.11,0.025,0,0,,0,0.18,,,
8549.11,0,0,0,0,0,,0,0,,,
8549.11.10,0.495,0,0.025,0.05,0,,0,0.18,,,
8549.11.90,0.395,0,0.025,0,0,,0,0.18,,,
8549.12,0,0,0,0,0,,0,0,,,
8549.12.10,0.495,0,0.025,0.05,0,,0,0.18,,,
8549.12.90,0.395,0,0.025,0,0,,0,0.18,,,
8549.13,0,0,0,0,0,,0,0,,,
8549.13.10,0.495,0,0.025,0.05,0,,0,0.18,,,
8549.13.90,0.395,0,0.025,0,0,,0,0.18,,,
8549.14,0,0,0,0,0,,0,0,,,
8549.14.10,0.495,0,0.025,0.05,0,,0,0.18,,,
8549.14.90,0.395,0,0.025,0,0,,0,0.18,,,
8549.19,0,0,0,0,0,,0,0,,,
8549.19.10,0.495,0,0.025,0.05,0,,0,0.18,,,
8549.19.90,0.395,0,0.025,0,0,,0,0.18,,,
8549.21,0.4,0,0.025,0,0,,0,0.18,,,
8549.29,0.3,0,0.025,0,0,,0,0.18,,,
8549.31,0.4,0,0.025,0,0,,0,0.18,,,
8549.39,0.3,0,0.025,0,0,,0,0.18,,,
8549.91,0.4,0,0.025,0,0,,0,0.18,,,
8549.99,0.3,0,0.025,0,0,,0,0.18,,,
8601.10,0,0,0.025,0,0,,0,0.18,,,
8601.20,0,0,0.025,0,0,,0,0.18,,,
8602.10,0,0,0.025,0,0,,0,0.18,,,
8602.90,0,0,0.025,0,0,,0,0.18,,,
8603.10,0,0,0.025,0,0,,0,0.18,,,
8603.90,0,0,0.025,0,0,,0,0.18,,,
8604.00,0,0,0.025,0,0,,0,0.18,,,
8605.00,0,0,0.025,0,0,,0,0.18,,,
8606.10,0,0,0.025,0,0,,0,0.18,,,
8606.30,0,0,0.025,0,0,,0,0.18,,,
8606.91,0,0,0,0,0,,0,0,,,
8606.91.10,0,0,0.025,0,0,,0,0.18,,,
8606.91.90,0,0,0.025,0,0,,0,0.18,,,
8606.92,0,0,0.025,0,0,,0,0.18,,,
8606.99,0,0,0.025,0,0,,0,0.18,,,
8607.11,0,0,0.025,0,0,,0,0.18,,,
8607.12,0,0.16,0.025,0,0,,0,0.18,,,
8607.19,0,0.16,0.025,0,0,,0,0.18,,,
8607.21,0,0.16,0.025,0,0,,0,0.18,,,
8607.29,0,0.16,0.025,0,0,,0,0.18,,,
8607.30,0,0.16,0.025,0,0,,0,0.18,,,
8607.91,0,0.16,0.025,0,0,,0,0.18,,,
8607.99,0,0.16,0.025,0,0,,0,0.18,,,
8608.00,0,0.16,0.025,0,0,,0,0.18,,,
8609.00,0,0.16,0.025,0,0,,0,0.18,,,
8701.10,0,0,0,0,0,,0,0,,,
8701.10.10,0,0.16,0.025,0,0,,0,0.18,,,
8701.10.90,0,0.16,0.025,0,0,,0,0.18,,,
8701.21,0,0,0,0,0,,0,0,,,
8701.21.10,0.055,0.16,0.025,0,0,,0,0.18,,,
8701.21.20,0.055,0.16,0.025,0,0,,0,0.18,,,
8701.22,0,0,0,0,0,,0,0,,,
8701.22.10,0.055,0.16,0.025,0,0,,0,0.18,,,
8701.22.20,0.055,0.16,0.025,0,0,,0,0.18,,,
8701.23,0,0,0,0,0,,0,0,,,
8701.23.10,0.055,0.16,0.025,0,0,,0,0.18,,,
8701.23.20,0.055,0.16,0.025,0,0,,0,0.18,,,
8701.24,0,0,0,0,0,,0,0,,,
8701.24.10,0.055,0.16,0.025,0,0,,0,0.18,,,
8701.24.20,0.055,0.16,0.025,0,0,,0,0.18,,,
8701.29,0,0,0,0,0,,0,0,,,
8701.29.10,0.055,0.16,0.025,0,0,,0,0.18,,,
8701.29.20,0.055,0.16,0.025,0,0,,0,0.18,,,
8701.30,0,0,0,0,0,,0,0,,,
8701.30.10,0.055,0.16,0.025,0,0,,0,0.18,,,
8701.30.20,0.055,0.16,0.025,0,0,,0,0.18,,,
8701.91,0,0,0,0,0,,0,0,,,
8701.91.10,0,0.16,0.025,0,0,,0,0.18,,,
8701.91.20,0,0.16,0.025,0,0,,0,0.18,,,
8701.91.30,0.055,0.16,0.025,0,0,,0,0.18,,,
8701.91.40,0.055,0.16,0.025,0,0,,0,0.18,,,
8701.92,0,0,0,0,0,,0,0,,,
8701.92.10,0,0.16,0.025,0,0,,0,0.18,,,
8701.92.20,0,0.16,0.025,0,0,,0,0.18,,,
8701.92.30,0.055,0.16,0.025,0,0,,0,0.18,,,
8701.92.40,0.055,0.16,0.025,0,0,,0,0.18,,,
8701.93,0,0,0,0,0,,0,0,,,
8701.93.10,0,0.16,0.025,0,0,,0,0.18,,,
8701.93.20,0,0.16,0.025,0,0,,0,0.18,,,
8701.93.30,0.055,0.16,0.025,0,0,,0,0.18,,,
8701.93.40,0.055,0.16,0.025,0,0,,0,0.18,,,
8701.94,0,0,0,0,0,,0,0,,,
8701.94.10,0,0.16,0.025,0,0,,0,0.18,,,
8701.94.20,0,0.16,0.025,0,0,,0,0.18,,,
8701.94.30,0.055,0.16,0.025,0,0,,0,0.18,,,
8701.94.40,0.055,0.16,0.025,0,0,,0,0.18,,,
8701.95,0,0,0,0,0,,0,0,,,
8701.95.10,0,0.16,0.025,0,0,,0,0.18,,,
8701.95.20,0,0.16,0.025,0,0,,0,0.18,,,
8701.95.30,0.055,0.16,0.025,0,0,,0,0.18,,,
8701.95.40,0.055,0.16,0.025,0,0,,0,0.18,,,
8702.10,0,0,0,0,0.5,,0,0,,,
8702.10.12,0.5,0,0.025,0,0.5,,0,0.18,,,
8702.10.13,0.5,0,0.025,0,0.5,,0,0.18,,,
8702.10.19,0.5,0,0.025,0,0.5,,0,0.18,,,
8702.10.21,0.5,0,0.025,0,0.5,,0,0.18,,,
8702.10.29,0.5,0,0.025,0,0.5,,0,0.18,,,
8702.10.32,0.5,0,0.025,0,0.5,,0,0.18,,,
8702.10.33,0.5,0,0.025,0,0.5,,0,0.18,,,
8702.10.39,0.5,0,0.025,0,0.5,,5432650,0.18,,,
8702.10.41,0.5,0,0.025,0,0.5,,0,0.18,,,
8702.10.49,0.5,0.06,0.025,0,0.5,,7243550,0.18,,,
8702.10.53,0.5,0,0.025,0,0.5,,0,0.18,,,
8702.10.54,0.5,0,0.025,0,0.5,,0,0.18,,,
8702.10.55,0,0.16,0.025,0,0,,0,0.18,,,
8702.10.59,0,0,0.025,0,0,,1810900,0.18,,,
8702.10.61,0.5,0,0.025,0,0.5,,0,0.18,,,
8702.10.69,0,0,0.025,0,0,,3018150,0.18,,,
8702.10.73,0.5,0,0.025,0,0.5,,0,0.18,,,
8702.10.74,0.5,0,0.025,0,0.5,,0,0.18,,,
8702.10.75,0,0.16,0.025,0,0,,0,0.18,,,
8702.10.79,0,0,0.025,0,0,,1810900,0.18,,,
8702.10.81,0.5,0,0.025,0,0.5,,0,0.18,,,
8702.10.89,0,0,0.025,0,0,,3018150,0.18,,,
8702.20,0,0,0,0,0.5,,0,0,,,
8702.20.11,0.5,0,0.025,0,0.5,,0,0.18,,,
8702.20.12,0.5,0,0.025,0,0.5,,0,0.18,,,
8702.20.19,0.4,0,0.025,0,0.5,,0,0.18,,,
8702.20.21,0.5,0,0.025,0,0.5,,0,0.18,,,
8702.20.29,0.4,0,0.025,0,0.5,,0,0.18,,,
8702.20.31,0.5,0,0.025,0,0.5,,0,0.18,,,
8702.20.32,0.5,0,0.025,0,0.5,,0,0.18,,,
8702.20.39,0.4,0,0.025,0,0.5,,5130850,0.18,,,
8 7 0 2 . 2 0 . 4 1,0.5,0,0.025,0,0.5,,0,0.18,,,
8702.20.49,0.4,0,0.025,0,0.5,,6639950,0.18,,,
8702.20.51,0.5,0,0.025,0,0.5,,0,0.18,,,
8702.20.52,0.5,0,0.025,0,0.5,,0,0.18,,,
8702.20.53,0,0.16,0.025,0,0,,0,0.18,,,
8702.20.59,0,0,0.025,0,0,,1810900,0.18,,,
8702.20.61,0.5,0,0.025,0,0.5,,0,0.18,,,
8702.20.69,0,0,0.025,0,0,,3018150,0.18,,,
8702.20.71,0.5,0,0.025,0,0.5,,0,0.18,,,
8702.20.72,0.5,0,0.025,0,0.5,,0,0.18,,,
8702.20.73,0,0.16,0.025,0,0,,0,0.18,,,
8702.20.79,0,0,0.025,0,0,,1810900,0.18,,,
8702.20.81,0.5,0,0.025,0,0.5,,0,0.18,,,
8702.20.89,0,0,0.025,0,0,,3018150,0.18,,,
8702.30,0,0,0,0,0,,0,0,,,
8702.30.11,0.5,0,0.025,0,0.5,,0,0.18,,,
8702.30.12,0.5,0,0.025,0,0.5,,0,0.18,,,
8702.30.19,0.4,0,0.025,0,0.5,,0,0.18,,,
8702.30.21,0.5,0,0.025,0,0.5,,0,0.18,,,
8702.30.29,0.4,0,0.025,0,0.5,,0,0.18,,,
8702.30.31,0.5,0,0.025,0,0.5,,0,0.18,,,
8702.30.32,0.5,0,0.025,0,0.5,,0,0.18,,,
8702.30.39,0.4,0,0.025,0,0.5,,4829050,0.18,,,
8702.30.41,0.5,0,0.025,0,0.5,,0,0.18,,,
8702.30.49,0.4,0,0.025,0,0.5,,6036300,0.18,,,
8702.30.51,0.5,0,0.025,0,0.5,,0,0.18,,,
8702.30.52,0.5,0,0.025,0,0.5,,0,0.18,,,
8702.30.53,0,0.16,0.025,0,0,,0,0.18,,,
8702.30.59,0,0,0.025,0,0,,1810900,0.18,,,
8702.30.61,0.5,0,0.025,0,0.5,,0,0.18,,,
8702.30.69,0,0,0.025,0,0,,3018150,0.18,,,
8702.30.71,0.5,0,0.025,0,0.5,,0,0.18,,,
8702.30.72,0.5,0,0.025,0,0.5,,0,0.18,,,
8702.30.73,0,0.16,0.025,0,0,,0,0.18,,,
8702.30.79,0,0,0.025,0,0,,1810900,0.18,,,
8702.30.81,0.5,0,0.025,0,0.5,,0,0.18,,,
8702.30.89,0,0,0.025,0,0,,3018150,0.18,,,
8702.40,0,0,0,0,0,,0,0,,,
8702.40.11,0.5,0,0.025,0,0.5,,0,0.18,,,
8702.40.12,0.5,0,0.025,0,0.5,,0,0.18,,,
8702.40.19,0.4,0,0.025,0,0.5,,0,0.18,,,
8702.40.21,0.5,0,0.025,0,0.5,,0,0.18,,,
8702.40.29,0.4,0,0.025,0,0.5,,0,0.18,,,
8702.40.31,0.5,0,0.025,0,0.5,,0,0.18,,,
8702.40.32,0.5,0,0.025,0,0.5,,0,0.18,,,
8702.40.39,0.4,0,0.025,0,0.5,,4225400,0.18,,,
8702.40.41,0.5,0,0.025,0,0.5,,0,0.18,,,
8702.40.49,0.4,0,0.025,0,0.5,,4829050,0.18,,,
8702.40.51,0.5,0,0.025,0,0.5,,0,0.18,,,
8702.40.52,0.5,0,0.025,0,0.5,,0,0.18,,,
8702.40.53,0,0.16,0.025,0,0,,0,0.18,,,
8702.40.59,0,0,0.025,0,0,,1810900,0.18,,,
8702.40.61,0.5,0,0.025,0,0.5,,0,0.18,,,
8702.40.69,0.4,0,0.025,0,0.5,,0,0.18,,,
8702.40.71,0.5,0,0.025,0,0.5,,0,0.18,,,
8702.40.72,0.5,0,0.025,0,0.5,,0,0.18,,,
8702.40.73,0,0.16,0.025,0,0,,0,0.18,,,
8702.40.79,0,0,0.025,0,0,,1810900,0.18,,,
8702.40.81,0.5,0,0.025,0,0.5,,0,0.18,,,
8702.40.89,0.4,0,0.025,0,0.5,,3018150,0.18,,,
8702.90,0,0,0.025,0,0,,0,0,,,
8702.90.12,0.5,0,0.025,0,0.5,,0,0.18,,,
8702.90.13,0.5,0,0.025,0,0.5,,0,0.18,,,
8702.90.19,0.5,0,0.025,0,0.5,,0,0.18,,,
8702.90.21,0.5,0,0.025,0,0.5,,0,0.18,,,
8702.90.29,0.5,0,0.025,0,0.5,,0,0.18,,,
8702.90.32,0.5,0,0.025,0,0.5,,0,0.18,,,
8702.90.33,0.5,0,0.025,0,0.5,,0,0.18,,,
8702.90.39,0.5,0,0.025,0,0.5,,2100,0.18,,,
8702.90.41,0.5,0,0.025,0,0.5,,0,0.18,,,
8702.90.49,0.5,0,0.025,0,0.5,,2100,0.18,,,
8702.90.53,0.5,0,0.025,0,0.5,,0,0.18,,,
8702.90.54,0.5,0,0.025,0,0.5,,0,0.18,,,
8702.90.55,0,0.16,0.025,0,0,,0,0.18,,,
8702.90.59,0,0,0.025,0,0,,1810900,0.18,,,
8702.90.61,0.5,0,0.025,0,0.5,,0,0.18,,,
8702.90.69,0,0,0.025,0,0,,3018150,0.18,,,
8702.90.73,0.5,0,0.025,0,0.5,,0,0.18,,,
8702.90.74,0.5,0,0.025,0,0.5,,0,0.18,,,
8702.90.75,0,0.1,0.025,0,0,,0,0.18,,,
8702.90.79,0,0,0.025,0,0,,1810900,0.18,,,
8702.90.81,0.5,0,0.025,0,0.5,,0,0.18,,,
8702.90.89,0,0,0.025,0,0,,3018150,0.18,,,
8703.10,0,0,0,0,0,,0,0,,,
8703.10.11,0,0,0.025,0,0,,9050,0.18,,,
8703.10.19,0.4,0,0.025,0,0.5,,482900,0.18,,,
8703.10.21,0,0,0.025,0,0,,9050,0.18,,,
8703.10.29,0.4,0,0.025,0,0.5,,482900,0.18,,,
8703.21,0,0,0,0,0,,0,0,,,
8703.21.10,0.2,0.16,0.025,0,0.5,"30% or Rs.2,25 0,000 per unit",0,0.18,,,
8703.21.20,0.2,0.16,0.025,0,0.5,"30% or Rs.2,25 0,000 per unit",0,0.18,,,
8703.21.30,0.5,0,0.025,0,0.5,,2100,0.18,,,
8703.21.40,0.5,0,0,0,0.5,,2100,0.18,,,
8703.21.51,0.4,0,0.025,0,0,,2900,0.18,,,
8703.21.52,0.4,0,0.025,0,0,,2900,0.18,,,
8703.21.53,0.4,0,0.025,0,0,,2900,0.18,,,
8703.21.54,0.4,0,0.025,0,0,,2900,0.18,,,
8703.21.55,0.4,0,0.025,0,0,,2900,0.18,,,
8703.21.62,0.2,0.16,0.025,0,0,,0,0.18,,,
8703.21.63,0.74,0,0.025,0,0.5,,482900,0.18,,,
8703.21.64,0,0.16,0.025,0,0,,0,0.18,,,
8703.21.69,0.74,0,0.025,0,0.5,,1992000,0.18,,,
8703.21.72,0.74,0,0.025,0,0.5,,482900,0.18,,,
8703.21.73,0,0.16,0.025,0,0,,0,0.18,,,
8703.21.79,0.74,0,0.025,0,0.5,,1992000,0.18,,,
8703.21.92,0.74,0,0.025,0,0.5,,1992000,0.18,,,
8703.21.93,0.74,0,0.025,0,0.5,,1992000,0.18,,,
8703.22,0,0,0,0,0,,0,0,,,
8703.22.10,0.2,0.16,0.025,0,0.5,"30% or Rs.2,25 0,000 per unit",0,0.18,,,
8703.22.20,0.2,0.16,0.025,0,0.5,"30% or Rs.2,25 0,000 per unit",0,0.18,,,
8703.22.30,0.5,0,0.025,0,0.5,,3000,0.18,,,
8703.22.40,0.5,0,0.025,0,0.5,,3000,0.18,,,
8703.22.50,0.5,0,0,0,0.5,,0,0.18,,,
8703.22.60,0.5,0,0.025,0,0.5,,0,0.18,,,
8703.22.70,0.5,0,0.025,0,0.5,,0,0.18,,,
8703.22.80,0.5,0,0.025,0,0.5,,0,0.18,,,
8703.23,0,0,0,0,0,,0,0,,,
8703.23.10,0.2,0,0.025,0,0.5,"30% or Rs.2,25 0,000 per unit",0,0.18,,,
8703.23.20,0.2,0.16,0.025,0,0.5,"30% or Rs.2,25 0,000 per unit",0,0.18,,,
8703.23.30,0.5,0,0.025,0,0.5,,4250,0.18,,,
8703.23.40,0.5,0,0.025,0,0.5,,4250,0.18,,,
8703.23.52,0.703,0,0.025,0,0.5,,5150,0.18,,,
8703.23.55,0.703,0,0.025,0,0.5,,6400,0.18,,,
8703.23.59,0.703,0,0.025,0,0.5,,7700,0.18,,,
8703.23.62,0.703,0,0.025,0,0.5,,5150,0.18,,,
8703.23.65,0.703,0,0.025,0,0.5,,6400,0.18,,,
8703.23.69,0.703,0,0.025,0,0.5,,7700,0.18,,,
8703.23.70,0.77,0,0,0,0.5,,0,0.18,,,
8703.23.92,0.703,0,0.025,0,0.5,,7700,0.18,,,
8703.23.94,0.77,0,0.025,0,0.5,,7700,0.18,,,
8703.23.96,0.77,0,0.025,0,0.5,,0,0.18,,,
8703.23.98,0.77,0,0.025,0,0.5,,0,0.18,,,
8703.24,0,0,0,0,0,,0,0,,,
8703.24.10,0.2,0.16,0.025,0,0.5,"30% or Rs.2,25 0,000 per unit",0,0.18,,,
8703.24.20,0.2,0.16,0.025,0,0.5,"30% or Rs.2,25 0,000 per unit",0,0.18,,,
8703.24.30,0.5,0,0.025,0,0.5,,4800,0.18,,,
8703.24.40,0.5,0,0.025,0,0.5,,4800,0.18,,,
8703.24.50,0.77,0,0.025,0,0.5,,0,0.18,,,
8703.24.60,0.77,0,0.025,0,0.5,,0,0.18,,,
8703.24.70,0.77,0,0.025,0,0.5,,0,0.18,,,
8703.24.80,0.77,0,0.025,0,0.5,,0,0.18,,,
8703.31,0,0,0,0,0,,0,0,,,
8703.31.10,0.2,0.16,0.025,0,0.5,"30% or Rs.3,00 0,000 per unit",0,0.18,,,
8703.31.20,0.2,0.16,0.025,0,0.5,"30% or Rs.3,00 0,000 per unit",0,0.18,,,
8703.31.30,0.5,0,0.025,0,0.5,,3600,0.18,,,
8703.31.40,0.5,0,0.025,0,0.5,,3600,0.18,,,
8703.31.50,0.4,0,0.025,0,0,,1750,0.18,,,
8703.31.60,0.4,0,0.025,0,0,,1750,0.18,,,
8703.31.70,0.74,0,0.025,0,0.5,,5550,0.18,,,
8703.31.80,0.74,0,0.025,0,0.5,,5550,0.18,,,
8703.31.92,0.74,0,0.025,0,0.5,,5550,0.18,,,
8703.31.94,0.74,0,0.025,0,0.5,,5550,0.18,,,
8703.32,0,0,0,0,0,,0,0,,,
8703.32.10,0.2,0.16,0.025,0,0.5,,0,0.18,,,
8703.32.20,0.2,0.16,0.025,0,0.5,,0,0.18,,,
8703.32.30,0.5,0,0.025,0,0.5,,4800,0.18,,,
8703.32.40,0.5,0,0.025,0,0.5,,4800,0.18,,,
8703.32.52,0.703,0,0.025,0,0.5,,6950,0.18,,,
8703.32.55,0.703,0,0.025,0,0.5,,8300,0.18,,,
8703.32.59,0.703,0,0.025,0,0.5,,9650,0.18,,,
8703.32.63,0.703,0,0.025,0,0.5,,6950,0.18,,,
8703.32.65,0.703,0,0.025,0,0.5,,8300,0.18,,,
8703.32.69,0.703,0,0.025,0,0.5,,9650,0.18,,,
8703.32.71,0.77,0.06,0.025,0,0.5,,9650,0.18,,,
8703.32.79,0.77,0,0.025,0,0.5,,9650,0.18,,,
8703.32.80,0.77,0,0.025,0,0.5,,9650,0.18,,,
8703.32.92,0.703,0,0.025,0,0.5,,9650,0.18,,,
8703.32.93,0.67,0.16,0.025,0,0.5,,0,0.18,,,
8703.32.95,0.703,0,0.025,0,0.5,,9650,0.18,,,
8703.32.97,0.77,0,0.025,0,0.5,,9650,0.18,,,
8703.32.99,0.77,0,0.025,0,0.5,,9650,0.18,,,
8703.33,0,0,0,0,0,,0,0,,,
8703.33.10,0.2,0.16,0.025,0,0.5,,0,0.18,,,
8703.33.20,0.2,0.16,0.025,0,0.5,,0,0.18,,,
8703.33.30,0.5,0,0.025,0,0.5,,5400,0.18,,,
8703.33.40,0.5,0,0.025,0,0.5,,5400,0.18,,,
8703.33.50,0.77,0,0.025,0,0.5,,0,0.18,,,
8703.33.60,0.77,0,0.025,0,0.5,,0,0.18,,,
8703.33.71,0.67,0.16,0.025,0,0.5,,0,0.18,,,
8703.33.80,0.77,0,0.025,0,0.5,,0,0.18,,,
8703.40,0,0,0,0,0,,0,0,,,
8703.40.11,0.4,0.16,0.025,0,0.5,,0,0.18,,,
8703.40.12,0.4,0.16,0.025,0,0.5,,0,0.18,,,
8703.40.13,0.4,0,0.025,0,0.5,,1550,0.18,,,
8703.40.14,0.4,0,0.025,0,0.5,,1550,0.18,,,
8703.40.15,0.4,0,0.025,0,0,,2900,0.18,,,
8703.40.16,0.4,0,0.025,0,0,,2900,0.18,,,
8703.40.18,0.4,0,0.025,0,0.5,,1810900,0.18,,,
8703.40.19,0.4,0,0.025,0,0.5,,1810900,0.18,,,
8703.40.21,0.1,0.16,0.025,0,0,,0,0.18,,,
8703.40.22,0.1,0.16,0.025,0,0,,0,0.18,,,
8703.40.23,0.4,0,0.025,0,0.5,,482900,0.18,,,
8703.40.24,0.4,0,0.025,0,0.5,,482900,0.18,,,
8703.40.25,0.3,0.16,0.025,0,0.5,,0,0.18,,,
8703.40.26,0.3,0.16,0.025,0,0.5,,0,0.18,,,
8703.40.28,0.64,0,0.025,0,0.5,,1810900,0.18,,,
8703.40.29,0.64,0,0.025,0,0.5,,1810900,0.18,,,
8703.40.31,0.4,0.16,0.025,0,0.5,,0,0.18,,,
8703.40.32,0.4,0.16,0.025,0,0.5,,0,0.18,,,
8703.40.33,0.4,0,0.025,0,0.5,,2450,0.18,,,
8703.40.34,0.4,0,0.025,0,0.5,,2450,0.18,,,
8703.40.35,0.4,0,0.025,0,0.5,,0,0.18,,,
8703.40.36,0.4,0,0.025,0,0.5,,0,0.18,,,
8703.40.38,0.4,0,0.025,0,0.5,,0,0.18,,,
8703.40.39,0.4,0,0.025,0,0.5,,0,0.18,,,
8703.40.41,0.4,0.16,0.025,0,0.5,,0,0.18,,,
8703.40.42,0.4,0.16,0.025,0,0.5,,0,0.18,,,
8703.40.43,0.4,0,0.025,0,0.5,,3000,0.18,,,
8703.40.44,0.4,0,0.025,0,0.5,,3000,0.18,,,
8703.40.48,0.4,0,0.025,0,0.5,,6900,0.18,,,
8703.40.49,0.4,0,0.025,0,0.5,,6900,0.18,,,
8703.40.51,0.598,0,0.025,0,0.5,,4800,0.18,,,
8703.40.52,0.598,0,0.025,0,0.5,,4800,0.18,,,
8703.40.53,0.598,0,0.025,0,0.5,,6300,0.18,,,
8703.40.54,0.598,0,0.025,0,0.5,,6300,0.18,,,
8703.40.58,0.598,0,0.025,0,0.5,,6900,0.18,,,
8703.40.59,0.598,0,0.025,0,0.5,,6900,0.18,,,
8703.40.61,0.4,0.16,0.025,0,0.5,,0,0.18,,,
8703.40.62,0.4,0.16,0.025,0,0.5,,0,0.18,,,
8703.40.63,0.4,0,0.025,0,0.5,,3000,0.18,,,
8703.40.64,0.4,0,0.025,0,0.5,,3000,0.18,,,
8703.40.68,0.4,0,0.025,0,0.5,,0,0.18,,,
8703.40.69,0.4,0,0.025,0,0.5,,0,0.18,,,
8703.40.71,0.67,0,0.025,0,0.5,,0,0.18,,,
8703.40.72,0.67,0,0.025,0,0.5,,0,0.18,,,
8703.40.81,0.4,0.16,0.025,0,0.5,,0,0.18,,,
8703.40.82,0.4,0.16,0.025,0,0.5,,0,0.18,,,
8703.40.83,0.4,0,0.025,0,0.5,,4250,0.18,,,
8703.40.84,0.4,0,0.025,0,0.5,,4250,0.18,,,
8703.40.88,0.67,0,0.025,0,0.5,,0,0.18,,,
8703.40.89,0.67,0,0.025,0,0.5,,0,0.18,,,
8703.40.91,0.67,0,0.025,0,0.5,,0,0.18,,,
8703.40.92,0.67,0,0.025,0,0.5,,0,0.18,,,
8703.50,0,0,0,0,0,,0,0,,,
8703.50.11,0.4,0.16,0.025,0,0.5,,0,0.18,,,
8703.50.12,0.4,0.16,0.025,0,0.5,,0,0.18,,,
8703.50.13,0.4,0,0.025,0,0.5,,2450,0.18,,,
8703.50.14,0.4,0,0.025,0,0.5,,2450,0.18,,,
8703.50.15,0.4,0,0.025,0,0.5,,1750,0.18,,,
8703.50.16,0.4,0,0.025,0,0.5,,1750,0.18,,,
8703.50.18,0.4,0,0.025,0,0.5,,4150,0.18,,,
8703.50.19,0.4,0,0.025,0,0.5,,4150,0.18,,,
8703.50.21,0.1,0.16,0.025,0,0,,0,0.18,,,
8703.50.22,0.1,0.16,0.025,0,0,,0,0.18,,,
8703.50.23,0.4,0,0.025,0,0.5,,482900,0.18,,,
8703.50.24,0.4,0,0.025,0,0.5,,482900,0.18,,,
8703.50.25,0.4,0.16,0.025,0,0.5,,0,0.18,,,
8703.50.26,0.4,0.16,0.025,0,0.5,,0,0.18,,,
8703.50.28,0.4,0,0.025,0,0.5,,4150,0.18,,,
8703.50.29,0.4,0,0.025,0,0.5,,4150,0.18,,,
8703.50.31,0.4,0.16,0.025,0,0.5,,0,0.18,,,
8703.50.32,0.4,0.16,0.025,0,0.5,,0,0.18,,,
8703.50.33,0.4,0,0.025,0,0.5,,2450,0.18,,,
8703.50.34,0.4,0,0.025,0,0.5,,2450,0.18,,,
8703.50.35,0.64,0,0.025,0,0.5,,4150,0.18,,,
8703.50.36,0.64,0,0.025,0,0.5,,4150,0.18,,,
8703.50.38,0.4,0,0.025,0,0.5,,4150,0.18,,,
8703.50.39,0.4,0,0.025,0,0.5,,4150,0.18,,,
8703.50.41,0.4,0.16,0.025,0,0.5,,0,0.18,,,
8703.50.42,0.4,0.16,0.025,0,0.5,,0,0.18,,,
8703.50.43,0.4,0,0.025,0,0.5,,3600,0.18,,,
8703.50.44,0.4,0,0.025,0,0.5,,3600,0.18,,,
8703.50.48,0.4,0,0.025,0,0.5,,8300,0.18,,,
8703.50.49,0.4,0,0.025,0,0.5,,8300,0.18,,,
8703.50.51,0.6,0,0.025,0,0.5,,5550,0.18,,,
8703.50.52,0.6,0,0.025,0,0.5,,5550,0.18,,,
8703.50.53,0.6,0,0.025,0,0.5,,6900,0.18,,,
8703.50.54,0.6,0,0.025,0,0.5,,6900,0.18,,,
8703.50.58,0.6,0,0.025,0,0.5,,8350,0.18,,,
8703.50.59,0.6,0,0.025,0,0.5,,8350,0.18,,,
8703.50.61,0.4,0.16,0.025,0,0.5,,0,0.18,,,
8703.50.62,0.4,0.16,0.025,0,0.5,,0,0.18,,,
8703.50.63,0.4,0,0.025,0,0.5,,4800,0.18,,,
8703.50.64,0.4,0,0.025,0,0.5,,4800,0.18,,,
8703.50.68,0.4,0,0.025,0,0.5,,0,0.18,,,
8703.50.69,0.4,0,0.025,0,0.5,,0,0.18,,,
8703.50.71,0.67,0,0.025,0,0.5,,0,0.18,,,
8703.50.72,0.67,0.16,0.025,0,0.5,,0,0.18,,,
8703.50.78,0.67,0,0.025,0,0.5,,0,0.18,,,
8703.50.79,0.67,0,0.025,0,0.5,,0,0.18,,,
8703.50.81,0.4,0.16,0.025,0,0.5,,0,0.18,,,
8703.50.82,0.4,0.16,0.025,0,0.5,,0,0.18,,,
8703.50.83,0.4,0,0.025,0,0.5,,4800,0.18,,,
8703.50.84,0.4,0,0.025,0,0.5,,4800,0.18,,,
8703.50.88,0.4,0,0.025,0,0.5,,0,0.18,,,
8703.50.89,0.4,0,0.025,0,0.5,,0,0.18,,,
8703.50.91,0.67,0.16,0.025,0,0.5,,0,0.18,,,
8703.50.98,0.67,0,0.025,0,0.5,,0,0.18,,,
8703.50.99,0.67,0,0.025,0,0.5,,0,0.18,,,
8703.60,0,0,0,0,0,,0,0,,,
8703.60.11,0.4,0.16,0.025,0,0.5,,0,0.18,,,
8703.60.12,0.4,0.16,0.025,0,0.5,,0,0.18,,,
8703.60.13,0.4,0,0.025,0,0.5,,1550,0.18,,,
8703.60.14,0.4,0,0.025,0,0.5,,1550,0.18,,,
8703.60.15,0.4,0,0.025,0,0,,2900,0.18,,,
8703.60.16,0.4,0,0.025,0,0,,2900,0.18,,,
8703.60.18,0.4,0,0.025,0,0.5,,1810900,0.18,,,
8703.60.19,0.4,0,0.025,0,0.5,,1810900,0.18,,,
8703.60.21,0.1,0.16,0.025,0,0,,0,0.18,,,
8703.60.22,0.1,0.16,0.025,0,0,,0,0.18,,,
8703.60.23,0.4,0,0.025,0,0.5,,482900,0.18,,,
8703.60.24,0.4,0,0.025,0,0.5,,482900,0.18,,,
8703.60.25,0.4,0.16,0.025,0,0.5,,0,0.18,,,
8703.60.26,0.4,0.16,0.025,0,0.5,,0,0.18,,,
8703.60.28,0.4,0,0.025,0,0.5,,1810900,0.18,,,
8703.60.29,0.4,0,0.025,0,0.5,,1810900,0.18,,,
8703.60.31,0.4,0.16,0.025,0,0.5,,0,0.18,,,
8703.60.32,0.4,0.16,0.025,0,0.5,,0,0.18,,,
8703.60.33,0.4,0,0.025,0,0.5,,2450,0.18,,,
8703.60.34,0.4,0,0.025,0,0.5,,2450,0.18,,,
8703.60.35,0.4,0,0.025,0,0.5,,0,0.18,,,
8703.60.36,0.4,0,0,0,0.5,,0,0.18,,,
8703.60.38,0.4,0,0,0,0.5,,0,0.18,,,
8703.60.39,0.4,0,0.025,0,0.5,,0,0.18,,,
8703.60.41,0.4,0.16,0.025,0,0.5,,0,0.18,,,
8703.60.42,0.4,0.16,0.025,0,0.5,,0,0.18,,,
8703.60.43,0.4,0,0.025,0,0.5,,3000,0.18,,,
8703.60.44,0.4,0,0.025,0,0.5,,3000,0.18,,,
8703.60.48,0.4,0,0.025,0,0.5,,6900,0.18,,,
8703.60.49,0.4,0,0.025,0,0.5,,6900,0.18,,,
8703.60.51,0.4,0,0.025,0,0.5,,4800,0.18,,,
8703.60.52,0.4,0,0.025,0,0.5,,4800,0.18,,,
8703.60.53,0.4,0,0.025,0,0.5,,6250,0.18,,,
8703.60.54,0.4,0,0.025,0,0.5,,6250,0.18,,,
8703.60.58,0.4,0,0.025,0,0.5,,6900,0.18,,,
8703.60.59,0.4,0,0.025,0,0.5,,6900,0.18,,,
8703.60.61,0.4,0.16,0.025,0,0.5,,0,0.18,,,
8703.60.62,0.4,0.16,0.025,0,0.5,,0,0.18,,,
8703.60.63,0.4,0,0.025,0,0.5,,3000,0.18,,,
8703.60.64,0.4,0,0.025,0,0.5,,3000,0.18,,,
8703.60.68,0.4,0,0.025,0,0.5,,0,0.18,,,
8703.60.69,0.4,0,0.025,0,0.5,,0,0.18,,,
8703.60.71,0.4,0,0.025,0,0.5,,0,0.18,,,
8703.60.72,0.4,0,0.025,0,0.5,,0,0.18,,,
8703.60.81,0.4,0.16,0.025,0,0.5,,0,0.18,,,
8703.60.82,0.4,0.16,0.025,0,0.5,,0,0.18,,,
8703.60.83,0.4,0,0.025,0,0.5,,4250,0.18,,,
8703.60.84,0.4,0,0.025,0,0.5,,4250,0.18,,,
8703.60.88,0.4,0,0.025,0,0.5,,0,0.18,,,
8703.60.89,0.4,0,0.025,0,0.5,,0,0.18,,,
8703.60.91,0.4,0,0.025,0,0.5,,0,0.18,,,
8703.60.92,0.4,0,0.025,0,0.5,,0,0.18,,,
8703.70,0,0,0,0,0,,0,0,,,
8703.70.11,0.4,0.16,0.025,0,0.5,,0,0.18,,,
8703.70.12,0.4,0.16,0.025,0,0.5,,0,0.18,,,
8703.70.13,0.4,0,0.025,0,0.5,,2450,0.18,,,
8703.70.14,0.4,0,0.025,0,0.5,,2450,0.18,,,
8703.70.15,0.4,0,0.025,0,0,,1750,0.18,,,
8703.70.16,0.4,0,0.025,0,0,,1750,0.18,,,
8703.70.18,0.4,0,0.025,0,0.5,,4150,0.18,,,
8703.70.19,0.4,0,0.025,0,0.5,,4150,0.18,,,
8703.70.21,0.1,0.16,0.025,0,0,,0,0.18,,,
8703.70.22,0.1,0.16,0.025,0,0,,0,0.18,,,
8703.70.23,0.4,0,0.025,0,0.5,,482900,0.18,,,
8703.70.24,0.4,0,0.025,0,0.5,,482900,0.18,,,
8703.70.25,0.4,0.16,0.025,0,0.5,,0,0.18,,,
8703.70.26,0.4,0.16,0.025,0,0.5,,0,0.18,,,
8703.70.28,0.4,0,0.025,0,0.5,,4150,0.18,,,
8703.70.29,0.4,0,0.025,0,0.5,,4150,0.18,,,
8703.70.31,0.4,0.16,0.025,0,0.5,,0,0.18,,,
8703.70.32,0.4,0.16,0.025,0,0.5,,0,0.18,,,
8703.70.33,0.4,0,0.025,0,0.5,,2450,0.18,,,
8703.70.34,0.4,0,0.025,0,0.5,,2450,0.18,,,
8703.70.35,0.4,0,0.025,0,0.5,,4150,0.18,,,
8703.70.36,0.4,0,0.025,0,0.5,,4150,0.18,,,
8703.70.38,0.4,0,0.025,0,0.5,,4150,0.18,,,
8703.70.39,0.4,0,0.025,0,0.5,,4150,0.18,,,
8703.70.41,0.4,0.16,0.025,0,0.5,,0,0.18,,,
8703.70.42,0.4,0.16,0.025,0,0.5,,0,0.18,,,
8703.70.43,0.4,0,0.025,0,0.5,,3600,0.18,,,
8703.70.44,0.4,0,0.025,0,0.5,,3600,0.18,,,
8703.70.48,0.4,0,0.025,0,0.5,,8300,0.18,,,
8703.70.49,0.4,0,0.025,0,0.5,,8300,0.18,,,
8703.70.51,0.4,0,0.025,0,0.5,,5550,0.18,,,
8703.70.52,0.4,0,0.025,0,0.5,,5550,0.18,,,
8703.70.53,0.4,0,0.025,0,0.5,,6900,0.18,,,
8703.70.54,0.4,0,0.025,0,0.5,,6900,0.18,,,
8703.70.58,0.4,0,0.025,0,0.5,,8300,0.18,,,
8703.70.59,0.4,0,0.025,0,0.5,,8300,0.18,,,
8703.70.61,0.4,0.16,0.025,0,0.5,,0,0.18,,,
8703.70.62,0.4,0.16,0.025,0,0.5,,0,0.18,,,
8703.70.63,0.4,0,0.025,0,0.5,,4800,0.18,,,
8703.70.64,0.4,0,0.025,0,0.5,,4800,0.18,,,
8703.70.68,0.4,0,0.025,0,0.5,,0,0.18,,,
8703.70.69,0.4,0,0.025,0,0.5,,0,0.18,,,
8703.70.71,0.4,0,0.025,0,0.5,,0,0.18,,,
8703.70.72,0.4,0.16,0.025,0,0.5,,0,0.18,,,
8703.70.78,0.4,0,0.025,0,0.5,,0,0.18,,,
8703.70.81,0.4,0.16,0.025,0,0.5,,0,0.18,,,
8703.70.82,0.4,0.16,0.025,0,0.5,,0,0.18,,,
8703.70.83,0.4,0,0.025,0,0.5,,4800,0.18,,,
8703.70.84,0.4,0,0.025,0,0.5,,4800,0.18,,,
8703.70.88,0.4,0,0.025,0,0.5,,0,0.18,,,
8703.70.89,0.4,0,0.025,0,0.5,,0,0.18,,,
8703.70.91,0.4,0.16,0.025,0,0.5,,0,0.18,,,
8703.70.98,0.4,0,0.025,0,0.5,,0,0.18,,,
8703.70.99,0.4,0,0.025,0,0.5,,0,0.18,,,
8703.80,0,0,0,0,0,,0,0,,,
8703.80.11,0.4,0,0.025,0,0,,18100,0.18,,,
8703.80.12,0.4,0,0.025,0,0,,36200,0.18,,,
8703.80.21,0.4,0,0.025,0,0.5,,18100,0.18,,,
8703.80.22,0.4,0,0.025,0,0.5,,48300,0.18,,,
8703.80.31,0.4,0,0.025,0,0.5,,18100,0.18,,,
8703.80.32,0.4,0,0.025,0,0.5,,24100,0.18,,,
8703.80.33,0.4,0,0.025,0,0.5,,36200,0.18,,,
8703.80.34,0.4,0,0.025,0,0.5,,96600,0.18,,,
8703.80.41,0.4,0,0.025,0,0.5,,48300,0.18,,,
8703.80.42,0.4,0,0.025,0,0.5,,72400,0.18,,,
8703.80.43,0.4,0,0.025,0,0.5,,108700,0.18,,,
8703.80.44,0.4,0,0.025,0,0.5,,144900,0.18,,,
8703.80.51,0.4,0,0.025,0,0.5,,18100,0.18,,,
8703.80.52,0.4,0,0.025,0,0.5,,24100,0.18,,,
8703.80.53,0.4,0,0.025,0,0.5,,36200,0.18,,,
8703.80.54,0.4,0,0.025,0,0.5,,96600,0.18,,,
8703.80.61,0.4,0,0.025,0,0.5,,48300,0.18,,,
8703.80.62,0.4,0,0.025,0,0.5,,72400,0.18,,,
8703.80.63,0.4,0,0.025,0,0.5,,108700,0.18,,,
8703.80.64,0.4,0,0.025,0,0.5,,144900,0.18,,,
8703.80.71,0.4,0,0.025,0,0.5,,30770,0.18,,,
8703.80.72,0.4,0,0.025,0,0.5,,57960,0.18,,,
8703.80.73,0.4,0,0.025,0,0.5,,40970,0.18,,,
8703.80.74,0.4,0,0.025,0,0.5,,86880,0.18,,,
8703.80.75,0.4,0,0.025,0,0.5,,41630,0.18,,,
8703.80.76,0.4,0,0.025,0,0.5,,130440,0.18,,,
8703.80.77,0.4,0,0.025,0,0.5,,111090,0.18,,,
8703.80.78,0.4,0,0.025,0,0.5,,173880,0.18,,,
8703.80.81,0.4,0,0.025,0,0.5,,36920,0.18,,,
8703.80.82,0.4,0,0.025,0,0.5,,69550,0.18,,,
8703.80.83,0.4,0,0.025,0,0.5,,49160,0.18,,,
8703.80.84,0.4,0,0.025,0,0.5,,104260,0.18,,,
8703.80.85,0.4,0,0.025,0,0.5,,49960,0.18,,,
8703.80.86,0.4,0,0.025,0,0.5,,156530,0.18,,,
8703.80.87,0.4,0,0.025,0,0.5,,133310,0.18,,,
8703.80.88,0.4,0,0.025,0,0.5,,208660,0.18,,,
8703.80.91,0.4,0,0.025,0,0.5,,111090,0.18,,,
8703.80.92,0.4,0,0.025,0,0.5,,173880,0.18,,,
8703.90,0,0,0,0,0,,0,0,,,
8703.90.10,0.5,0,0.025,0,0.5,,1207250,0.18,,,
8703.90.20,0.5,0,0,0,0.5,,1810900,0.18,,,
8704.10,0,0.16,0.025,0,0,,0,0.18,,,
8704.21,0,0,0,0,0,,0,0,,,
8704.21.11,0,0.16,0.025,0,0,,0,0.18,,,
8704.21.12,0,0.16,0.025,0,0,,0,0.18,,,
8704.21.13,0,0.16,0.025,0,0,,0,0.18,,,
8704.21.14,0,0.16,0.025,0,0,,0,0.18,,,
8704.21.21,0,0.06,0.025,0,0,,500,0.18,,,
8704.21.22,0,0.06,0.025,0,0,,500,0.18,,,
8704.21.31,0.5,0,0.025,0,0.5,,603650,0.18,,,
8704.21.32,0.5,0,0.025,0,0.5,,1207250,0.18,,,
8704.21.33,0.5,0.06,0.025,0,0.5,,603650,0.18,,,
8704.21.34,0.5,0,0.025,0,0.5,,1207250,0.18,,,
8704.21.35,0.5,0,0.025,0,0.5,,603650,0.18,,,
8704.21.36,0.5,0,0.025,0,0.5,,1207250,0.18,,,
8704.21.37,0.5,0,0.025,0,0.5,,1690150,0.18,,,
8704.21.38,0.5,0,0.025,0,0.5,,3018150,0.18,,,
8704.21.41,0.4,0,0.025,0,0.5,,724350,0.18,,,
8704.21.42,0.4,0,0.025,0,0.5,,1207250,0.18,,,
8704.21.43,0.5,0,0.025,0,0.5,,724350,0.18,,,
8704.21.44,0.5,0,0.025,0,0.5,,1207250,0.18,,,
8704.21.51,0.4,0,0.025,0,0.5,,1207250,0.18,,,
8704.21.52,0.4,0,0.025,0,0.5,,2414500,0.18,,,
8704.21.61,0.4,0,0.025,0,0.5,,724350,0.18,,,
8704.21.62,0.4,0,0.025,0,0.5,,1207250,0.18,,,
8704.21.63,0.5,0,0.025,0,0.5,,724350,0.18,,,
8704.21.64,0.5,0,0.025,0,0.5,,1207250,0.18,,,
8704.21.65,0.5,0,0.025,0,0.5,,1810900,0.18,,,
8704.21.66,0.5,0,0.025,0,0.5,,3018150,0.18,,,
8704.21.67,0.5,0,0.025,0,0.5,,1810900,0.18,,,
8704.21.68,0.5,0,0.025,0,0.5,,3018150,0.18,,,
8704.21.71,0.5,0,0.025,0,0.5,,2414500,0.18,,,
8704.21.72,0.5,0,0.025,0,0.5,,3018150,0.18,,,
8704.21.91,0.5,0,0.025,0,0.5,,6036300,0.18,,,
8704.21.92,0.5,0,0.025,0,0.5,,7243550,0.18,,,
8704.21.93,0.5,0,0.025,0,0.5,,5432650,0.18,,,
8704.21.99,0.5,0,0.025,0,0.5,,7243550,0.18,,,
8704.22,0,0,0,0,0,,0,0,,,
8704.22.41,0,0.16,0.025,0,0,,0,0.18,,,
8704.22.42,0,0,0.025,0,0,,1810900,0.18,,,
8704.22.43,0,0,0.025,0,0,,3621800,0.18,,,
8704.22.51,0,0.16,0.025,0,0,,0,0.18,,,
8704.22.52,0,0,0.025,0,0,,150900,0.18,,,
8704.22.61,0,0,0.025,0,0,,1207250,0.18,,,
8704.22.62,0,0,0.025,0,0,,3018150,0.18,,,
8704.22.63,0,0,0.025,0,0,,4829050,0.18,,,
8704.23,0,0,0,0,0,,0,0,,,
8704.23.51,0,0.16,0.025,0,0,,0,0.18,,,
8704.23.52,0,0,0.025,0,0,,1810900,0.18,,,
8704.23.53,0,0,0.025,0,0,,3621800,0.18,,,
8704.23.61,0,0.16,0.025,0,0,,0,0.18,,,
8704.23.62,0,0,0.025,0,0,,150900,0.18,,,
8704.23.71,0,0,0.025,0,0,,1207250,0.18,,,
8704.23.72,0,0,0.025,0,0,,3018150,0.18,,,
8704.23.73,0,0,0.025,0,0,,4829050,0.18,,,
8704.31,0,0,0,0,0,,0,0,,,
8704.31.11,0,0.16,0.025,0,0,,0,0.18,,,
8704.31.12,0,0.16,0.025,0,0,,0,0.18,,,
8704.31.13,0,0.16,0.025,0,0,,0,0.18,,,
8704.31.14,0,0.16,0.025,0,0,,0,0.18,,,
8704.31.21,0,0.06,0.025,0,0,,600,0.18,,,
8704.31.22,0,0.06,0.025,0,0,,600,0.18,,,
8704.31.23,0,0.06,0.025,0,0,,600,0.18,,,
8704.31.31,0.5,0,0.025,0,0.5,,603650,0.18,,,
8704.31.32,0.5,0,0.025,0,0.5,,1207250,0.18,,,
8704.31.33,0.5,0.16,0.025,0,0.5,,603650,0.18,,,
8704.31.34,0.5,0,0.025,0,0.5,,1207250,0.18,,,
8704.31.35,0.5,0,0.025,0,0.5,,603650,0.18,,,
8704.31.36,0.5,0,0.025,0,0.5,,1207250,0.18,,,
8704.31.37,0.5,0,0.025,0,0.5,,1690150,0.18,,,
8704.31.38,0.5,0,0.025,0,0.5,,3018150,0.18,,,
8704.31.41,0.4,0,0.025,0,0.5,,724350,0.18,,,
8704.31.42,0.4,0,0.025,0,0.5,,1207250,0.18,,,
8704.31.43,0.5,0,0.025,0,0.5,,724350,0.18,,,
8704.31.44,0.5,0,0.025,0,0.5,,1207250,0.18,,,
8704.31.51,0.4,0,0.025,0,0.5,,724350,0.18,,,
8704.31.52,0.4,0,0.025,0,0.5,,2414500,0.18,,,
8704.31.61,0.4,0,0.025,0,0.5,,724350,0.18,,,
8704.31.62,0.4,0,0.025,0,0.5,,1207250,0.18,,,
8704.31.63,0.5,0,0.025,0,0.5,,724350,0.18,,,
8704.31.64,0.5,0,0.025,0,0.5,,1207250,0.18,,,
8704.31.65,0.5,0,0.025,0,0.5,,1810900,0.18,,,
8704.31.66,0.5,0,0.025,0,0.5,,3018150,0.18,,,
8704.31.67,0.5,0,0.025,0,0.5,,1810900,0.18,,,
8704.31.68,0.5,0,0.025,0,0.5,,3018150,0.18,,,
8704.31.71,0.5,0,0.025,0,0.5,,2100,0.18,,,
8704.31.72,0.5,0,0.025,0,0.5,,2100,0.18,,,
8704.31.91,0.5,0,0.025,0,0.5,,6036300,0.18,,,
8704.31.92,0.5,0,0.025,0,0.5,,7243550,0.18,,,
8704.31.93,0.5,0,0.025,0,0.5,,2100,0.18,,,
8704.31.99,0.5,0,0.025,0,0.5,,2100,0.18,,,
8704.32,0,0,0,0,0,,0,0,,,
8704.32.41,0,0.16,0.025,0,0,,0,0.18,,,
8704.32.42,0,0,0.025,0,0,,1810900,0.18,,,
8704.32.43,0,0,0.025,0,0,,3621800,0.18,,,
8704.32.51,0,0.16,0.025,0,0,,0,0.18,,,
8704.32.52,0,0,0.025,0,0,,150900,0.18,,,
8704.32.61,0.055,0,0.025,0,0,,1207250,0.18,,,
8704.32.62,0.055,0,0.025,0,0,,3018150,0.18,,,
8704.32.63,0.055,0,0.025,0,0,,4829050,0.18,,,
8704.41,0,0,0,0,0,,0,0,,,
8704.41.11,0,0.16,0.025,0,0,,0,0.18,,,
8704.41.12,0,0.16,0.025,0,0,,0,0.18,,,
8704.41.13,0,0.16,0.025,0,0,,0,0.18,,,
8704.41.14,0,0.16,0.025,0,0,,0,0.18,,,
8704.41.21,0,0.16,0.025,0,0,,400,0.18,,,
8704.41.22,0,0.16,0.025,0,0,,400,0.18,,,
8704.41.31,0.5,0.1,0.025,0,0.5,,543250,0.18,,,
8704.41.32,0.5,0.1,0.025,0,0.5,,1086550,0.18,,,
8704.41.33,0.5,0.16,0.025,0,0.5,,543250,0.18,,,
8704.41.34,0.5,0.1,0.025,0,0.5,,1086550,0.18,,,
8704.41.35,0.5,0.1,0.025,0,0.5,,543250,0.18,,,
8704.41.36,0.5,0.1,0.025,0,0.5,,1086550,0.18,,,
8704.41.37,0.5,0.1,0.025,0,0.5,,1569450,0.18,,,
8704.41.38,0.5,0.1,0.025,0,0.5,,2776700,0.18,,,
8704.41.41,0.4,0.1,0.025,0,0.5,,664000,0.18,,,
8704.41.42,0.4,0.1,0.025,0,0.5,,1086550,0.18,,,
8704.41.43,0.5,0.1,0.025,0,0.5,,664000,0.18,,,
8704.41.44,0.5,0.1,0.025,0,0.5,,1086550,0.18,,,
8704.41.51,0.4,0.1,0.025,0,0.5,,1086550,0.18,,,
8704.41.52,0.4,0.1,0.025,0,0.5,,2173050,0.18,,,
8704.41.61,0.4,0.1,0.025,0,0.5,,664000,0.18,,,
8704.41.62,0.4,0.1,0.025,0,0.5,,1086550,0.18,,,
8704.41.63,0.5,0.1,0.025,0,0.5,,664000,0.18,,,
8704.41.64,0.5,0.1,0.025,0,0.5,,1086550,0.18,,,
8704.41.65,0.5,0.1,0.025,0,0.5,,1690150,0.18,,,
8704.41.66,0.5,0.1,0.025,0,0.5,,2776700,0.18,,,
8704.41.67,0.5,0.1,0.025,0,0.5,,1690150,0.18,,,
8704.41.68,0.5,0.1,0.025,0,0.5,,2776700,0.18,,,
8704.41.71,0.5,0.1,0.025,0,0.5,,2173050,0.18,,,
8704.41.72,0.5,0.1,0.025,0,0.5,,2776700,0.18,,,
8704.41.91,0.5,0.1,0.025,0,0.5,,5432650,0.18,,,
8704.41.92,0.5,0.1,0.025,0,0.5,,6036300,0.18,,,
8704.41.93,0.5,0.1,0.025,0,0.5,,4829050,0.18,,,
8704.41.99,0.5,0.1,0.025,0,0.5,,6639950,0.18,,,
8704.42,0,0,0,0,0,,0,0,,,
8704.42.41,0,0.16,0.025,0,0,,1690150,0.18,,,
8704.42.42,0,0.1,0.025,0,0,,1690150,0.18,,,
8704.42.43,0,0.1,0.025,0,0,,3259600,0.18,,,
8704.42.51,0,0.16,0.025,0,0,,0,0.18,,,
8704.42.52,0,0.1,0.025,0,0,,144850,0.18,,,
8704.42.61,0,0.1,0.025,0,0,,1086550,0.18,,,
8704.42.62,0,0.1,0.025,0,0,,2776700,0.18,,,
8704.42.63,0,0.1,0.025,0,0,,4466850,0.18,,,
8704.43,0,0,0,0,0,,0,0,,,
8704.43.51,0,0.16,0.025,0,0,,0,0.18,,,
8704.43.52,0,0.1,0.025,0,0,,1690150,0.18,,,
8704.43.53,0,0.1,0.025,0,0,,3259600,0.18,,,
8704.43.61,0,0.16,0.025,0,0,,0,0.18,,,
8704.43.62,0,0.1,0.025,0,0,,144850,0.18,,,
8704.43.71,0,0.1,0.025,0,0,,1086550,0.18,,,
8704.43.72,0,0.1,0.025,0,0,,2776700,0.18,,,
8704.43.73,0,0.1,0.025,0,0,,4466850,0.18,,,
8704.51,0,0,0,0,0,,0,0,,,
8704.51.11,0,0.16,0.025,0,0,,0,0.18,,,
8704.51.12,0,0.16,0.025,0,0,,0,0.18,,,
8704.51.13,0,0.16,0.025,0,0,,0,0.18,,,
8704.51.14,0,0.16,0.025,0,0,,0,0.18,,,
8704.51.21,0,0.16,0.025,0,0,,500,0.18,,,
8704.51.22,0,0.16,0.025,0,0,,500,0.18,,,
8704.51.23,0,0.16,0.025,0,0,,500,0.18,,,
8704.51.31,0.5,0.1,0.025,0,0.5,,543250,0.18,,,
8704.51.32,0.5,0.1,0.025,0,0.5,,1086550,0.18,,,
8704.51.33,0.5,0.16,0.025,0,0.5,,543250,0.18,,,
8704.51.34,0.5,0.1,0.025,0,0.5,,1086550,0.18,,,
8704.51.35,0.5,0.1,0.025,0,0.5,,543250,0.18,,,
8704.51.36,0.5,0.1,0.025,0,0.5,,1086550,0.18,,,
8704.51.37,0.5,0.1,0.025,0,0.5,,1569450,0.18,,,
8704.51.38,0.5,0.1,0.025,0,0.5,,2776700,0.18,,,
8704.51.41,0.4,0.1,0.025,0,0.5,,664000,0.18,,,
8704.51.42,0.4,0.1,0.025,0,0.5,,1086550,0.18,,,
8704.51.43,0.5,0.1,0.025,0,0.5,,664000,0.18,,,
8704.51.44,0.5,0.1,0.025,0,0.5,,1086550,0.18,,,
8704.51.51,0.4,0.1,0.025,0,0.5,,664000,0.18,,,
8704.51.52,0.4,0.1,0.025,0,0.5,,2173050,0.18,,,
8704.51.61,0.4,0.1,0.025,0,0.5,,664000,0.18,,,
8704.51.62,0.4,0.1,0.025,0,0.5,,1086550,0.18,,,
8704.51.63,0.5,0.1,0.025,0,0.5,,664000,0.18,,,
8704.51.64,0.5,0.1,0.025,0,0.5,,1086550,0.18,,,
8704.51.65,0.5,0.1,0.025,0,0.5,,1569450,0.18,,,
8704.51.66,0.5,0.1,0.025,0,0.5,,2776700,0.18,,,
8704.51.67,0.5,0.1,0.025,0,0.5,,1569450,0.18,,,
8704.51.68,0.5,0.1,0.025,0,0.5,,2776700,0.18,,,
8704.51.71,0.5,0.1,0.025,0,0.5,,2050,0.18,,,
8704.51.72,0.5,0.1,0.025,0,0.5,,2050,0.18,,,
8704.51.91,0.5,0.1,0.025,0,0.5,,5432650,0.18,,,
8704.51.92,0.5,0.1,0.025,0,0.5,,6036300,0.18,,,
8704.51.93,0.5,0.1,0.025,0,0.5,,2050,0.18,,,
8704.51.99,0.5,0.1,0.025,0,0.5,,2050,0.18,,,
8704.52,0,0,0,0,0,,0,0,,,
8704.52.41,0,0.16,0.025,0,0,,0,0.18,,,
8704.52.42,0,0.1,0.025,0,0,,1569450,0.18,,,
8704.52.43,0,0.1,0.025,0,0,,3259600,0.18,,,
8704.52.51,0,0.16,0.025,0,0,,0,0.18,,,
8704.52.52,0,0.1,0.025,0,0,,144850,0.18,,,
8704.52.61,0.055,0.1,0.025,0,0,,1086550,0.18,,,
8704.52.62,0.055,0.1,0.025,0,0,,2776700,0.18,,,
8704.52.63,0.055,0.1,0.025,0,0,,4587600,0.18,,,
8704.60,0,0,0,0,0,,0,0,,,
8704.60.10,0.4,0.06,0.025,0,0,,18100,0.18,,,
8704.60.20,0.4,0.06,0.025,0,0,,18100,0.18,,,
8704.60.31,0.5,0.06,0.025,0,0.5,,18100,0.18,,,
8704.60.32,0.5,0.06,0.025,0,0.5,,24100,0.18,,,
8704.60.33,0.5,0.06,0.025,0,0.5,,60400,0.18,,,
8704.60.34,0.5,0.06,0.025,0,0.5,,96600,0.18,,,
8704.60.41,0.5,0.06,0.025,0,0.5,,48300,0.18,,,
8704.60.42,0.5,0.06,0.025,0,0.5,,72400,0.18,,,
8704.60.43,0.5,0.06,0.025,0,0.5,,108700,0.18,,,
8704.60.44,0.5,0.06,0.025,0,0.5,,144900,0.18,,,
8704.90,0,0,0,0,0,,0,0,,,
8704.90.10,0.4,0.06,0.025,0,0.5,,1207250,0.18,,,
8704.90.90,0.5,0,0.025,0,0.5,,1810900,0.18,,,
8705.10,0,0,0,0,0,,0,0,,,
8705.10.10,0,0.16,0.025,0,0,,0,0.18,,,
8705.10.20,0,0.16,0.025,0,0,,0,0.18,,,
8705.20,0,0,0,0,0,,0,0,,,
8705.20.10,0,0.16,0.025,0,0,,0,0.18,,,
8705.20.20,0,0.16,0.025,0,0,,0,0.18,,,
8705.30,0,0,0,0,0,,0,0,,,
8705.30.10,0,0.16,0.025,0,0,,0,0.18,,,
8705.30.20,0,0.16,0.025,0,0,,0,0.18,,,
8705.40,0,0,0,0,0,,0,0,,,
8705.40.10,0,0.16,0.025,0,0,,0,0.18,,,
8705.40.20,0,0.16,0.025,0,0,,0,0.18,,,
8705.90,0,0,0,0,0,,0,0,,,
8705.90.21,0,0.16,0.025,0,0,,0,0.18,,,
8705.90.22,0,0.16,0.025,0,0,,0,0.18,,,
8705.90.31,0,0.16,0.025,0,0,,0,0.18,,,
8705.90.32,0,0.16,0.025,0,0,,0,0.18,,,
8705.90.41,0,0.1,0.025,0,0,,5432650,0.18,,,
8705.90.42,0,0.1,0.025,0,0,,7243550,0.18,,,
8705.90.43,0,0.1,0.025,0,0,,13300,0.18,,,
8705.90.44,0,0.1,0.025,0,0,,13300,0.18,,,
8705.90.45,0,0.1,0.025,0,0,,5432650,0.18,,,
8705.90.46,0,0.1,0.025,0,0,,7243550,0.18,,,
8705.90.47,0,0.1,0.025,0,0,,1207250,0.18,,,
8705.90.48,0,0.1,0.025,0,0,,3018150,0.18,,,
8705.90.51,0,0.1,0.025,0,0,,5432650,0.18,,,
8705.90.52,0,0.1,0.025,0,0,,7243550,0.18,,,
8705.90.53,0,0.1,0.025,0,0,,13300,0.18,,,
8705.90.54,0,0.1,0.025,0,0,,13300,0.18,,,
8705.90.55,0,0.1,0.025,0,0,,5432650,0.18,,,
8705.90.56,0,0.1,0.025,0,0,,7243550,0.18,,,
8705.90.91,0,0,0.025,0,0,,1810900,0.18,,,
8705.90.92,0,0,0.025,0,0,,3018150,0.18,,,
8705.90.93,0,0.16,0.025,0,0,,0,0.18,,,
8705.90.94,0,0,0.025,0,0,,0,0.18,,,
8706.00.10,0,0,0.025,0,0,,1207250,0.18,,,
8706.00.20,0.4,0,0.025,0,0,,1207250,0.18,,,
8706.00.30,0,0,0.025,0,0,,1207250,0.18,,,
8706.00.40,0.3,0,0.025,0,0,,2414500,0.18,,,
8706.00.50,0,0,0.025,0,0,"10% or Rs.145, 334.00 per unit | 20% or Rs.400, 000 per Unit",2414500,0.18,,,
8707.10,0,0,0,0,0,,0,0,,,
8707.10.10,0.3,0,0.025,0,0,,1207250,0.18,,,
8707.10.20,0.3,0,0.025,0,0,,965800,0.18,,,
8707.10.30,0.3,0,0.025,0,0,,1086550,0.18,,,
8707.10.40,0.3,0,0.025,0,0,,845100,0.18,,,
8707.10.50,0.3,0,0.025,0,0,,362200,0.18,,,
8707.10.60,0.3,0,0.025,0,0,,1207250,0.18,,,
8707.10.90,0.3,0,0.025,0,0,,1207250,0.18,,,
8707.90,0,0,0,0,0,,0,0,,,
8707.90.10,0.3,0,0.025,0,0,,1207250,0.18,,,
8707.90.20,0,0.16,0.025,0,0,,0,0.18,,,
8707.90.30,0,0.16,0.025,0,0,,0,0.18,,,
8707.90.41,0.3,0,0.025,0,0,,1207250,0.18,,,
8707.90.42,0.3,0,0.025,0,0,,965800,0.18,,,
8707.90.43,0.3,0,0.025,0,0,,1086550,0.18,,,
8707.90.44,0.3,0,0.025,0,0,,845100,0.18,,,
8707.90.48,0.3,0,0.025,0,0,,362200,0.18,,,
8707.90.49,0.3,0,0.025,0,0,,1207250,0.18,,,
8707.90.90,0.3,0,0.025,0,0,,1207250,0.18,,,
8708.10,0.3,0.16,0.025,0,0,,0,0.18,,,
8708.21,0.3,0.16,0.025,0,0,,0,0.18,,,
8708.22,0.5,0.16,0.025,0.05,0,,0,0.18,,,
8708.29,0,0,0,0,0,,0,0,,,
8708.29.10,0,0,0.025,0.05,0,"5% or Rs.40, 000 per cut portion | 5% or Rs80, 000 per cut portio n | 20% or Rs.80,0 00 per per cut portion | 20% or Rs.160, 000 per cut portion | 5% or Rs.40, 000 per cut portio n",362200,0.18,,,
8708.29.90,0.5,0.16,0.025,0.05,0,,0,0.18,,,
8708.30,0.3,0.1,0.025,0.05,0,,0,0.18,,,
8708.40,0.3,0.16,0.025,0.05,0,,0,0.18,,,
8708.50,0.3,0.16,0.025,0.05,0,,0,0.18,,,
8708.70,0,0,0,0,0,,0,0,,,
8708.70.10,0.3,0,0.025,0.05,0,,0,0.18,,,
8708.70.20,0.3,0.1,0.025,0.05,0,,0,0.18,,,
8708.70.90,0.3,0.1,0.025,0.05,0,,0,0.18,,,
8708.80,0.3,0.16,0.025,0.05,0,,0,0.18,,,
8708.91,0,0,0,0,0,,0,0,,,
8708.91.10,0,0.1,0.025,0,0,"5% or Rs.770 /- per unit | 5% or Rs.77 0/- per unit | 20% or Rs. 3000/- per unit | 30% or Rs.3,6 00 per unit",0,0.18,,,
8708.91.20,0.1,0.1,0.025,0,0,"20% or Rs. 2500/- per unit | 30% or Rs.2,8 00 per unit",0,0.18,,,
8708.91.90,0.3,0.1,0.025,0.3,0,,0,0.18,,,
8708.92,0.3,0.1,0.025,0.1,0,,0,0.18,,,
8708.93,0.3,0.1,0.025,0.05,0,,0,0.18,,,
8708.94,0.3,0.16,0.025,0.05,0,,0,0.18,,,
8708.95,0.2,0.1,0.025,0.05,0,,0,0.18,,,
8708.99,0,0,0,0,0,,0,0,,,
8708.99.10,0,0.16,0.025,0,0,,0,0.18,,,
8708.99.20,0.2,0.16,0.025,0.1,0,,0,0.18,,,
8708.99.30,0.4,0,0.025,0.1,0,,0,0.18,,,
8708.99.40,0,0,0.025,0.05,0,"18% or Rs.261, 000 per cut portion | 25.2% or Rs.185 ,000 per cut portion | 20% or Rs.133, 334/- per cut portion | 20% or Rs.290, 000 per cut portion | 5% or Rs.75, 000 per cut portio n",362200,0.18,,,
8708.99.90,0.2,0.16,0.025,0.05,0,,0,0.18,,,
8709.11,0.395,0.16,0.025,0,0,,0,0.18,,,
8709.19,0.3,0.16,0.025,0,0,,0,0.18,,,
8709.90,0.3,0,0.025,0,0,,0,0.18,,,
8710.00,0.395,0.16,0.025,0,0,,0,0.18,,,
8711.10,0,0,0,0,0,,0,0,,,
8711.10.10,0.055,0,0.025,0,0,,700,0.18,,,
8711.10.20,0.055,0,0.025,0,0,,120750,0.18,,,
8711.20,0,0,0,0,0,,0,0,,,
8711.20.10,0.055,0,0.025,0,0,,1400,0.18,,,
8711.20.20,0.055,0,0.025,0,0,,362200,0.18,,,
8711.20.30,0.055,0,0.025,0,0,,2050,0.18,,,
8711.20.40,0.055,0,0.025,0,0,,603650,0.18,,,
8711.30,0,0,0,0,0,,0,0,,,
8711.30.10,0.055,0,0.025,0,0,,2050,0.18,,,
8711.30.20,0.055,0,0.025,0,0,,0,0.18,,,
8711.30.30,0.055,0,0.025,0,0,,2750,0.18,,,
8711.30.40,0.055,0,0.025,0,0,,1810900,0.18,,,
8711.30.50,0.055,0,0.025,0,0,,2750,0.18,,,
8711.30.60,0.055,0,0.025,0,0,,1810900,0.18,,,
8711.40,0,0,0,0,0,,0,0,,,
8711.40.10,0.055,0,0.025,0,0,,3500,0.18,,,
8711.40.20,0.055,0,0.025,0,0,,3018150,0.18,,,
8711.50,0,0,0,0,0,,0,0,,,
8711.50.10,0.055,0,0.025,0,0,,3500,0.18,,,
8711.50.20,0.055,0,0.025,0,0,,0,0.18,,,
8711.50.30,0.055,0,0.025,0,0,,4200,0.18,,,
8711.50.40,0.055,0,0.025,0,0,,4829050,0.18,,,
8711.60,0,0,0,0,0,,0,0,,,
8711.60.10,0,0,0.025,0,0,,9050,0.18,,,
8711.60.20,0,0,0.025,0,0,,18100,0.18,,,
8711.90,0.055,0.16,0.025,0,0,,0,0.18,,,
8712.00,0,0,0,0,0,,0,0,,,
8712.00.10,0.3,0,0.025,0,0,,0,0.18,,,
8712.00.20,0,0.1,0.025,0,0,"30% or Rs.9,90 0/= per unit | 10% or Rs.24 00/= per unit",0,0.18,,,
8712.00.90,0,0.1,0.025,0,0,"30% or Rs.9,90 0/= per unit | 10% or Rs.24 00/= per unit",0,0.18,,,
8713.10,0,0.1,0,0,0,,0,0,,,
8713.90,0,0.1,0,0,0,,0,0,,,
8714.10,0,0,0,0,0,,0,0,,,
8714.10.10,0.055,0.16,0.025,0,0,,0,0.18,,,
8714.10.90,0.055,0.16,0.025,0,0,,0,0.18,,,
8714.20.00,0,0.16,0.025,0,0,,0,0.18,,,
8714.91,0,0,0,0,0,,0,0,,,
8714.91.10,0.2,0.16,0.025,0,0,,0,0.18,,,
8714.91.20,0.2,0.16,0.025,0,0,,0,0.18,,,
8714.91.90,0.2,0.16,0.025,0,0,,0,0.18,,,
8714.92,0,0,0,0,0,,0,0,,,
8714.92.10,0,0.16,0.025,0,0,19% or Rs.190/- per Kg | 5% or Rs.67/- per Kg | 4.5% or Rs.61/- per Kg | 20% or Rs.200/- per Kg,0,0.18,,,
8714.92.90,0.055,0.16,0.025,0,0,,0,0.18,,,
8714.93,0.055,0.16,0.025,0,0,,0,0.18,,,
8714.94,0.055,0.16,0.025,0,0,,0,0.18,,,
8714.95,0.3,0.16,0.025,0,0,,0,0.18,,,
8714.96,0.055,0.16,0.025,0,0,,0,0.18,,,
8714.99,0,0,0,0,0,,0,0,,,
8714.99.10,0.2,0.16,0.025,0,0,,0,0.18,,,
8714.99.20,0.2,0.16,0.025,0,0,,0,0.18,,,
8714.99.30,0.2,0.16,0.025,0,0,,0,0.18,,,
8714.99.91,0.335,0.1,0.025,0.08,0,,0,0.18,,,
8714.99.92,0.335,0.1,0.025,0.08,0,,0,0.18,,,
8714.99.99,0.335,0.1,0.025,0.05,0,,0,0.18,,,
8715.00,0.5,0.16,0.025,0.1,0,,0,0.18,,,
8716.10,0,0,0,0,0,,0,0,,,
8716.10.10,0,0,0.025,0,0,,0,0.18,,,
8716.10.20,0.3,0.1,0.025,0,0,,0,0.18,,,
8716.20,0,0,0,0,0,,0,0,,,
8716.20.10,0.2,0.1,0.025,0,0,,0,0.18,,,
8716.20.20,0.2,0.1,0.025,0,0,,0,0.18,,,
8716.31,0,0,0,0,0,,0,0,,,
8716.31.10,0.2,0,0.025,0,0,,0,0.18,,,
8716.31.20,0.2,0.1,0.025,0,0,,0,0.18,,,
8716.39,0,0,0,0,0,,0,0,,,
8716.39.10,0.2,0,0.025,0.05,0,,0,0.18,,,
8716.39.20,0.2,0.1,0.025,0.05,0,,0,0.18,,,
8716.40,0,0,0,0,0,,0,0,,,
8716.40.10,0.2,0.1,0.025,0,0,,0,0.18,,,
8716.40.20,0.2,0.1,0.025,0,0,,0,0.18,,,
8716.80,0,0,0,0,0,,0,0,,,
8716.80.20,0.2,0.1,0.025,0.05,0,,0,0.18,,,
8716.80.30,0.2,0.1,0.025,0,0,,0,0.18,,,
8716.80.40,0.2,0,0.025,0,0,,0,0.18,,,
8716.90,0,0,0,0,0,,0,0,,,
8716.90.10,0.3,0.16,0.025,0.05,0,,0,0.18,,,
8716.90.90,0.055,0.16,0.025,0,0,,0,0.18,,,
8801.00,0,0,0,0,0,,0,0.18,,,
8802.11,0,0,0.025,0,0,,0,0.18,,,
8802.12,0,0,0.025,0,0,,0,0.18,,,
8802.20,0,0,0.025,0,0,,0,0.18,,,
8802.30,0,0,0.025,0,0,,0,0.18,,,
8802.40,0,0,0.025,0,0,,0,0.18,,,
8802.60,0,0,0.025,0,0,,0,0.18,,,
8804.00,0,0,0,0,0,,0,0,,,
8804.00.11,0,0,0.025,0,0,,0,0.18,,,
8804.00.19,0,0,0.025,0,0,,0,0.18,,,
8804.00.90,0,0,0.025,0,0,,0,0.18,,,
8805.10,0,0,0.025,0,0,,0,0.18,,,
8805.21,0,0,0.025,0,0,,0,0.18,,,
8805.29,0,0,0.025,0,0,,0,0.18,,,
8806.10,0,0,0.025,0,0,,0,0.18,,,
8806.21,0,0,0.025,0,0,,0,0.18,,,
8806.22,0,0,0.025,0,0,,0,0.18,,,
8806.23,0,0,0.025,0,0,,0,0.18,,,
8806.24,0,0,0.025,0,0,,0,0.18,,,
8806.29,0,0,0.025,0,0,,0,0.18,,,
8806.91,0,0,0.025,0,0,,0,0.18,,,
8806.92,0,0,0.025,0,0,,0,0.18,,,
8806.93,0,0,0.025,0,0,,0,0.18,,,
8806.94,0,0,0.025,0,0,,0,0.18,,,
8806.99,0,0,0.025,0,0,,0,0.18,,,
8807.10,0,0,0.025,0,0,,0,0.18,,,
8807.20,0,0,0.025,0,0,,0,0.18,,,
8807.30,0,0,0.025,0,0,,0,0.18,,,
8807.90,0,0,0.025,0,0,,0,0.18,,,
8901.10,0,0,0,0,0,,0,0,,,
8901.10.11,0,0,0.025,0,0,,0,0.18,,,
8901.10.19,0,0,0.025,0,0,,0,0.18,,,
8901.10.90,0,0,0.025,0,0,,0,0.18,,,
8901.20,0,0,0,0,0,,0,0,,,
8901.20.11,0,0,0.025,0,0,,0,0.18,,,
8901.20.19,0,0,0.025,0,0,,0,0.18,,,
8901.20.90,0,0,0.025,0,0,,0,0.18,,,
8901.30,0,0,0,0,0,,0,0,,,
8901.30.11,0,0,0.025,0,0,,0,0.18,,,
8901.30.19,0,0,0.025,0,0,,0,0.18,,,
8901.30.90,0,0,0.025,0,0,,0,0.18,,,
8901.90,0,0,0,0,0,,0,0,,,
8901.90.11,0,0,0.025,0,0,,0,0.18,,,
8901.90.19,0,0,0.025,0,0,,0,0.18,,,
8901.90.90,0,0,0.025,0,0,,0,0.18,,,
8902.00,0,0,0,0,0,,0,0,,,
8902.00.11,0.2,0,0.025,0.05,0,,0,0.18,,,
8902.00.19,0.2,0,0.025,0.05,0,,0,0.18,,,
8902.00.90,0.2,0,0.025,0.05,0,,0,0.18,,,
8903.11,0,0,0,0,0,,0,0,,,
8903.11.21,0,0,0.025,0.1,0,,0,0.18,,,
8903.11.29,0,0,0.025,0.1,0,,0,0.18,,,
8903.11.90,0.2,0,0.025,0.1,0,,0,0.18,,,
8903.12,0,0,0,0,0,,0,0,,,
8903.12.10,0,0.1,0.025,0,0,,0,0.18,,,
8903.12.21,0.2,0,0.025,0,0,,0,0.18,,,
8903.12.29,0.2,0,0.025,0,0,,0,0.18,,,
8903.12.90,0.2,0,0.025,0.1,0,,0,0.18,,,
8903.19,0,0,0,0,0,,0,0,,,
8903.19.10,0,0.1,0.025,0,0,,0,0.18,,,
8903.19.21,0.2,0,0.025,0,0,,0,0.18,,,
8903.19.29,0.2,0,0.025,0,0,,0,0.18,,,
8903.19.90,0.2,0,0.025,0.1,0,,0,0.18,,,
8903.21,0,0,0,0,0,,0,0,,,
8903.21.11,0.2,0.075,0.025,0.1,0,,0,0.18,,,
8903.21.19,0.2,0.075,0.025,0.1,0,,0,0.18,,,
8903.21.90,0.2,0.075,0.025,0.1,0,,0,0.18,,,
8903.22,0,0,0,0,0,,0,0,,,
8903.22.11,0.2,0.075,0.025,0.1,0,,0,0.18,,,
8903.22.19,0.2,0.075,0.025,0.1,0,,0,0.18,,,
8903.22.90,0.2,0.075,0.025,0.1,0,,0,0.18,,,
8903.23,0,0,0,0,0,,0,0,,,
8903.23.11,0.2,0.075,0.025,0.1,0,,0,0.18,,,
8903.23.19,0.2,0.075,0.025,0.1,0,,0,0.18,,,
8903.23.90,0.2,0.075,0.025,0.1,0,,0,0.18,,,
8903.31,0,0,0,0,0,,0,0,,,
8903.31.10,0,0,0.025,0,0,,0,0.18,,,
8903.31.21,0.2,0,0.025,0,0,,0,0.18,,,
8903.31.29,0.2,0,0.025,0,0,,0,0.18,,,
8903.31.90,0.2,0,0.025,0.1,0,,0,0.18,,,
8903.32,0,0,0,0,0,,0,0,,,
8903.32.10,0,0,0.025,0,0,,0,0.18,,,
8903.32.21,0.2,0,0.025,0,0,,0,0.18,,,
8903.32.29,0.2,0,0.025,0,0,,0,0.18,,,
8903.32.90,0.2,0,0.025,0.1,0,,0,0.18,,,
8903.33,0,0,0,0,0,,0,0,,,
8903.33.10,0,0,0.025,0,0,,0,0.18,,,
8903.33.21,0.2,0,0.025,0,0,,0,0.18,,,
8903.33.29,0.2,0,0.025,0,0,,0,0.18,,,
8903.33.90,0.2,0,0.025,0.1,0,,0,0.18,,,
8903.93,0,0,0,0,0,,0,0,,,
8903.93.10,0,0,0.025,0,0,,0,0.18,,,
8903.93.21,0.2,0,0.025,0,0,,0,0.18,,,
8903.93.29,0.2,0,0.025,0,0,,0,0.18,,,
8903.93.90,0.2,0,0.025,0.1,0,,0,0.18,,,
8903.99,0,0,0,0,0,,0,0,,,
8903.99.10,0,0,0.025,0,0,,0,0.18,,,
8903.99.21,0.2,0,0.025,0,0,,0,0.18,,,
8903.99.29,0.2,0,0.025,0,0,,0,0.18,,,
8903.99.90,0.2,0.1,0.025,0.1,0,,0,0.18,,,
8904.00,0,0,0,0,0,,0,0,,,
8904.00.10,0.2,0,0.025,0.05,0,,0,0.18,,,
8904.00.90,0,0,0.025,0,0,,0,0.18,,,
8905.10,0,0,0.025,0,0,,0,0.18,,,
8905.20,0,0,0.025,0,0,,0,0.18,,,
8905.90,0,0,0.025,0,0,,0,0.18,,,
8906.10,0,0,0.025,0,0,,0,0.18,,,
8906.90,0,0,0.025,0,0,,0,0.18,,,
8907.10,0,0,0.025,0,0,,0,0.18,,,
8907.90,0,0,0.025,0,0,,0,0,,,
8907.90.10,0.2,0,0.025,0,0,,0,0.18,,,
8907.90.90,0,0,0.025,0,0,,0,0.18,,,
8908.00,0,0,0.025,0,0,,0,0.18,,,
9001.10,0,0.16,0.025,0,0,,0,0.18,,,
9001.20,0,0,0.025,0,0,,0,0.18,,,
9001.30,0,0.16,0.025,0,0,,0,0.18,,,
9001.40,0.2,0.1,0.025,0.05,0,,0,0.18,,,
9001.50,0,0,0,0,0,,0,0,,,
9001.50.10,0,0.16,0.025,0,0,,0,0.18,,,
9001.50.90,0,0.1,0.025,0.05,0,20% or Rs.100/= per pair | 5% or Rs.20/= per pair,0,0.18,,,
9001.90,0,0.16,0.025,0,0,,0,0.18,,,
9002.11,0,0.16,0.025,0,0,,0,0.18,,,
9002.19,0.195,0.16,0.025,0,0,,0,0.18,,,
9002.20,0,0.16,0.025,0,0,,0,0.18,,,
9002.90,0.295,0,0.025,0,0,,0,0.18,,,
9003.11,0.2,0.1,0.025,0.05,0,,0,0.18,,,
9003.19,0,0,0,0,0,,0,0,,,
9003.19.10,0,0.1,0.025,0,0,20% or Rs.100/= per pair,0,0.18,,,
9003.19.90,0.2,0.1,0.025,0.05,0,,0,0.18,,,
9003.90,0,0,0,0,0,,0,0,,,
9003.90.10,0,0,0.025,0,0,,0,0.18,,,
9003.90.90,0,0,0.025,0,0,,0,0.18,,,
9004.10,0.3,0,0.025,0,0,,0,0.18,,,
9004.90,0,0,0.025,0,0,,0,0.18,,,
9005.10,0.195,0.16,0.025,0,0,,0,0.18,,,
9005.80,0,0.16,0.025,0,0,,0,0.18,,,
9005.90,0,0,0.025,0,0,,0,0.18,,,
9006.30,0,0,0.025,0,0,,0,0.18,,,
9006.40,0,0,0.025,0,0,,0,0.18,,,
9006.53,0,0,0,0,0,,0,0,,,
9006.53.10,0,0,0.025,0,0,,0,0.18,,,
9006.53.20,0,0,0.025,0,0,,0,0.18,,,
9006.53.90,0,0,0.025,0,0,,0,0.18,,,
9006.59,0,0,0,0,0,,0,0,,,
9006.59.10,0,0,0.025,0,0,,0,0.18,,,
9006.59.90,0,0,0.025,0,0,,0,0.18,,,
9006.61,0.295,0,0.025,0,0,,0,0.18,,,
9006.69,0.295,0,0.025,0,0,,0,0.18,,,
9006.91,0.3533,0.16,0.025,0,0,,0,0.18,,,
9006.99,0.295,0,0.025,0,0,,0,0.18,,,
9007.10,0,0,0,0,0,,0,0,,,
9007.10.10,0.295,0,0.025,0,0,,0,0.18,,,
9007.10.90,0,0,0.025,0,0,,0,0.18,,,
9007.20,0,0,0,0,0,,0,0,,,
9007.20.10,0.295,0,0.025,0,0,,0,0.18,,,
9007.20.90,0,0.16,0.025,0,0,,0,0.18,,,
9007.91,0,0.16,0.025,0,0,,0,0.18,,,
9007.92,0,0.16,0.025,0,0,,0,0.18,,,
9008.50,0,0.16,0.025,0,0,,0,0.18,,,
9008.90,0,0,0.025,0,0,,0,0.18,,,
9010.10,0,0.16,0.025,0,0,,0,0.18,,,
9010.50,0,0,0,0,0,,0,0,,,
9010.50.10,0,0.16,0.025,0,0,,0,0.18,,,
9010.50.90,0,0.16,0.025,0,0,,0,0.18,,,
9010.60,0,0.16,0.025,0,0,,0,0.18,,,
9010.90,0,0.16,0.025,0,0,,0,0.18,,,
9011.10,0,0.16,0.025,0,0,,0,0.18,,,
9011.20,0,0.16,0.025,0,0,,0,0.18,,,
9011.80,0,0.16,0.025,0,0,,0,0.18,,,
9011.90,0,0.16,0.025,0,0,,0,0.18,,,
9012.10,0,0,0.025,0,0,,0,0.18,,,
9012.90,0,0,0.025,0,0,,0,0.18,,,
9013.10,0,0,0.025,0,0,,0,0.18,,,
9013.20,0,0.16,0.025,0,0,,0,0.18,,,
9013.80,0,0.16,0.025,0,0,,0,0.18,,,
9013.90,0,0.16,0.025,0,0,,0,0.18,,,
9014.10,0,0.16,0.025,0,0,,0,0.18,,,
9014.20,0,0.16,0.025,0,0,,0,0.18,,,
9014.80,0,0.16,0.025,0,0,,0,0.18,,,
9014.90,0,0.16,0.025,0,0,,0,0.18,,,
9015.10,0,0.16,0.025,0,0,,0,0.18,,,
9015.20,0,0.16,0.025,0,0,,0,0.18,,,
9015.30,0,0.16,0.025,0,0,,0,0.18,,,
9015.40,0,0.16,0.025,0,0,,0,0.18,,,
9015.80,0,0.16,0.025,0,0,,0,0.18,,,
9015.90,0,0.16,0.025,0,0,,0,0.18,,,
9016.00,0,0.16,0.025,0,0,,0,0.18,,,
9017.10,0,0,0.025,0,0,,0,0.18,,,
9017.20,0,0,0,0,0,,0,0,,,
9017.20.10,0.25,0,0.025,0.05,0,,0,0.18,,,
9017.20.20,0.25,0.16,0.025,0.05,0,,0,0.18,,,
9017.20.30,0.25,0,0.025,0.05,0,,0,0.18,,,
9017.20.40,0.25,0.16,0.025,0.05,0,,0,0.18,,,
9017.20.50,0.25,0.16,0.025,0.05,0,,0,0.18,,,
9017.20.90,0,0.16,0.025,0,0,,0,0.18,,,
9017.30,0,0,0.025,0,0,,0,0.18,,,
9017.80,0,0.16,0.025,0,0,,0,0.18,,,
9017.90,0,0.16,0.025,0,0,,0,0.18,,,
9018.11,0,0.16,0.025,0,0,,0,0.18,,,
9018.12,0,0.16,0.025,0,0,,0,0.18,,,
9018.13,0,0.16,0.025,0,0,,0,0.18,,,
9018.14,0,0.16,0.025,0,0,,0,0.18,,,
9018.19,0,0.16,0.025,0,0,,0,0.18,,,
9018.20,0,0.16,0.025,0,0,,0,0.18,,,
9018.31,0,0.16,0.025,0,0,,0,0.18,,,
9018.32,0,0,0,0,0,,0,0,,,
9018.32.10,0,0.16,0.025,0,0,,0,0.18,,,
9018.32.90,0,0.16,0.025,0,0,,0,0.18,,,
9018.39,0,0.16,0.025,0,0,,0,0.18,,,
9018.41,0,0.16,0.025,0,0,,0,0.18,,,
9018.49,0,0.16,0.025,0,0,,0,0.18,,,
9018.50,0,0.16,0.025,0,0,,0,0.18,,,
9018.90,0,0.16,0.025,0,0,,0,0.18,,,
9019.10,0,0.16,0.025,0,0,,0,0.18,,,
9019.20,0,0.16,0.025,0,0,,0,0.18,,,
9020.00,0,0.16,0.025,0,0,,0,0.18,,,
9021.10,0,0,0,0,0,,0,0,,,
9021.21,0,0,0,0,0,,0,0,,,
9021.29,0,0,0,0,0,,0,0,,,
9021.31,0,0,0,0,0,,0,0,,,
9021.39,0,0,0,0,0,,0,0,,,
9021.40,0,0,0,0,0,,0,0,,,
9021.50,0,0,0,0,0,,0,0,,,
9021.90,0,0,0,0,0,,0,0,,,
9022.12,0,0.1,0.025,0,0,,0,0.18,,,
9022.13,0,0.1,0.025,0,0,,0,0.18,,,
9022.14,0,0.1,0.025,0,0,,0,0.18,,,
9022.19,0,0,0.025,0,0,,0,0.18,,,
9022.21,0,0.16,0.025,0,0,,0,0.18,,,
9022.29,0,0.16,0.025,0,0,,0,0.18,,,
9022.30,0,0.16,0.025,0,0,,0,0.18,,,
9022.90,0,0.16,0.025,0,0,,0,0.18,,,
9023.00,0,0.11,0.025,0,0,,0,0.18,,,
9024.10,0,0.16,0.025,0,0,,0,0.18,,,
9024.80,0,0.16,0.025,0,0,,0,0.18,,,
9024.90,0,0.16,0.025,0,0,,0,0.18,,,
9025.11,0,0.16,0.025,0,0,,0,0.18,,,
9025.19,0,0.16,0.025,0,0,,0,0.18,,,
9025.80,0,0,0,0,0,,0,0,,,
9025.80.10,0,0.16,0.025,0,0,,0,0.18,,,
9025.80.90,0,0.16,0.025,0,0,,0,0.18,,,
9025.90,0,0.16,0.025,0,0,,0,0.18,,,
9026.10,0,0.16,0.025,0,0,,0,0.18,,,
9026.20,0,0.16,0.025,0,0,,0,0.18,,,
9026.80,0,0.16,0.025,0,0,,0,0.18,,,
9026.90,0,0.16,0.025,0,0,,0,0.18,,,
9027.10,0,0.16,0.025,0,0,,0,0.18,,,
9027.20,0,0.16,0.025,0,0,,0,0.18,,,
9027.30,0,0.16,0.025,0,0,,0,0.18,,,
9027.50,0,0.16,0.025,0,0,,0,0.18,,,
9027.81,0,0,0.025,0,0,,0,0.18,,,
9027.89,0,0,0.025,0,0,,0,0.18,,,
9027.90,0,0.16,0.025,0,0,,0,0.18,,,
9028.10,0,0.16,0.025,0,0,,0,0.18,,,
9028.20,0,0.16,0.025,0,0,,0,0.18,,,
9028.30,0,0.16,0.025,0,0,,0,0.18,,,
9028.90,0,0.16,0.025,0,0,,0,0.18,,,
9029.10,0,0,0,0,0,,0,0,,,
9029.10.10,0,0.16,0.025,0,0,,0,0.18,,,
9029.10.90,0,0.16,0.025,0,0,,0,0.18,,,
9029.20,0,0.11,0.025,0,0,,0,0.18,,,
9029.90,0,0.16,0.025,0,0,,0,0.18,,,
9030.10,0,0.16,0.025,0,0,,0,0.18,,,
9030.20,0,0,0.025,0,0,,0,0.18,,,
9030.31,0,0.11,0.025,0,0,,0,0.18,,,
9030.32,0,0.16,0.025,0,0,,0,0.18,,,
9030.33,0,0.11,0.025,0,0,,0,0.18,,,
9030.39,0,0.11,0.025,0,0,,0,0.18,,,
9030.40,0,0.16,0.025,0,0,,0,0.18,,,
9030.82,0,0.1,0.025,0,0,,0,0.18,,,
9030.84,0,0.16,0.025,0,0,,0,0.18,,,
9030.89,0,0.11,0.025,0,0,,0,0.18,,,
9030.90,0,0.16,0.025,0,0,,0,0.18,,,
9031.10,0,0.16,0.025,0,0,,0,0.18,,,
9031.20,0,0.16,0.025,0,0,,0,0.18,,,
9031.41,0,0,0.025,0,0,,0,0.18,,,
9031.49,0,0.16,0.025,0,0,,0,0.18,,,
9031.80,0,0,0.025,0,0,,0,0.18,,,
9031.90,0,0.16,0.025,0,0,,0,0.18,,,
9032.10,0,0.07,0.025,0,0,,0,0.18,,,
9032.20,0,0.11,0.025,0,0,,0,0.18,,,
9032.81,0,0.11,0.025,0,0,,0,0.18,,,
9032.89,0,0,0,0,0,,0,0,,,
9032.89.10,0,0,0,0,0,,0,0.18,,,
9032.89.90,0,0.16,0.025,0,0,,0,0.18,,,
9032.90,0,0.11,0.025,0,0,,0,0.18,,,
9033.00,0,0.11,0.025,0,0,,0,0.18,,,
9101.11,0,0,0.025,0,0,,0,0.18,,,
9101.19,0,0,0,0,0,,0,0,,,
9101.19.10,0,0,0.025,0,0,,0,0.18,,,
9101.19.90,0,0,0.025,0,0,,0,0.18,,,
9101.21,0.525,0,0.025,0,0,,0,0.18,,,
9101.29,0.525,0,0.025,0,0,,0,0.18,,,
9101.91,0,0,0.025,0,0,,0,0.18,,,
9101.99,0,0,0.025,0,0,,0,0.18,,,
9102.11,0.57,0,0.025,0,0,,0,0.18,,,
9102.12,0.525,0,0.025,0,0,,0,0.18,,,
9102.19,0.3,0,0.025,0,0,,0,0.18,,,
9102.21,0.525,0,0.025,0,0,,0,0.18,,,
9102.29,0.525,0,0.025,0,0,,0,0.18,,,
9102.91,0.525,0,0.025,0,0,,0,0.18,,,
9102.99,0.3,0,0.025,0,0,,0,0.18,,,
9103.10,0.625,0.16,0.025,0,0,,0,0.18,,,
9103.90,0.625,0.16,0.025,0,0,,0,0.18,,,
9105.11,0,0,0.025,0,0,,0,0.18,,,
9105.19,0,0,0.025,0,0,,0,0.18,,,
9105.21,0.57,0,0.025,0,0,,150,0.18,,,
9105.29,0.3,0,0.025,0,0,,150,0.18,,,
9105.91,0,0,0.025,0,0,,0,0.18,,,
9105.99,0,0,0.025,0,0,,0,0.18,,,
9106.10,0,0.16,0.025,0,0,,0,0.18,,,
9106.90,0,0.16,0.025,0,0,,0,0.18,,,
9108.11,0.45,0,0.025,0.05,0,,0,0.18,,,
9108.12,0.45,0,0.025,0.05,0,,0,0.18,,,
9108.19,0.45,0,0.025,0.05,0,,0,0.18,,,
9108.20,0.45,0.16,0.025,0.05,0,,0,0.18,,,
9108.90,0.45,0,0.025,0.05,0,,0,0.18,,,
9109.10,0.45,0.16,0.025,0.05,0,,0,0.18,,,
9109.90,0.45,0.16,0.025,0.05,0,,0,0.18,,,
9110.11,0.45,0,0.025,0.05,0,,0,0.18,,,
9110.12,0.45,0,0.025,0.05,0,,0,0.18,,,
9110.19,0.45,0,0.025,0.05,0,,0,0.18,,,
9110.90,0.45,0.16,0.025,0.05,0,,0,0.18,,,
9111.10,0.45,0,0.025,0.05,0,,0,0.18,,,
9111.20,0.45,0,0.025,0.05,0,,0,0.18,,,
9111.80,0.45,0.16,0.025,0.05,0,,0,0.18,,,
9111.90,0.3,0.16,0.025,0.05,0,,0,0.18,,,
9112.20,0,0.16,0.025,0.05,0,15% or Rs.150/ = per kg | 5% or Rs.74/ = per kg | 5% or Rs.74/ = per kg | 20% or Rs.300/ = per kg | 5% or Rs.70/= per kg,0,0.18,,,
9112.90,0,0.16,0.025,0.05,0,15% or Rs.150/ = per kg | 5% or Rs.74/ = per kg | 5% or Rs.74/ = per kg | 20% or Rs.300/ = per kg | 5% or Rs.70/= per kg,0,0.18,,,
9113.10,0.45,0,0.025,0.1,0,,0,0.18,,,
9113.20,0.45,0.16,0.025,0.1,0,,0,0.18,,,
9113.90,0.45,0.16,0.025,0.1,0,,0,0.18,,,
9114.30,0.45,0,0.025,0.05,0,,0,0.18,,,
9114.40,0.45,0,0.025,0.05,0,,0,0.18,,,
9114.90,0.45,0.16,0.025,0.05,0,,0,0.18,,,
9201.10,0.095,0.16,0.025,0,0,,0,0.18,,,
9201.20,0.095,0.16,0.025,0,0,,0,0.18,,,
9201.90,0.395,0.16,0.025,0,0,,0,0.18,,,
9202.10,0.295,0.16,0.025,0,0,,0,0.18,,,
9202.90,0.295,0.16,0.025,0,0,,0,0.18,,,
9205.10,0.095,0.16,0.025,0,0,,0,0.18,,,
9205.90,0.395,0.16,0.025,0,0,,0,0.18,,,
9206.00,0.395,0.16,0.025,0,0,,0,0.18,,,
9207.10,0.2,0.16,0.025,0,0,,0,0.18,,,
9207.90,0.395,0.16,0.025,0,0,,0,0.18,,,
9208.10,0.395,0,0.025,0,0,,0,0.18,,,
9208.90,0.395,0,0.025,0,0,,0,0.18,,,
9209.30,0,0,0.025,0,0,5% or Rs.370/= per kg | 4.5% or Rs.336/= per kg | 3.33% or Rs.114 /= per kg | 10% or Rs.250/= per kg,0,0.18,,,
9209.91,0.295,0,0.025,0,0,,0,0.18,,,
9209.92,0.295,0,0.025,0,0,,0,0.18,,,
9209.94,0.295,0,0.025,0,0,,0,0.18,,,
9209.99,0,0,0,0,0,,0,0,,,
9209.99.10,0.295,0,0.025,0,0,,0,0.18,,,
9209.99.20,0.385,0,0.025,0,0,,0,0.18,,,
9209.99.90,0.295,0.16,0.025,0,0,,0,0.18,,,
9301.10,0,0,0.025,0,0,,0,0.18,,,
9301.20,0,0,0.025,0,0,,0,0.18,,,
9301.90,0,0,0.025,0,0,,0,0.18,,,
9302.00,0.295,0,0.025,0,0,,0,0.18,,,
9303.10,0.295,0,0.025,0,0,,0,0.18,,,
9303.20,0.395,0.16,0.025,0,0,,0,0.18,,,
9303.30,0.395,0.16,0.025,0,0,,0,0.18,,,
9303.90,0.295,0,0.025,0,0,,0,0.18,,,
9304.00,0.295,0.16,0.025,0,0,,0,0.18,,,
9305.10,0.295,0.16,0.025,0,0,,0,0.18,,,
9305.20,0.295,0,0.025,0,0,,0,0.18,,,
9305.91,0.295,0,0.025,0,0,,0,0.18,,,
9305.99,0.295,0.16,0.025,0,0,,0,0.18,,,
9306.21,0,0,0.025,0,0,,0,0.18,,,
9306.29,0,0,0.025,0,0,,0,0.18,,,
9306.30,0,0.16,0.025,0,0,,0,0.18,,,
9306.90,0,0.16,0.025,0,0,,0,0.18,,,
9307.00,0,0,0.025,0,0,,0,0.18,,,
9401.10,0,0,0,0,0,,0,0,,,
9401.10.10,0,0,0.025,0,0,,0,0.18,,,
9401.10.90,0,0,0.025,0,0,,0,0.18,,,
9401.20,0,0,0,0,0,,0,0,,,
9401.20.10,0.2,0,0.025,0.05,0,,0,0.18,,,
9401.20.90,0.2,0.1,0.025,0.05,0,,0,0.18,,,
9401.31,0,0,0,0,0,,0,0,,,
9401.31.10,0.2,0,0.025,0.1,0,,0,0.18,,,
9401.31.90,0.2,0,0.025,0.1,0,,0,0.18,,,
9401.39,0,0,0,0,0,,0,0,,,
9401.39.10,0.2,0,0.025,0.1,0,,0,0.18,,,
9401.39.90,0.2,0,0.025,0.1,0,,0,0.18,,,
9401.41,0,0,0,0,0,,0,0,,,
9401.41.10,0.2,0,0.025,0.1,0,,0,0.18,,,
9401.41.90,0.2,0,0.025,0.1,0,,0,0.18,,,
9401.49,0,0,0,0,0,,0,0,,,
9401.49.10,0.2,0,0.025,0.1,0,,0,0.18,,,
9401.49.90,0.2,0,0.025,0.1,0,,0,0.18,,,
9401.52,0,0,0,0,0,,0,0,,,
9401.52.10,0.2,0,0.025,0.1,0,,0,0.18,,,
9401.52.90,0.2,0,0.025,0.1,0,,0,0.18,,,
9401.53,0,0,0,0,0,,0,0,,,
9401.53.10,0.2,0,0.025,0.1,0,,0,0.18,,,
9401.53.90,0.2,0,0.025,0.1,0,,0,0.18,,,
9401.59,0,0,0,0,0,,0,0,,,
9401.59.10,0.2,0,0.025,0.1,0,,0,0.18,,,
9401.59.90,0.2,0,0.025,0.1,0,,0,0.18,,,
9401.61,0,0,0,0,0,,0,0,,,
9401.61.10,0.2,0,0.025,0.1,0,,0,0.18,,,
9401.61.90,0.2,0.1,0.025,0.1,0,,0,0.18,,,
9401.69,0,0,0.025,0,0,,0,0,,,
9401.69.10,0.2,0,0.025,0.1,0,,0,0.18,,,
9401.69.90,0.2,0.1,0.025,0.1,0,,0,0.18,,,
9401.71,0,0,0,0,0,,0,0,,,
9401.71.10,0.2,0.1,0.025,0.1,0,,0,0.18,,,
9401.71.90,0.2,0.1,0.025,0.1,0,,0,0.18,,,
9401.79,0,0,0,0,0,,0,0,,,
9401.79.10,0.2,0,0.025,0.1,0,,0,0.18,,,
9401.79.90,0.2,0.1,0.025,0.1,0,,0,0.18,,,
9401.80,0,0,0,0,0,,0,0,,,
9401.80.10,0.2,0,0.025,0.1,0,,0,0.18,,,
9401.80.90,0.2,0.1,0.025,0.1,0,,0,0.18,,,
9401.91,0,0,0,0,0,,0,0,,,
9401.91.10,0.2,0,0.025,0.05,0,,0,0.18,,,
9401.91.90,0.2,0,0.025,0.05,0,,0,0.18,,,
9401.99,0,0,0,0,0,,0,0,,,
9401.99.10,0.2,0,0.025,0.05,0,,0,0.18,,,
9401.99.90,0.2,0,0.025,0.05,0,,0,0.18,,,
9402.10,0,0,0,0,0,,0,0,,,
9402.10.10,0,0.16,0.025,0,0,,0,0.18,,,
9402.10.90,0,0.16,0.025,0,0,,0,0.18,,,
9402.90,0,0,0,0,0,,0,0,,,
9402.90.10,0,0.16,0.025,0,0,,0,0.18,,,
9402.90.90,0,0.16,0.025,0,0,,0,0.18,,,
9403.10,0,0,0,0,0,,0,0,,,
9403.10.10,0.2,0.1,0.025,0.13,0,,0,0.18,,,
9403.10.90,0.2,0.1,0.025,0.13,0,,0,0.18,,,
9403.20,0,0,0,0,0,,0,0,,,
9403.20.10,0.2,0.1,0.025,0.13,0,,0,0.18,,,
9403.20.90,0.2,0.1,0.025,0.13,0,,0,0.18,,,
9403.30,0,0,0,0,0,,0,0.18,,,
9403.30.10,0.2,0,0.025,0.15,0,,0,0.18,,,
9403.30.90,0.2,0.1,0.025,0.15,0,,0,0.18,,,
9403.40,0,0,0,0,0,,0,0,,,
9403.40.10,0.2,0,0.025,0.3,0,,0,0.18,,,
9403.40.90,0.2,0.1,0.025,0.3,0,,0,0.18,,,
9403.50,0,0,0,0,0,,0,0,,,
9403.50.10,0.2,0,0.025,0.3,0,,0,0.18,,,
9403.50.90,0.2,0.1,0.025,0.3,0,,0,0.18,,,
9403.60,0,0,0,0,0,,0,0,,,
9403.60.10,0.2,0.1,0.025,0.3,0,,0,0.18,,,
9403.60.90,0.2,0.1,0.025,0.3,0,,0,0.18,,,
9403.70,0,0,0,0,0,,0,0,,,
9403.70.10,0.2,0,0.025,0.3,0,,0,0.18,,,
9403.70.90,0.2,0.1,0.025,0.3,0,,0,0.18,,,
9403.82,0,0,0,0,0,,0,0,,,
9403.82.10,0.2,0,0.025,0.3,0,,0,0.18,,,
9403.82.90,0.2,0,0.025,0.3,0,,0,0.18,,,
9403.83,0,0,0,0,0,,0,0,,,
9403.83.10,0.2,0,0.025,0.3,0,,0,0.18,,,
9403.83.90,0.2,0,0.025,0.3,0,,0,0.18,,,
9403.89,0,0,0,0,0,,0,0,,,
9403.89.10,0.2,0,0.025,0.3,0,,0,0.18,,,
9403.89.90,0.2,0.1,0.025,0.3,0,,0,0.18,,,
9403.91,0,0,0,0,0,,0,0,,,
9403.91.10,0.2,0,0.025,0.3,0,,0,0.18,,,
9403.91.90,0.2,0,0.025,0.3,0,,0,0.18,,,
9403.99,0,0,0,0,0,,0,0,,,
9403.99.10,0.2,0,0.025,0.3,0,,0,0.18,,,
9403.99.90,0.2,0,0.025,0.3,0,,0,0.18,,,
9404.10,0,0,0,0,0,,0,0,,,
9404.10.10,0.2,0,0.025,0.15,0,,0,0.18,,,
9404.10.90,0.2,0.1,0.025,0.15,0,,0,0.18,,,
9404.21,0,0,0,0,0,,0,0,,,
9404.21.10,0.2,0,0.025,0.15,0,,0,0.18,,,
9404.21.90,0.2,0.1,0.025,0.15,0,,0,0.18,,,
9404.29,0,0,0,0,0,,0,0,,,
9404.29.10,0.2,0,0.025,0.1,0,,0,0.18,,,
9404.29.20,0.2,0,0.025,0.1,0,,0,0.18,,,
9404.29.30,0.2,0,0.025,0.1,0,,0,0.18,,,
9404.29.90,0.2,0.1,0.025,0.1,0,,0,0.18,,,
9404.30,0,0,0,0,0,,0,0,,,
9404.30.10,0.3,0,0.025,0.1,0,,0,0.18,,,
9404.30.90,0.3,0.1,0.025,0.1,0,,0,0.18,,,
9404.40,0,0,0,0,0,,0,0,,,
9404.40.10,0.2,0,0.025,0.1,0,,0,0.18,,,
9404.40.90,0.2,0,0.025,0.1,0,,0,0.18,,,
9404.90,0,0,0,0,0,,0,0,,,
9404.90.10,0.2,0,0.025,0.1,0,,0,0.18,,,
9404.90.90,0.2,0.1,0.025,0.15,0,,0,0.18,,,
9405.11,0,0,0,0,0,,0,0,,,
9405.11.10,0,0,0.025,0.1,0,,0,0.18,,,
9405.11.90,0.5,0.135,0.025,0.1,0,,0,0.18,,,
9405.19,0,0,0,0,0,,0,0,,,
9405.19.10,0,0,0.025,0.1,0,,0,0.18,,,
9405.19.90,0.5,0,0.025,0.1,0,,0,0.18,,,
9405.21,0,0,0.025,0,0,,0,0,,,
9405.21.10,0.2,0,0.025,0.1,0,,0,0.18,,,
9405.21.90,0.5,0.135,0.025,0.1,0,,0,0.18,,,
9405.29,0,0,0.025,0,0,,0,0,,,
9405.29.10,0.2,0,0.025,0.1,0,,0,0.18,,,
9405.29.90,0.5,0,0.025,0.1,0,,0,0.18,,,
9405.31,0.2,0.135,0.025,0,0,,0,0.18,,,
9405.39,0.2,0,0.025,0,0,,0,0.18,,,
9405.41,0,0,0,0,0,,0,0,,,
9405.41.10,0.575,0.135,0.025,0.1,0,,0,0.18,,,
9405.41.20,0.575,0.135,0.025,0.1,0,,0,0.18,,,
9405.41.30,0,0,0.025,0.1,0,,0,0.18,,,
9405.41.90,0.69,0.135,0.025,0.1,0,,0,0.18,,,
9405.42,0,0,0,0,0,,0,0,,,
9405.42.10,0.575,0.135,0.025,0.1,0,,0,0.18,,,
9405.42.20,0.575,0.135,0.025,0.1,0,,0,0.18,,,
9405.42.90,0.69,0.135,0.025,0.1,0,,0,0.18,,,
9405.49,0,0,0,0,0,,0,0,,,
9405.49.10,0.575,0,0.025,0.1,0,,0,0.18,,,
9405.49.20,0.575,0,0.025,0.1,0,,0,0.18,,,
9405.49.30,0,0,0.025,0.1,0,,0,0.18,,,
9405.49.90,0.69,0,0.025,0.1,0,,0,0.18,,,
9405.50,0,0,0,0,0,,0,0,,,
9405.50.10,0,0.16,0.025,0,0,,0,0.18,,,
9405.50.20,0,0,0.025,0,0,,0,0.18,,,
9405.50.90,0.49,0.16,0.025,0.1,0,,0,0.18,,,
9405.61,0.48,0.135,0.025,0.05,0,,0,0.18,,,
9405.69,0.49,0,0.025,0.05,0,,0,0.18,,,
9405.91,0.48,0.16,0.025,0.05,0,,0,0.18,,,
9405.92,0.48,0.16,0.025,0.05,0,,0,0.18,,,
9405.99,0,0,0,0,0,,0,0,,,
9405.99.10,0.49,0,0.025,0.05,0,,0,0.18,,,
9405.99.90,0.49,0.16,0.025,0.05,0,,0,0.18,,,
9406.10,0.055,0.16,0.025,0.1,0,,0,0.18,,,
9406.20,0.055,0,0.025,0.2,0,,0,0.18,,,
9406.90,0.055,0.16,0.025,0.2,0,,0,0.18,,,
9503.00,0,0,0,0,0,,0,0,,,
9503.00.10,0.3,0.16,0.025,0.1,0,,0,0.18,,,
9503.00.20,0.3,0,0.025,0.1,0,,0,0.18,,,
9503.00.30,0.3,0.16,0.025,0.1,0,,0,0.18,,,
9503.00.40,0.4,0,0.025,0,0,,0,0.18,,,
9503.00.50,0.3,0.16,0.025,0,0,,0,0.18,,,
9503.00.60,0.495,0.16,0.025,0,0,,0,0.18,,,
9503.00.70,0.495,0.16,0.025,0,0,,0,0.18,,,
9503.00.80,0.765,0.16,0.025,0,0,,0,0.18,,,
9503.00.90,0.765,0.16,0.025,0,0,,0,0.18,,,
9504.20,0.395,0.16,0.025,0,0,,0,0.18,,,
9504.30,0,0,0,0,0,,0,0,,,
9504.30.10,0.395,0,0.025,0,0,,0,0.18,,,
9504.30.90,0.395,0.16,0.025,0,0,,0,0.18,,,
9504.40,0.4,0.16,0.025,0.1,0,,0,0.18,,,
9504.50,0.495,0.16,0.025,0,0,,0,0.18,,,
9504.90,0,0,0.025,0,0,,0,0,,,
9504.90.10,0.495,0,0.025,0,0,,0,0.18,,,
9504.90.90,0.495,0.16,0.025,0,0,,0,0.18,,,
9505.10,0.395,0.16,0.025,0,0,,0,0.18,,,
9505.90,0.395,0.16,0.025,0,0,,0,0.18,,,
9506.11,0,0,0.025,0,0,,0,0.18,,,
9506.12,0,0,0.025,0,0,,0,0.18,,,
9506.19,0,0,0.025,0,0,,0,0.18,,,
9506.21,0,0,0.025,0,0,,0,0.18,,,
9506.29,0,0,0,0,0,,0,0,,,
9506.29.10,0,0,0.025,0,0,,0,0.18,,,
9506.29.20,0,0,0.025,0,0,,0,0.18,,,
9506.29.90,0,0.16,0.025,0,0,,0,0.18,,,
9506.31,0,0,0.025,0,0,,0,0.18,,,
9506.32,0,0,0.025,0,0,,0,0.18,,,
9506.39,0,0.16,0.025,0,0,,0,0.18,,,
9506.40,0,0,0.025,0,0,,0,0.18,,,
9506.51,0,0.16,0.025,0,0,,0,0.18,,,
9506.59,0,0.16,0.025,0,0,,0,0.18,,,
9506.61,0,0.16,0.025,0,0,,0,0.18,,,
9506.62,0,0.16,0.025,0,0,,0,0.18,,,
9506.69,0,0.16,0.025,0,0,,0,0.18,,,
9506.70,0,0.16,0.025,0,0,,0,0.18,,,
9506.91,0,0.16,0.025,0,0,,0,0.18,,,
9506.99,0,0.16,0.025,0,0,,0,0.18,,,
9507.10,0,0,0.025,0,0,,0,0.18,,,
9507.20,0,0.16,0.025,0,0,,0,0.18,,,
9507.30,0,0,0.025,0,0,,0,0.18,,,
9507.90,0,0.16,0.025,0,0,,0,0.18,,,
9508.10,0.395,0,0.025,0,0,,0,0.18,,,
9508.21,0.395,0,0.025,0,0,,0,0.18,,,
9508.22,0.395,0,0.025,0,0,,0,0.18,,,
9508.23,0.395,0,0.025,0,0,,0,0.18,,,
9508.24,0.395,0,0.025,0,0,,0,0.18,,,
9508.25,0.395,0,0.025,0,0,,0,0.18,,,
9508.26,0.395,0,0.025,0,0,,0,0.18,,,
9508.29,0.395,0,0.025,0,0,,0,0.18,,,
9508.30,0.395,0,0.025,0,0,,0,0.18,,,
9508.40,0.395,0,0.025,0,0,,0,0.18,,,
9601.10,0.5,0,0.025,0,0,,0,0.18,,,
9601.90,0,0,0,0,0,,0,0,,,
9601.90.10,0,0,0.025,0,0,,0,0.18,,,
9601.90.90,0.3,0,0.025,0,0,,0,0.18,,,
9602.00,0,0,0,0,0,,0,0,,,
9602.00.10,0,0.07,0.025,0,0,,0,0.18,,,
9602.00.90,0.3,0,0.025,0,0,,0,0.18,,,
9603.10,0,0,0,0,0,,0,0,,,
9603.10.10,0.2,0,0.025,0,0,25% or Rs.100/= per unit,0,0.18,,,
9603.10.20,0.2,0.1,0.025,0,0,25% or Rs.100/= per unit,0,0.18,,,
9603.10.30,0.2,0,0.025,0,0,25% or Rs.100/= per unit,0,0.18,,,
9603.10.40,0.2,0,0.025,0,0,25% or Rs.100/= per unit,0,0.18,,,
9603.10.50,0.2,0,0.025,0,0,25% or Rs.100/= per unit,0,0.18,,,
9603.10.60,0.2,0,0.025,0,0,25% or Rs.100/= per unit,0,0.18,,,
9603.10.70,0.2,0.1,0.025,0,0,25% or Rs.100/= per unit,0,0.18,,,
9603.21,0.2,0,0.025,0,0,25% or Rs.100/= per unit,0,0.18,,,
9603.29,0.2,0.1,0.025,0,0,25% or Rs.180/= per unit,0,0.18,,,
9603.30,0.2,0.16,0.025,0,0,,0,0.18,,,
9603.40,0.2,0.1,0.025,0,0,13% or Rs.90/= per unit,0,0.18,,,
9603.50,0,0.16,0.025,0,0,,0,0.18,,,
9603.90,0,0,0.025,0,0,,0,0,,,
9603.90.10,0.2,0.1,0.025,0.05,0,,0,0.18,,,
9603.90.90,0,0.1,0.025,0.05,0,20% or Rs.140/ = per kg | 5% or Rs.25/= per kg,0,0.18,,,
9604.00,0.2,0.1,0.025,0.05,0,,0,0.18,,,
9605.00,0.68,0.16,0.025,0.1,0,,0,0.18,,,
9606.10,0.575,0.16,0.025,0,0,,0,0.18,,,
9606.21,0.575,0.16,0.025,0,0,,0,0.18,,,
9606.22,0.395,0.16,0.025,0,0,,0,0.18,,,
9606.29,0.395,0.16,0.025,0,0,,0,0.18,,,
9606.30,0.395,0.16,0.025,0,0,,0,0.18,,,
9607.11,0.395,0.16,0.025,0,0,,0,0.18,,,
9607.19,0.585,0.16,0.025,0,0,,0,0.18,,,
9607.20,0.575,0.16,0.025,0,0,,0,0.18,,,
9608.10,0,0,0,0,0,,0,0,,,
9608.10.10,0.2,0.1,0.025,0,0,20% or Rs.60/= per unit,0,0.18,,,
9608.10.90,0.2,0.1,0.025,0,0,20% or Rs.60/= per unit,0,0.18,,,
9608.20,0,0,0,0,0,,0,0,,,
9608.20.10,0.2,0.1,0.025,0,0,20% or Rs.60/= per unit,0,0.18,,,
9608.20.90,0.2,0.1,0.025,0,0,7% or Rs.60/= per unit,0,0.18,,,
9608.30,0.055,0.16,0.025,0,0,,0,0.18,,,
9608.40,0.295,0.16,0.025,0,0,,0,0.18,,,
9608.50,0.295,0.1,0.025,0,0,7% or Rs.20/= per unit,0,0.18,,,
9608.60,0,0,0,0,0,,0,0,,,
9608.60.10,0.2,0.1,0.025,0,0,10% or Rs.8/= per unit,0,0.18,,,
9608.60.90,0.2,0.1,0.025,0,0,4% or Rs.4/= per unit,0,0.18,,,
9608.91,0.395,0.16,0.025,0,0,,0,0.18,,,
9608.99,0,0,0,0,0,,0,0,,,
9608.99.10,0.2,0.1,0.025,0,0,10% or Rs.420/= per unit,0,0.18,,,
9608.99.20,0.2,0.1,0.025,0.05,0,,0,0.18,,,
9608.99.30,0.2,0,0.025,0.05,0,,0,0.18,,,
9608.99.40,0,0.16,0.025,0,0,,0,0.18,,,
9608.99.50,0,0.16,0.025,0,0,,0,0.18,,,
9608.99.90,0.2,0.1,0.025,0,0,,0,0.18,,,
9609.10,0,0,0,0,0,,0,0,,,
9609.10.10,0.2,0.1,0.025,0.1,0,,0,0.18,,,
9609.10.20,0.2,0.1,0.025,0.1,0,,0,0.18,,,
9609.10.30,0.2,0.1,0.025,0.1,0,,0,0.18,,,
9609.20,0,0,0,0,0,,0,0,,,
9609.20.10,0.3,0.1,0.025,0.1,0,,0,0.18,,,
9609.20.20,0.3,0.1,0.025,0.1,0,,0,0.18,,,
9609.90,0.3,0.1,0.025,0.1,0,,0,0.18,,,
9610.00,0.5,0.16,0.025,0,0,,0,0.18,,,
9611.00,0.2,0.1,0.025,0.05,0,,0,0.18,,,
9612.10,0.345,0.16,0.025,0,0,,0,0.18,,,
9612.20,0.345,0.16,0.025,0,0,,0,0.18,,,
9613.10,0,0.16,0.025,0.2,0,5% or Rs.19/= per kg | 5% or Rs.19/= per kg | 20% or Rs.150/= per kg,1425,0.18,,,
9613.20,0,0.16,0.025,0.2,0,5% or Rs.19/= per kg | 5% or Rs.19/= per kg | 20% or Rs.150/= per kg,1425,0.18,,,
9613.80,0.3,0.16,0.025,0.2,0,,1425,0.18,,,
9613.90,0.395,0.16,0.025,0,0,,0,0.18,,,
9614.00,0.5,0,0.025,0.1,0,,0,0.18,,,
9615.11,0.2,0.16,0.025,0,0,,0,0.18,,,
9615.19,0.2,0.16,0.025,0,0,,0,0.18,,,
9615.90,0.2,0.16,0.025,0,0,,0,0.18,,,
9616.10,0,0,0,0,0,,0,0,,,
9616.10.10,0.405,0.16,0.025,0,0,,0,0.18,,,
9616.10.90,0.325,0.16,0.025,0.1,0,,0,0.18,,,
9616.20,0.325,0.16,0.025,0.1,0,,0,0.18,,,
9617.00,0,0,0,0,0,,0,0,,,
9617.00.10,0,0.16,0.025,0,0,,0,0.18,,,
9617.00.90,0.395,0.16,0.025,0,0,,0,0.18,,,
9618.00,0.395,0.16,0.025,0,0,,0,0.18,,,
9619.00,0,0,0,0,0,,0,0,,,
9619.00.10,0,0.1,0.025,0.1,0,,0,0,,,
9619.00.20,0.2,0.1,0.025,0.1,0,,0,0.18,,,
9619.00.30,0.2,0.1,0.025,0.1,0,,0,0.18,,,
9619.00.90,0.2,0.1,0.025,0.3,0,30% or Rs.600/= per kg,0,0.18,,,
9620.00,0.2,0.16,0.025,0.05,0,,0,0.18,,,
9701.21,0.395,0,0.025,0,0,,0,0.18,,,
9701.22,0.395,0,0.025,0,0,,0,0.18,,,
9701.29,0.395,0,0.025,0,0,,0,0.18,,,
9701.91,0.395,0,0.025,0,0,,0,0.18,,,
9701.92,0.395,0,0.025,0,0,,0,0.18,,,
9701.99,0.395,0,0.025,0,0,,0,0.18,,,
9702.10,0.395,0,0.025,0,0,,0,0.18,,,
9702.90,0.395,0,0.025,0,0,,0,0.18,,,
9703.10,0.395,0,0.025,0,0,,0,0.18,,,
9703.90,0.395,0,0.025,0,0,,0,0.18,,,
9704.00,0.395,0,0.025,0,0,,0,0.18,,,
9705.10,0.295,0,0.025,0,0,,0,0.18,,,
9705.21,0.295,0,0.025,0,0,,0,0.18,,,
9705.22,0.295,0,0.025,0,0,,0,0.18,,,
9705.29,0.295,0,0.025,0,0,,0,0.18,,,
9705.31,0.295,0,0.025,0,0,,0,0.18,,,
9705.39,0.295,0,0.025,0,0,,0,0.18,,,
9706.10,0.295,0,0.025,0,0,,0,0.18,,,
9706.90,0.295,0,0.025,0,0,,0,0.18,,,
